[debug] [2025-10-13T14:08:02.517Z] Checked if tokens are valid: false, expires at: 1756814267360
[debug] [2025-10-13T14:08:02.519Z] Checked if tokens are valid: false, expires at: 1756814267360
[debug] [2025-10-13T14:08:02.519Z] > refreshing access token with scopes: []
[debug] [2025-10-13T14:08:02.520Z] >>> [apiv2][query] POST https://www.googleapis.com/oauth2/v3/token [none]
[debug] [2025-10-13T14:08:02.520Z] >>> [apiv2][body] POST https://www.googleapis.com/oauth2/v3/token [omitted]
[debug] [2025-10-13T14:08:02.542Z] Checked if tokens are valid: false, expires at: 1756814267360
[debug] [2025-10-13T14:08:02.542Z] Checked if tokens are valid: false, expires at: 1756814267360
[debug] [2025-10-13T14:08:02.542Z] > refreshing access token with scopes: []
[debug] [2025-10-13T14:08:02.543Z] >>> [apiv2][query] POST https://www.googleapis.com/oauth2/v3/token [none]
[debug] [2025-10-13T14:08:02.543Z] >>> [apiv2][body] POST https://www.googleapis.com/oauth2/v3/token [omitted]
[debug] [2025-10-13T14:08:02.544Z] Checked if tokens are valid: false, expires at: 1756814267360
[debug] [2025-10-13T14:08:02.544Z] Checked if tokens are valid: false, expires at: 1756814267360
[debug] [2025-10-13T14:08:02.544Z] > refreshing access token with scopes: []
[debug] [2025-10-13T14:08:02.544Z] >>> [apiv2][query] POST https://www.googleapis.com/oauth2/v3/token [none]
[debug] [2025-10-13T14:08:02.544Z] >>> [apiv2][body] POST https://www.googleapis.com/oauth2/v3/token [omitted]
[debug] [2025-10-13T14:08:02.545Z] Checked if tokens are valid: false, expires at: 1756814267360
[debug] [2025-10-13T14:08:02.545Z] Checked if tokens are valid: false, expires at: 1756814267360
[debug] [2025-10-13T14:08:02.545Z] > refreshing access token with scopes: []
[debug] [2025-10-13T14:08:02.545Z] >>> [apiv2][query] POST https://www.googleapis.com/oauth2/v3/token [none]
[debug] [2025-10-13T14:08:02.545Z] >>> [apiv2][body] POST https://www.googleapis.com/oauth2/v3/token [omitted]
[debug] [2025-10-13T14:08:02.546Z] Checked if tokens are valid: false, expires at: 1756814267360
[debug] [2025-10-13T14:08:02.546Z] Checked if tokens are valid: false, expires at: 1756814267360
[debug] [2025-10-13T14:08:02.546Z] > refreshing access token with scopes: []
[debug] [2025-10-13T14:08:02.546Z] >>> [apiv2][query] POST https://www.googleapis.com/oauth2/v3/token [none]
[debug] [2025-10-13T14:08:02.546Z] >>> [apiv2][body] POST https://www.googleapis.com/oauth2/v3/token [omitted]
[debug] [2025-10-13T14:08:02.547Z] Checked if tokens are valid: false, expires at: 1756814267360
[debug] [2025-10-13T14:08:02.547Z] Checked if tokens are valid: false, expires at: 1756814267360
[debug] [2025-10-13T14:08:02.547Z] > refreshing access token with scopes: []
[debug] [2025-10-13T14:08:02.547Z] >>> [apiv2][query] POST https://www.googleapis.com/oauth2/v3/token [none]
[debug] [2025-10-13T14:08:02.547Z] >>> [apiv2][body] POST https://www.googleapis.com/oauth2/v3/token [omitted]
[debug] [2025-10-13T14:08:02.547Z] Checked if tokens are valid: false, expires at: 1756814267360
[debug] [2025-10-13T14:08:02.547Z] Checked if tokens are valid: false, expires at: 1756814267360
[debug] [2025-10-13T14:08:02.547Z] > refreshing access token with scopes: []
[debug] [2025-10-13T14:08:02.547Z] >>> [apiv2][query] POST https://www.googleapis.com/oauth2/v3/token [none]
[debug] [2025-10-13T14:08:02.547Z] >>> [apiv2][body] POST https://www.googleapis.com/oauth2/v3/token [omitted]
[debug] [2025-10-13T14:08:02.548Z] Checked if tokens are valid: false, expires at: 1756814267360
[debug] [2025-10-13T14:08:02.548Z] Checked if tokens are valid: false, expires at: 1756814267360
[debug] [2025-10-13T14:08:02.548Z] > refreshing access token with scopes: []
[debug] [2025-10-13T14:08:02.548Z] >>> [apiv2][query] POST https://www.googleapis.com/oauth2/v3/token [none]
[debug] [2025-10-13T14:08:02.548Z] >>> [apiv2][body] POST https://www.googleapis.com/oauth2/v3/token [omitted]
[debug] [2025-10-13T14:08:02.549Z] Checked if tokens are valid: false, expires at: 1756814267360
[debug] [2025-10-13T14:08:02.549Z] Checked if tokens are valid: false, expires at: 1756814267360
[debug] [2025-10-13T14:08:02.549Z] > refreshing access token with scopes: []
[debug] [2025-10-13T14:08:02.549Z] >>> [apiv2][query] POST https://www.googleapis.com/oauth2/v3/token [none]
[debug] [2025-10-13T14:08:02.549Z] >>> [apiv2][body] POST https://www.googleapis.com/oauth2/v3/token [omitted]
[debug] [2025-10-13T14:08:02.561Z] Checked if tokens are valid: false, expires at: 1756814267360
[debug] [2025-10-13T14:08:02.561Z] Checked if tokens are valid: false, expires at: 1756814267360
[debug] [2025-10-13T14:08:02.561Z] > refreshing access token with scopes: []
[debug] [2025-10-13T14:08:02.561Z] >>> [apiv2][query] POST https://www.googleapis.com/oauth2/v3/token [none]
[debug] [2025-10-13T14:08:02.561Z] >>> [apiv2][body] POST https://www.googleapis.com/oauth2/v3/token [omitted]
[debug] [2025-10-13T14:08:02.562Z] Checked if tokens are valid: false, expires at: 1756814267360
[debug] [2025-10-13T14:08:02.562Z] Checked if tokens are valid: false, expires at: 1756814267360
[debug] [2025-10-13T14:08:02.562Z] > refreshing access token with scopes: []
[debug] [2025-10-13T14:08:02.562Z] >>> [apiv2][query] POST https://www.googleapis.com/oauth2/v3/token [none]
[debug] [2025-10-13T14:08:02.562Z] >>> [apiv2][body] POST https://www.googleapis.com/oauth2/v3/token [omitted]
[debug] [2025-10-13T14:08:02.563Z] Checked if tokens are valid: false, expires at: 1756814267360
[debug] [2025-10-13T14:08:02.563Z] Checked if tokens are valid: false, expires at: 1756814267360
[debug] [2025-10-13T14:08:02.563Z] > refreshing access token with scopes: []
[debug] [2025-10-13T14:08:02.563Z] >>> [apiv2][query] POST https://www.googleapis.com/oauth2/v3/token [none]
[debug] [2025-10-13T14:08:02.563Z] >>> [apiv2][body] POST https://www.googleapis.com/oauth2/v3/token [omitted]
[debug] [2025-10-13T14:08:02.564Z] Checked if tokens are valid: false, expires at: 1756814267360
[debug] [2025-10-13T14:08:02.564Z] Checked if tokens are valid: false, expires at: 1756814267360
[debug] [2025-10-13T14:08:02.564Z] > refreshing access token with scopes: []
[debug] [2025-10-13T14:08:02.564Z] >>> [apiv2][query] POST https://www.googleapis.com/oauth2/v3/token [none]
[debug] [2025-10-13T14:08:02.564Z] >>> [apiv2][body] POST https://www.googleapis.com/oauth2/v3/token [omitted]
[debug] [2025-10-13T14:08:02.564Z] Checked if tokens are valid: false, expires at: 1756814267360
[debug] [2025-10-13T14:08:02.564Z] Checked if tokens are valid: false, expires at: 1756814267360
[debug] [2025-10-13T14:08:02.564Z] > refreshing access token with scopes: []
[debug] [2025-10-13T14:08:02.564Z] >>> [apiv2][query] POST https://www.googleapis.com/oauth2/v3/token [none]
[debug] [2025-10-13T14:08:02.564Z] >>> [apiv2][body] POST https://www.googleapis.com/oauth2/v3/token [omitted]
[debug] [2025-10-13T14:08:02.565Z] Checked if tokens are valid: false, expires at: 1756814267360
[debug] [2025-10-13T14:08:02.565Z] Checked if tokens are valid: false, expires at: 1756814267360
[debug] [2025-10-13T14:08:02.565Z] > refreshing access token with scopes: []
[debug] [2025-10-13T14:08:02.565Z] >>> [apiv2][query] POST https://www.googleapis.com/oauth2/v3/token [none]
[debug] [2025-10-13T14:08:02.565Z] >>> [apiv2][body] POST https://www.googleapis.com/oauth2/v3/token [omitted]
[debug] [2025-10-13T14:08:02.565Z] Checked if tokens are valid: false, expires at: 1756814267360
[debug] [2025-10-13T14:08:02.565Z] Checked if tokens are valid: false, expires at: 1756814267360
[debug] [2025-10-13T14:08:02.565Z] > refreshing access token with scopes: []
[debug] [2025-10-13T14:08:02.565Z] >>> [apiv2][query] POST https://www.googleapis.com/oauth2/v3/token [none]
[debug] [2025-10-13T14:08:02.565Z] >>> [apiv2][body] POST https://www.googleapis.com/oauth2/v3/token [omitted]
[debug] [2025-10-13T14:08:02.566Z] Checked if tokens are valid: false, expires at: 1756814267360
[debug] [2025-10-13T14:08:02.566Z] Checked if tokens are valid: false, expires at: 1756814267360
[debug] [2025-10-13T14:08:02.566Z] > refreshing access token with scopes: []
[debug] [2025-10-13T14:08:02.566Z] >>> [apiv2][query] POST https://www.googleapis.com/oauth2/v3/token [none]
[debug] [2025-10-13T14:08:02.566Z] >>> [apiv2][body] POST https://www.googleapis.com/oauth2/v3/token [omitted]
[debug] [2025-10-13T14:08:02.566Z] Checked if tokens are valid: false, expires at: 1756814267360
[debug] [2025-10-13T14:08:02.566Z] Checked if tokens are valid: false, expires at: 1756814267360
[debug] [2025-10-13T14:08:02.566Z] > refreshing access token with scopes: []
[debug] [2025-10-13T14:08:02.566Z] >>> [apiv2][query] POST https://www.googleapis.com/oauth2/v3/token [none]
[debug] [2025-10-13T14:08:02.566Z] >>> [apiv2][body] POST https://www.googleapis.com/oauth2/v3/token [omitted]
[debug] [2025-10-13T14:08:02.659Z] <<< [apiv2][status] POST https://www.googleapis.com/oauth2/v3/token 200
[debug] [2025-10-13T14:08:02.659Z] <<< [apiv2][body] POST https://www.googleapis.com/oauth2/v3/token [omitted]
[debug] [2025-10-13T14:08:02.706Z] >>> [apiv2][query] GET https://serviceusage.googleapis.com/v1/projects/rccgplaceofvictory/services/firebaseremoteconfig.googleapis.com [none]
[debug] [2025-10-13T14:08:02.706Z] >>> [apiv2][(partial)header] GET https://serviceusage.googleapis.com/v1/projects/rccgplaceofvictory/services/firebaseremoteconfig.googleapis.com x-goog-quota-user=projects/rccgplaceofvictory
[debug] [2025-10-13T14:08:02.707Z] <<< [apiv2][status] POST https://www.googleapis.com/oauth2/v3/token 200
[debug] [2025-10-13T14:08:02.707Z] <<< [apiv2][body] POST https://www.googleapis.com/oauth2/v3/token [omitted]
[debug] [2025-10-13T14:08:02.720Z] >>> [apiv2][query] GET https://serviceusage.googleapis.com/v1/projects/rccgplaceofvictory/services/ [none]
[debug] [2025-10-13T14:08:02.720Z] >>> [apiv2][(partial)header] GET https://serviceusage.googleapis.com/v1/projects/rccgplaceofvictory/services/ x-goog-quota-user=projects/rccgplaceofvictory
[debug] [2025-10-13T14:08:02.727Z] <<< [apiv2][status] POST https://www.googleapis.com/oauth2/v3/token 200
[debug] [2025-10-13T14:08:02.727Z] <<< [apiv2][body] POST https://www.googleapis.com/oauth2/v3/token [omitted]
[debug] [2025-10-13T14:08:02.733Z] >>> [apiv2][query] GET https://serviceusage.googleapis.com/v1/projects/rccgplaceofvictory/services/firebaseio.com [none]
[debug] [2025-10-13T14:08:02.733Z] >>> [apiv2][(partial)header] GET https://serviceusage.googleapis.com/v1/projects/rccgplaceofvictory/services/firebaseio.com x-goog-quota-user=projects/rccgplaceofvictory
[debug] [2025-10-13T14:08:02.735Z] <<< [apiv2][status] POST https://www.googleapis.com/oauth2/v3/token 200
[debug] [2025-10-13T14:08:02.735Z] <<< [apiv2][body] POST https://www.googleapis.com/oauth2/v3/token [omitted]
[debug] [2025-10-13T14:08:02.739Z] >>> [apiv2][query] GET https://serviceusage.googleapis.com/v1/projects/rccgplaceofvictory/services/firebasedataconnect.googleapis.com [none]
[debug] [2025-10-13T14:08:02.739Z] >>> [apiv2][(partial)header] GET https://serviceusage.googleapis.com/v1/projects/rccgplaceofvictory/services/firebasedataconnect.googleapis.com x-goog-quota-user=projects/rccgplaceofvictory
[debug] [2025-10-13T14:08:02.740Z] <<< [apiv2][status] POST https://www.googleapis.com/oauth2/v3/token 200
[debug] [2025-10-13T14:08:02.741Z] <<< [apiv2][body] POST https://www.googleapis.com/oauth2/v3/token [omitted]
[debug] [2025-10-13T14:08:02.748Z] >>> [apiv2][query] GET https://serviceusage.googleapis.com/v1/projects/rccgplaceofvictory/services/fcm.googleapis.com [none]
[debug] [2025-10-13T14:08:02.749Z] >>> [apiv2][(partial)header] GET https://serviceusage.googleapis.com/v1/projects/rccgplaceofvictory/services/fcm.googleapis.com x-goog-quota-user=projects/rccgplaceofvictory
[debug] [2025-10-13T14:08:02.749Z] <<< [apiv2][status] POST https://www.googleapis.com/oauth2/v3/token 200
[debug] [2025-10-13T14:08:02.749Z] <<< [apiv2][body] POST https://www.googleapis.com/oauth2/v3/token [omitted]
[debug] [2025-10-13T14:08:02.754Z] >>> [apiv2][query] GET https://serviceusage.googleapis.com/v1/projects/rccgplaceofvictory/services/firebaseio.com [none]
[debug] [2025-10-13T14:08:02.754Z] >>> [apiv2][(partial)header] GET https://serviceusage.googleapis.com/v1/projects/rccgplaceofvictory/services/firebaseio.com x-goog-quota-user=projects/rccgplaceofvictory
[debug] [2025-10-13T14:08:02.755Z] <<< [apiv2][status] POST https://www.googleapis.com/oauth2/v3/token 200
[debug] [2025-10-13T14:08:02.755Z] <<< [apiv2][body] POST https://www.googleapis.com/oauth2/v3/token [omitted]
[debug] [2025-10-13T14:08:02.759Z] >>> [apiv2][query] GET https://serviceusage.googleapis.com/v1/projects/rccgplaceofvictory/services/identitytoolkit.googleapis.com [none]
[debug] [2025-10-13T14:08:02.759Z] >>> [apiv2][(partial)header] GET https://serviceusage.googleapis.com/v1/projects/rccgplaceofvictory/services/identitytoolkit.googleapis.com x-goog-quota-user=projects/rccgplaceofvictory
[debug] [2025-10-13T14:08:02.761Z] <<< [apiv2][status] POST https://www.googleapis.com/oauth2/v3/token 200
[debug] [2025-10-13T14:08:02.761Z] <<< [apiv2][body] POST https://www.googleapis.com/oauth2/v3/token [omitted]
[debug] [2025-10-13T14:08:02.766Z] >>> [apiv2][query] GET https://serviceusage.googleapis.com/v1/projects/rccgplaceofvictory/services/cloudfunctions.googleapis.com [none]
[debug] [2025-10-13T14:08:02.766Z] >>> [apiv2][(partial)header] GET https://serviceusage.googleapis.com/v1/projects/rccgplaceofvictory/services/cloudfunctions.googleapis.com x-goog-quota-user=projects/rccgplaceofvictory
[debug] [2025-10-13T14:08:02.767Z] <<< [apiv2][status] POST https://www.googleapis.com/oauth2/v3/token 200
[debug] [2025-10-13T14:08:02.767Z] <<< [apiv2][body] POST https://www.googleapis.com/oauth2/v3/token [omitted]
[debug] [2025-10-13T14:08:02.773Z] >>> [apiv2][query] GET https://serviceusage.googleapis.com/v1/projects/rccgplaceofvictory/services/firebaseremoteconfig.googleapis.com [none]
[debug] [2025-10-13T14:08:02.773Z] >>> [apiv2][(partial)header] GET https://serviceusage.googleapis.com/v1/projects/rccgplaceofvictory/services/firebaseremoteconfig.googleapis.com x-goog-quota-user=projects/rccgplaceofvictory
[debug] [2025-10-13T14:08:02.774Z] <<< [apiv2][status] POST https://www.googleapis.com/oauth2/v3/token 200
[debug] [2025-10-13T14:08:02.774Z] <<< [apiv2][body] POST https://www.googleapis.com/oauth2/v3/token [omitted]
[debug] [2025-10-13T14:08:02.779Z] >>> [apiv2][query] GET https://serviceusage.googleapis.com/v1/projects/rccgplaceofvictory/services/firebaseapphosting.googleapis.com [none]
[debug] [2025-10-13T14:08:02.779Z] >>> [apiv2][(partial)header] GET https://serviceusage.googleapis.com/v1/projects/rccgplaceofvictory/services/firebaseapphosting.googleapis.com x-goog-quota-user=projects/rccgplaceofvictory
[debug] [2025-10-13T14:08:02.781Z] <<< [apiv2][status] POST https://www.googleapis.com/oauth2/v3/token 200
[debug] [2025-10-13T14:08:02.781Z] <<< [apiv2][body] POST https://www.googleapis.com/oauth2/v3/token [omitted]
[debug] [2025-10-13T14:08:02.786Z] >>> [apiv2][query] GET https://serviceusage.googleapis.com/v1/projects/rccgplaceofvictory/services/ [none]
[debug] [2025-10-13T14:08:02.786Z] >>> [apiv2][(partial)header] GET https://serviceusage.googleapis.com/v1/projects/rccgplaceofvictory/services/ x-goog-quota-user=projects/rccgplaceofvictory
[debug] [2025-10-13T14:08:02.788Z] <<< [apiv2][status] POST https://www.googleapis.com/oauth2/v3/token 200
[debug] [2025-10-13T14:08:02.788Z] <<< [apiv2][body] POST https://www.googleapis.com/oauth2/v3/token [omitted]
[debug] [2025-10-13T14:08:02.792Z] >>> [apiv2][query] GET https://serviceusage.googleapis.com/v1/projects/rccgplaceofvictory/services/firebasedataconnect.googleapis.com [none]
[debug] [2025-10-13T14:08:02.792Z] >>> [apiv2][(partial)header] GET https://serviceusage.googleapis.com/v1/projects/rccgplaceofvictory/services/firebasedataconnect.googleapis.com x-goog-quota-user=projects/rccgplaceofvictory
[debug] [2025-10-13T14:08:02.793Z] <<< [apiv2][status] POST https://www.googleapis.com/oauth2/v3/token 200
[debug] [2025-10-13T14:08:02.793Z] <<< [apiv2][body] POST https://www.googleapis.com/oauth2/v3/token [omitted]
[debug] [2025-10-13T14:08:02.799Z] >>> [apiv2][query] GET https://serviceusage.googleapis.com/v1/projects/rccgplaceofvictory/services/firebasecrashlytics.googleapis.com [none]
[debug] [2025-10-13T14:08:02.799Z] >>> [apiv2][(partial)header] GET https://serviceusage.googleapis.com/v1/projects/rccgplaceofvictory/services/firebasecrashlytics.googleapis.com x-goog-quota-user=projects/rccgplaceofvictory
[debug] [2025-10-13T14:08:02.800Z] <<< [apiv2][status] POST https://www.googleapis.com/oauth2/v3/token 200
[debug] [2025-10-13T14:08:02.800Z] <<< [apiv2][body] POST https://www.googleapis.com/oauth2/v3/token [omitted]
[debug] [2025-10-13T14:08:02.806Z] >>> [apiv2][query] GET https://serviceusage.googleapis.com/v1/projects/rccgplaceofvictory/services/cloudfunctions.googleapis.com [none]
[debug] [2025-10-13T14:08:02.806Z] >>> [apiv2][(partial)header] GET https://serviceusage.googleapis.com/v1/projects/rccgplaceofvictory/services/cloudfunctions.googleapis.com x-goog-quota-user=projects/rccgplaceofvictory
[debug] [2025-10-13T14:08:02.807Z] <<< [apiv2][status] POST https://www.googleapis.com/oauth2/v3/token 200
[debug] [2025-10-13T14:08:02.807Z] <<< [apiv2][body] POST https://www.googleapis.com/oauth2/v3/token [omitted]
[debug] [2025-10-13T14:08:02.812Z] >>> [apiv2][query] GET https://serviceusage.googleapis.com/v1/projects/rccgplaceofvictory/services/fcm.googleapis.com [none]
[debug] [2025-10-13T14:08:02.812Z] >>> [apiv2][(partial)header] GET https://serviceusage.googleapis.com/v1/projects/rccgplaceofvictory/services/fcm.googleapis.com x-goog-quota-user=projects/rccgplaceofvictory
[debug] [2025-10-13T14:08:02.817Z] <<< [apiv2][status] POST https://www.googleapis.com/oauth2/v3/token 200
[debug] [2025-10-13T14:08:02.817Z] <<< [apiv2][body] POST https://www.googleapis.com/oauth2/v3/token [omitted]
[debug] [2025-10-13T14:08:02.824Z] >>> [apiv2][query] GET https://serviceusage.googleapis.com/v1/projects/rccgplaceofvictory/services/firebaseapphosting.googleapis.com [none]
[debug] [2025-10-13T14:08:02.824Z] >>> [apiv2][(partial)header] GET https://serviceusage.googleapis.com/v1/projects/rccgplaceofvictory/services/firebaseapphosting.googleapis.com x-goog-quota-user=projects/rccgplaceofvictory
[debug] [2025-10-13T14:08:02.824Z] <<< [apiv2][status] POST https://www.googleapis.com/oauth2/v3/token 200
[debug] [2025-10-13T14:08:02.824Z] <<< [apiv2][body] POST https://www.googleapis.com/oauth2/v3/token [omitted]
[debug] [2025-10-13T14:08:02.831Z] >>> [apiv2][query] GET https://serviceusage.googleapis.com/v1/projects/rccgplaceofvictory/services/identitytoolkit.googleapis.com [none]
[debug] [2025-10-13T14:08:02.831Z] >>> [apiv2][(partial)header] GET https://serviceusage.googleapis.com/v1/projects/rccgplaceofvictory/services/identitytoolkit.googleapis.com x-goog-quota-user=projects/rccgplaceofvictory
[debug] [2025-10-13T14:08:02.839Z] <<< [apiv2][status] POST https://www.googleapis.com/oauth2/v3/token 200
[debug] [2025-10-13T14:08:02.839Z] <<< [apiv2][body] POST https://www.googleapis.com/oauth2/v3/token [omitted]
[debug] [2025-10-13T14:08:02.844Z] >>> [apiv2][query] GET https://serviceusage.googleapis.com/v1/projects/rccgplaceofvictory/services/firebasecrashlytics.googleapis.com [none]
[debug] [2025-10-13T14:08:02.845Z] >>> [apiv2][(partial)header] GET https://serviceusage.googleapis.com/v1/projects/rccgplaceofvictory/services/firebasecrashlytics.googleapis.com x-goog-quota-user=projects/rccgplaceofvictory
[debug] [2025-10-13T14:08:03.457Z] <<< [apiv2][status] GET https://serviceusage.googleapis.com/v1/projects/rccgplaceofvictory/services/firebaseio.com 403
[debug] [2025-10-13T14:08:03.458Z] <<< [apiv2][body] GET https://serviceusage.googleapis.com/v1/projects/rccgplaceofvictory/services/firebaseio.com [omitted]
[debug] [2025-10-13T14:08:03.550Z] <<< [apiv2][status] GET https://serviceusage.googleapis.com/v1/projects/rccgplaceofvictory/services/firebasedataconnect.googleapis.com 200
[debug] [2025-10-13T14:08:03.551Z] <<< [apiv2][body] GET https://serviceusage.googleapis.com/v1/projects/rccgplaceofvictory/services/firebasedataconnect.googleapis.com [omitted]
[debug] [2025-10-13T14:08:03.561Z] <<< [apiv2][status] GET https://serviceusage.googleapis.com/v1/projects/rccgplaceofvictory/services/identitytoolkit.googleapis.com 200
[debug] [2025-10-13T14:08:03.561Z] <<< [apiv2][body] GET https://serviceusage.googleapis.com/v1/projects/rccgplaceofvictory/services/identitytoolkit.googleapis.com [omitted]
[debug] [2025-10-13T14:08:03.580Z] <<< [apiv2][status] GET https://serviceusage.googleapis.com/v1/projects/rccgplaceofvictory/services/fcm.googleapis.com 200
[debug] [2025-10-13T14:08:03.580Z] <<< [apiv2][body] GET https://serviceusage.googleapis.com/v1/projects/rccgplaceofvictory/services/fcm.googleapis.com [omitted]
[debug] [2025-10-13T14:08:03.585Z] <<< [apiv2][status] GET https://serviceusage.googleapis.com/v1/projects/rccgplaceofvictory/services/firebaseremoteconfig.googleapis.com 200
[debug] [2025-10-13T14:08:03.585Z] <<< [apiv2][body] GET https://serviceusage.googleapis.com/v1/projects/rccgplaceofvictory/services/firebaseremoteconfig.googleapis.com [omitted]
[debug] [2025-10-13T14:08:03.594Z] <<< [apiv2][status] GET https://serviceusage.googleapis.com/v1/projects/rccgplaceofvictory/services/firebaseapphosting.googleapis.com 200
[debug] [2025-10-13T14:08:03.594Z] <<< [apiv2][body] GET https://serviceusage.googleapis.com/v1/projects/rccgplaceofvictory/services/firebaseapphosting.googleapis.com [omitted]
[debug] [2025-10-13T14:08:03.612Z] <<< [apiv2][status] GET https://serviceusage.googleapis.com/v1/projects/rccgplaceofvictory/services/cloudfunctions.googleapis.com 200
[debug] [2025-10-13T14:08:03.612Z] <<< [apiv2][body] GET https://serviceusage.googleapis.com/v1/projects/rccgplaceofvictory/services/cloudfunctions.googleapis.com [omitted]
[debug] [2025-10-13T14:08:03.626Z] <<< [apiv2][status] GET https://serviceusage.googleapis.com/v1/projects/rccgplaceofvictory/services/firebasecrashlytics.googleapis.com 200
[debug] [2025-10-13T14:08:03.626Z] <<< [apiv2][body] GET https://serviceusage.googleapis.com/v1/projects/rccgplaceofvictory/services/firebasecrashlytics.googleapis.com [omitted]
[debug] [2025-10-13T14:08:03.842Z] <<< [apiv2][status] GET https://serviceusage.googleapis.com/v1/projects/rccgplaceofvictory/services/ 200
[debug] [2025-10-13T14:08:03.842Z] <<< [apiv2][body] GET https://serviceusage.googleapis.com/v1/projects/rccgplaceofvictory/services/ [omitted]
[debug] [2025-10-13T14:08:04.029Z] <<< [apiv2][status] GET https://serviceusage.googleapis.com/v1/projects/rccgplaceofvictory/services/firebaseio.com 403
[debug] [2025-10-13T14:08:04.029Z] <<< [apiv2][body] GET https://serviceusage.googleapis.com/v1/projects/rccgplaceofvictory/services/firebaseio.com [omitted]
[debug] [2025-10-13T14:08:04.278Z] <<< [apiv2][status] GET https://serviceusage.googleapis.com/v1/projects/rccgplaceofvictory/services/fcm.googleapis.com 200
[debug] [2025-10-13T14:08:04.278Z] <<< [apiv2][body] GET https://serviceusage.googleapis.com/v1/projects/rccgplaceofvictory/services/fcm.googleapis.com [omitted]
[debug] [2025-10-13T14:08:04.285Z] <<< [apiv2][status] GET https://serviceusage.googleapis.com/v1/projects/rccgplaceofvictory/services/identitytoolkit.googleapis.com 200
[debug] [2025-10-13T14:08:04.285Z] <<< [apiv2][body] GET https://serviceusage.googleapis.com/v1/projects/rccgplaceofvictory/services/identitytoolkit.googleapis.com [omitted]
[debug] [2025-10-13T14:08:04.314Z] <<< [apiv2][status] GET https://serviceusage.googleapis.com/v1/projects/rccgplaceofvictory/services/firebaseapphosting.googleapis.com 200
[debug] [2025-10-13T14:08:04.314Z] <<< [apiv2][body] GET https://serviceusage.googleapis.com/v1/projects/rccgplaceofvictory/services/firebaseapphosting.googleapis.com [omitted]
[debug] [2025-10-13T14:08:04.321Z] <<< [apiv2][status] GET https://serviceusage.googleapis.com/v1/projects/rccgplaceofvictory/services/firebaseremoteconfig.googleapis.com 200
[debug] [2025-10-13T14:08:04.321Z] <<< [apiv2][body] GET https://serviceusage.googleapis.com/v1/projects/rccgplaceofvictory/services/firebaseremoteconfig.googleapis.com [omitted]
[debug] [2025-10-13T14:08:04.326Z] <<< [apiv2][status] GET https://serviceusage.googleapis.com/v1/projects/rccgplaceofvictory/services/cloudfunctions.googleapis.com 200
[debug] [2025-10-13T14:08:04.326Z] <<< [apiv2][body] GET https://serviceusage.googleapis.com/v1/projects/rccgplaceofvictory/services/cloudfunctions.googleapis.com [omitted]
[debug] [2025-10-13T14:08:04.345Z] <<< [apiv2][status] GET https://serviceusage.googleapis.com/v1/projects/rccgplaceofvictory/services/firebasecrashlytics.googleapis.com 200
[debug] [2025-10-13T14:08:04.345Z] <<< [apiv2][body] GET https://serviceusage.googleapis.com/v1/projects/rccgplaceofvictory/services/firebasecrashlytics.googleapis.com [omitted]
[debug] [2025-10-13T14:08:04.431Z] <<< [apiv2][status] GET https://serviceusage.googleapis.com/v1/projects/rccgplaceofvictory/services/firebasedataconnect.googleapis.com 200
[debug] [2025-10-13T14:08:04.432Z] <<< [apiv2][body] GET https://serviceusage.googleapis.com/v1/projects/rccgplaceofvictory/services/firebasedataconnect.googleapis.com [omitted]
[debug] [2025-10-13T14:08:04.785Z] <<< [apiv2][status] GET https://serviceusage.googleapis.com/v1/projects/rccgplaceofvictory/services/ 200
[debug] [2025-10-13T14:08:04.785Z] <<< [apiv2][body] GET https://serviceusage.googleapis.com/v1/projects/rccgplaceofvictory/services/ [omitted]
[debug] [2025-10-13T14:08:04.818Z] > command requires scopes: ["email","openid","https://www.googleapis.com/auth/cloudplatformprojects.readonly","https://www.googleapis.com/auth/firebase","https://www.googleapis.com/auth/cloud-platform"]
[debug] [2025-10-13T14:08:04.818Z] > authorizing via signed-in user (chamellion555@gmail.com)
[debug] [2025-10-13T14:08:04.869Z] > command requires scopes: ["email","openid","https://www.googleapis.com/auth/cloudplatformprojects.readonly","https://www.googleapis.com/auth/firebase","https://www.googleapis.com/auth/cloud-platform"]
[debug] [2025-10-13T14:08:04.869Z] > authorizing via signed-in user (chamellion555@gmail.com)
[debug] [2025-10-13T14:08:45.611Z] > command requires scopes: ["email","openid","https://www.googleapis.com/auth/cloudplatformprojects.readonly","https://www.googleapis.com/auth/firebase","https://www.googleapis.com/auth/cloud-platform"]
[debug] [2025-10-13T14:08:45.611Z] > authorizing via signed-in user (chamellion555@gmail.com)
[debug] [2025-10-13T14:08:45.648Z] > command requires scopes: ["email","openid","https://www.googleapis.com/auth/cloudplatformprojects.readonly","https://www.googleapis.com/auth/firebase","https://www.googleapis.com/auth/cloud-platform"]
[debug] [2025-10-13T14:08:45.649Z] > authorizing via signed-in user (chamellion555@gmail.com)
[debug] [2025-10-13T14:10:56.706Z] Checked if tokens are valid: true, expires at: 1760368081839
[debug] [2025-10-13T14:10:56.708Z] Checked if tokens are valid: true, expires at: 1760368081839
[debug] [2025-10-13T14:10:56.708Z] Checked if tokens are valid: true, expires at: 1760368081839
[debug] [2025-10-13T14:10:56.708Z] Checked if tokens are valid: true, expires at: 1760368081839
[debug] [2025-10-13T14:10:56.708Z] Checked if tokens are valid: true, expires at: 1760368081839
[debug] [2025-10-13T14:10:56.709Z] Checked if tokens are valid: true, expires at: 1760368081839
[debug] [2025-10-13T14:10:56.709Z] Checked if tokens are valid: true, expires at: 1760368081839
[debug] [2025-10-13T14:10:56.709Z] Checked if tokens are valid: true, expires at: 1760368081839
[debug] [2025-10-13T14:10:56.709Z] Checked if tokens are valid: true, expires at: 1760368081839
[debug] [2025-10-13T14:10:56.709Z] Checked if tokens are valid: true, expires at: 1760368081839
[debug] [2025-10-13T14:10:56.709Z] Checked if tokens are valid: true, expires at: 1760368081839
[debug] [2025-10-13T14:10:56.709Z] Checked if tokens are valid: true, expires at: 1760368081839
[debug] [2025-10-13T14:10:56.710Z] >>> [apiv2][query] GET https://serviceusage.googleapis.com/v1/projects/rccgplaceofvictory/services/ [none]
[debug] [2025-10-13T14:10:56.710Z] >>> [apiv2][(partial)header] GET https://serviceusage.googleapis.com/v1/projects/rccgplaceofvictory/services/ x-goog-quota-user=projects/rccgplaceofvictory
[debug] [2025-10-13T14:10:56.732Z] >>> [apiv2][query] GET https://serviceusage.googleapis.com/v1/projects/rccgplaceofvictory/services/firebasedataconnect.googleapis.com [none]
[debug] [2025-10-13T14:10:56.732Z] >>> [apiv2][(partial)header] GET https://serviceusage.googleapis.com/v1/projects/rccgplaceofvictory/services/firebasedataconnect.googleapis.com x-goog-quota-user=projects/rccgplaceofvictory
[debug] [2025-10-13T14:10:56.733Z] >>> [apiv2][query] GET https://serviceusage.googleapis.com/v1/projects/rccgplaceofvictory/services/cloudfunctions.googleapis.com [none]
[debug] [2025-10-13T14:10:56.733Z] >>> [apiv2][(partial)header] GET https://serviceusage.googleapis.com/v1/projects/rccgplaceofvictory/services/cloudfunctions.googleapis.com x-goog-quota-user=projects/rccgplaceofvictory
[debug] [2025-10-13T14:10:56.733Z] >>> [apiv2][query] GET https://serviceusage.googleapis.com/v1/projects/rccgplaceofvictory/services/firebasecrashlytics.googleapis.com [none]
[debug] [2025-10-13T14:10:56.733Z] >>> [apiv2][(partial)header] GET https://serviceusage.googleapis.com/v1/projects/rccgplaceofvictory/services/firebasecrashlytics.googleapis.com x-goog-quota-user=projects/rccgplaceofvictory
[debug] [2025-10-13T14:10:56.734Z] >>> [apiv2][query] GET https://serviceusage.googleapis.com/v1/projects/rccgplaceofvictory/services/firebaseapphosting.googleapis.com [none]
[debug] [2025-10-13T14:10:56.734Z] >>> [apiv2][(partial)header] GET https://serviceusage.googleapis.com/v1/projects/rccgplaceofvictory/services/firebaseapphosting.googleapis.com x-goog-quota-user=projects/rccgplaceofvictory
[debug] [2025-10-13T14:10:56.734Z] >>> [apiv2][query] GET https://serviceusage.googleapis.com/v1/projects/rccgplaceofvictory/services/firebaseio.com [none]
[debug] [2025-10-13T14:10:56.734Z] >>> [apiv2][(partial)header] GET https://serviceusage.googleapis.com/v1/projects/rccgplaceofvictory/services/firebaseio.com x-goog-quota-user=projects/rccgplaceofvictory
[debug] [2025-10-13T14:10:56.744Z] Checked if tokens are valid: true, expires at: 1760368081839
[debug] [2025-10-13T14:10:56.744Z] Checked if tokens are valid: true, expires at: 1760368081839
[debug] [2025-10-13T14:10:56.744Z] Checked if tokens are valid: true, expires at: 1760368081839
[debug] [2025-10-13T14:10:56.744Z] Checked if tokens are valid: true, expires at: 1760368081839
[debug] [2025-10-13T14:10:56.744Z] Checked if tokens are valid: true, expires at: 1760368081839
[debug] [2025-10-13T14:10:56.744Z] Checked if tokens are valid: true, expires at: 1760368081839
[debug] [2025-10-13T14:10:56.744Z] Checked if tokens are valid: true, expires at: 1760368081839
[debug] [2025-10-13T14:10:56.744Z] Checked if tokens are valid: true, expires at: 1760368081839
[debug] [2025-10-13T14:10:56.745Z] Checked if tokens are valid: true, expires at: 1760368081839
[debug] [2025-10-13T14:10:56.745Z] Checked if tokens are valid: true, expires at: 1760368081839
[debug] [2025-10-13T14:10:56.745Z] Checked if tokens are valid: true, expires at: 1760368081839
[debug] [2025-10-13T14:10:56.745Z] Checked if tokens are valid: true, expires at: 1760368081839
[debug] [2025-10-13T14:10:56.745Z] >>> [apiv2][query] GET https://serviceusage.googleapis.com/v1/projects/rccgplaceofvictory/services/ [none]
[debug] [2025-10-13T14:10:56.745Z] >>> [apiv2][(partial)header] GET https://serviceusage.googleapis.com/v1/projects/rccgplaceofvictory/services/ x-goog-quota-user=projects/rccgplaceofvictory
[debug] [2025-10-13T14:10:56.745Z] >>> [apiv2][query] GET https://serviceusage.googleapis.com/v1/projects/rccgplaceofvictory/services/firebasedataconnect.googleapis.com [none]
[debug] [2025-10-13T14:10:56.745Z] >>> [apiv2][(partial)header] GET https://serviceusage.googleapis.com/v1/projects/rccgplaceofvictory/services/firebasedataconnect.googleapis.com x-goog-quota-user=projects/rccgplaceofvictory
[debug] [2025-10-13T14:10:56.746Z] >>> [apiv2][query] GET https://serviceusage.googleapis.com/v1/projects/rccgplaceofvictory/services/cloudfunctions.googleapis.com [none]
[debug] [2025-10-13T14:10:56.746Z] >>> [apiv2][(partial)header] GET https://serviceusage.googleapis.com/v1/projects/rccgplaceofvictory/services/cloudfunctions.googleapis.com x-goog-quota-user=projects/rccgplaceofvictory
[debug] [2025-10-13T14:10:56.746Z] >>> [apiv2][query] GET https://serviceusage.googleapis.com/v1/projects/rccgplaceofvictory/services/firebasecrashlytics.googleapis.com [none]
[debug] [2025-10-13T14:10:56.746Z] >>> [apiv2][(partial)header] GET https://serviceusage.googleapis.com/v1/projects/rccgplaceofvictory/services/firebasecrashlytics.googleapis.com x-goog-quota-user=projects/rccgplaceofvictory
[debug] [2025-10-13T14:10:56.747Z] >>> [apiv2][query] GET https://serviceusage.googleapis.com/v1/projects/rccgplaceofvictory/services/firebaseapphosting.googleapis.com [none]
[debug] [2025-10-13T14:10:56.747Z] >>> [apiv2][(partial)header] GET https://serviceusage.googleapis.com/v1/projects/rccgplaceofvictory/services/firebaseapphosting.googleapis.com x-goog-quota-user=projects/rccgplaceofvictory
[debug] [2025-10-13T14:10:56.747Z] >>> [apiv2][query] GET https://serviceusage.googleapis.com/v1/projects/rccgplaceofvictory/services/firebaseio.com [none]
[debug] [2025-10-13T14:10:56.747Z] >>> [apiv2][(partial)header] GET https://serviceusage.googleapis.com/v1/projects/rccgplaceofvictory/services/firebaseio.com x-goog-quota-user=projects/rccgplaceofvictory
[debug] [2025-10-13T14:10:57.569Z] <<< [apiv2][status] GET https://serviceusage.googleapis.com/v1/projects/rccgplaceofvictory/services/firebaseio.com 403
[debug] [2025-10-13T14:10:57.569Z] <<< [apiv2][body] GET https://serviceusage.googleapis.com/v1/projects/rccgplaceofvictory/services/firebaseio.com [omitted]
[debug] [2025-10-13T14:10:57.572Z] <<< [apiv2][status] GET https://serviceusage.googleapis.com/v1/projects/rccgplaceofvictory/services/firebaseio.com 403
[debug] [2025-10-13T14:10:57.572Z] <<< [apiv2][body] GET https://serviceusage.googleapis.com/v1/projects/rccgplaceofvictory/services/firebaseio.com [omitted]
[debug] [2025-10-13T14:10:57.574Z] <<< [apiv2][status] GET https://serviceusage.googleapis.com/v1/projects/rccgplaceofvictory/services/ 200
[debug] [2025-10-13T14:10:57.574Z] <<< [apiv2][body] GET https://serviceusage.googleapis.com/v1/projects/rccgplaceofvictory/services/ [omitted]
[debug] [2025-10-13T14:10:57.574Z] <<< [apiv2][status] GET https://serviceusage.googleapis.com/v1/projects/rccgplaceofvictory/services/firebaseapphosting.googleapis.com 200
[debug] [2025-10-13T14:10:57.574Z] <<< [apiv2][body] GET https://serviceusage.googleapis.com/v1/projects/rccgplaceofvictory/services/firebaseapphosting.googleapis.com [omitted]
[debug] [2025-10-13T14:10:57.575Z] <<< [apiv2][status] GET https://serviceusage.googleapis.com/v1/projects/rccgplaceofvictory/services/cloudfunctions.googleapis.com 200
[debug] [2025-10-13T14:10:57.575Z] <<< [apiv2][body] GET https://serviceusage.googleapis.com/v1/projects/rccgplaceofvictory/services/cloudfunctions.googleapis.com [omitted]
[debug] [2025-10-13T14:10:57.575Z] <<< [apiv2][status] GET https://serviceusage.googleapis.com/v1/projects/rccgplaceofvictory/services/firebaseapphosting.googleapis.com 200
[debug] [2025-10-13T14:10:57.575Z] <<< [apiv2][body] GET https://serviceusage.googleapis.com/v1/projects/rccgplaceofvictory/services/firebaseapphosting.googleapis.com [omitted]
[debug] [2025-10-13T14:10:57.576Z] <<< [apiv2][status] GET https://serviceusage.googleapis.com/v1/projects/rccgplaceofvictory/services/cloudfunctions.googleapis.com 200
[debug] [2025-10-13T14:10:57.576Z] <<< [apiv2][body] GET https://serviceusage.googleapis.com/v1/projects/rccgplaceofvictory/services/cloudfunctions.googleapis.com [omitted]
[debug] [2025-10-13T14:10:57.576Z] <<< [apiv2][status] GET https://serviceusage.googleapis.com/v1/projects/rccgplaceofvictory/services/firebasedataconnect.googleapis.com 200
[debug] [2025-10-13T14:10:57.576Z] <<< [apiv2][body] GET https://serviceusage.googleapis.com/v1/projects/rccgplaceofvictory/services/firebasedataconnect.googleapis.com [omitted]
[debug] [2025-10-13T14:10:57.577Z] <<< [apiv2][status] GET https://serviceusage.googleapis.com/v1/projects/rccgplaceofvictory/services/firebasecrashlytics.googleapis.com 200
[debug] [2025-10-13T14:10:57.577Z] <<< [apiv2][body] GET https://serviceusage.googleapis.com/v1/projects/rccgplaceofvictory/services/firebasecrashlytics.googleapis.com [omitted]
[debug] [2025-10-13T14:10:57.579Z] <<< [apiv2][status] GET https://serviceusage.googleapis.com/v1/projects/rccgplaceofvictory/services/firebasecrashlytics.googleapis.com 200
[debug] [2025-10-13T14:10:57.579Z] <<< [apiv2][body] GET https://serviceusage.googleapis.com/v1/projects/rccgplaceofvictory/services/firebasecrashlytics.googleapis.com [omitted]
[debug] [2025-10-13T14:10:57.678Z] <<< [apiv2][status] GET https://serviceusage.googleapis.com/v1/projects/rccgplaceofvictory/services/firebasedataconnect.googleapis.com 200
[debug] [2025-10-13T14:10:57.678Z] <<< [apiv2][body] GET https://serviceusage.googleapis.com/v1/projects/rccgplaceofvictory/services/firebasedataconnect.googleapis.com [omitted]
[debug] [2025-10-13T14:10:57.719Z] > command requires scopes: ["email","openid","https://www.googleapis.com/auth/cloudplatformprojects.readonly","https://www.googleapis.com/auth/firebase","https://www.googleapis.com/auth/cloud-platform"]
[debug] [2025-10-13T14:10:57.720Z] > authorizing via signed-in user (chamellion555@gmail.com)
[debug] [2025-10-13T14:10:57.750Z] <<< [apiv2][status] GET https://serviceusage.googleapis.com/v1/projects/rccgplaceofvictory/services/ 200
[debug] [2025-10-13T14:10:57.751Z] <<< [apiv2][body] GET https://serviceusage.googleapis.com/v1/projects/rccgplaceofvictory/services/ [omitted]
[debug] [2025-10-13T14:10:57.758Z] > command requires scopes: ["email","openid","https://www.googleapis.com/auth/cloudplatformprojects.readonly","https://www.googleapis.com/auth/firebase","https://www.googleapis.com/auth/cloud-platform"]
[debug] [2025-10-13T14:10:57.758Z] > authorizing via signed-in user (chamellion555@gmail.com)
[debug] [2025-10-13T14:11:55.265Z] > command requires scopes: ["email","openid","https://www.googleapis.com/auth/cloudplatformprojects.readonly","https://www.googleapis.com/auth/firebase","https://www.googleapis.com/auth/cloud-platform"]
[debug] [2025-10-13T14:11:55.266Z] > authorizing via signed-in user (chamellion555@gmail.com)
[debug] [2025-10-13T14:11:55.314Z] > command requires scopes: ["email","openid","https://www.googleapis.com/auth/cloudplatformprojects.readonly","https://www.googleapis.com/auth/firebase","https://www.googleapis.com/auth/cloud-platform"]
[debug] [2025-10-13T14:11:55.314Z] > authorizing via signed-in user (chamellion555@gmail.com)
[debug] [2025-10-13T14:13:45.134Z] > command requires scopes: ["email","openid","https://www.googleapis.com/auth/cloudplatformprojects.readonly","https://www.googleapis.com/auth/firebase","https://www.googleapis.com/auth/cloud-platform"]
[debug] [2025-10-13T14:13:45.134Z] > authorizing via signed-in user (chamellion555@gmail.com)
[debug] [2025-10-13T14:13:45.135Z] > command requires scopes: ["email","openid","https://www.googleapis.com/auth/cloudplatformprojects.readonly","https://www.googleapis.com/auth/firebase","https://www.googleapis.com/auth/cloud-platform"]
[debug] [2025-10-13T14:13:45.135Z] > authorizing via signed-in user (chamellion555@gmail.com)
[debug] [2025-10-13T14:13:45.136Z] > command requires scopes: ["email","openid","https://www.googleapis.com/auth/cloudplatformprojects.readonly","https://www.googleapis.com/auth/firebase","https://www.googleapis.com/auth/cloud-platform"]
[debug] [2025-10-13T14:13:45.136Z] > authorizing via signed-in user (chamellion555@gmail.com)
[debug] [2025-10-13T14:13:45.168Z] > command requires scopes: ["email","openid","https://www.googleapis.com/auth/cloudplatformprojects.readonly","https://www.googleapis.com/auth/firebase","https://www.googleapis.com/auth/cloud-platform"]
[debug] [2025-10-13T14:13:45.168Z] > authorizing via signed-in user (chamellion555@gmail.com)
[debug] [2025-10-13T14:13:45.169Z] > command requires scopes: ["email","openid","https://www.googleapis.com/auth/cloudplatformprojects.readonly","https://www.googleapis.com/auth/firebase","https://www.googleapis.com/auth/cloud-platform"]
[debug] [2025-10-13T14:13:45.169Z] > authorizing via signed-in user (chamellion555@gmail.com)
[debug] [2025-10-13T14:13:45.175Z] > command requires scopes: ["email","openid","https://www.googleapis.com/auth/cloudplatformprojects.readonly","https://www.googleapis.com/auth/firebase","https://www.googleapis.com/auth/cloud-platform"]
[debug] [2025-10-13T14:13:45.175Z] > authorizing via signed-in user (chamellion555@gmail.com)
[debug] [2025-10-13T14:13:48.356Z] > command requires scopes: ["email","openid","https://www.googleapis.com/auth/cloudplatformprojects.readonly","https://www.googleapis.com/auth/firebase","https://www.googleapis.com/auth/cloud-platform"]
[debug] [2025-10-13T14:13:48.356Z] > authorizing via signed-in user (chamellion555@gmail.com)
[debug] [2025-10-13T14:13:48.360Z] > command requires scopes: ["email","openid","https://www.googleapis.com/auth/cloudplatformprojects.readonly","https://www.googleapis.com/auth/firebase","https://www.googleapis.com/auth/cloud-platform"]
[debug] [2025-10-13T14:13:48.360Z] > authorizing via signed-in user (chamellion555@gmail.com)
[debug] [2025-10-13T14:13:48.394Z] > command requires scopes: ["email","openid","https://www.googleapis.com/auth/cloudplatformprojects.readonly","https://www.googleapis.com/auth/firebase","https://www.googleapis.com/auth/cloud-platform"]
[debug] [2025-10-13T14:13:48.395Z] > authorizing via signed-in user (chamellion555@gmail.com)
[debug] [2025-10-13T14:13:48.395Z] > command requires scopes: ["email","openid","https://www.googleapis.com/auth/cloudplatformprojects.readonly","https://www.googleapis.com/auth/firebase","https://www.googleapis.com/auth/cloud-platform"]
[debug] [2025-10-13T14:13:48.395Z] > authorizing via signed-in user (chamellion555@gmail.com)
[debug] [2025-10-13T14:18:16.753Z] > command requires scopes: ["email","openid","https://www.googleapis.com/auth/cloudplatformprojects.readonly","https://www.googleapis.com/auth/firebase","https://www.googleapis.com/auth/cloud-platform"]
[debug] [2025-10-13T14:18:16.754Z] > authorizing via signed-in user (chamellion555@gmail.com)
[debug] [2025-10-13T14:18:16.787Z] > command requires scopes: ["email","openid","https://www.googleapis.com/auth/cloudplatformprojects.readonly","https://www.googleapis.com/auth/firebase","https://www.googleapis.com/auth/cloud-platform"]
[debug] [2025-10-13T14:18:16.788Z] > authorizing via signed-in user (chamellion555@gmail.com)
[debug] [2025-10-13T14:18:38.280Z] > command requires scopes: ["email","openid","https://www.googleapis.com/auth/cloudplatformprojects.readonly","https://www.googleapis.com/auth/firebase","https://www.googleapis.com/auth/cloud-platform"]
[debug] [2025-10-13T14:18:38.281Z] > authorizing via signed-in user (chamellion555@gmail.com)
[debug] [2025-10-13T14:18:38.315Z] > command requires scopes: ["email","openid","https://www.googleapis.com/auth/cloudplatformprojects.readonly","https://www.googleapis.com/auth/firebase","https://www.googleapis.com/auth/cloud-platform"]
[debug] [2025-10-13T14:18:38.316Z] > authorizing via signed-in user (chamellion555@gmail.com)
[debug] [2025-10-13T14:45:31.110Z] Checked if tokens are valid: true, expires at: 1760368081839
[debug] [2025-10-13T14:45:31.111Z] Checked if tokens are valid: true, expires at: 1760368081839
[debug] [2025-10-13T14:45:31.112Z] Checked if tokens are valid: true, expires at: 1760368081839
[debug] [2025-10-13T14:45:31.112Z] Checked if tokens are valid: true, expires at: 1760368081839
[debug] [2025-10-13T14:45:31.112Z] Checked if tokens are valid: true, expires at: 1760368081839
[debug] [2025-10-13T14:45:31.112Z] Checked if tokens are valid: true, expires at: 1760368081839
[debug] [2025-10-13T14:45:31.112Z] Checked if tokens are valid: true, expires at: 1760368081839
[debug] [2025-10-13T14:45:31.112Z] Checked if tokens are valid: true, expires at: 1760368081839
[debug] [2025-10-13T14:45:31.112Z] Checked if tokens are valid: true, expires at: 1760368081839
[debug] [2025-10-13T14:45:31.112Z] Checked if tokens are valid: true, expires at: 1760368081839
[debug] [2025-10-13T14:45:31.113Z] Checked if tokens are valid: true, expires at: 1760368081839
[debug] [2025-10-13T14:45:31.113Z] Checked if tokens are valid: true, expires at: 1760368081839
[debug] [2025-10-13T14:45:31.113Z] >>> [apiv2][query] GET https://serviceusage.googleapis.com/v1/projects/rccgplaceofvictory/services/ [none]
[debug] [2025-10-13T14:45:31.113Z] >>> [apiv2][(partial)header] GET https://serviceusage.googleapis.com/v1/projects/rccgplaceofvictory/services/ x-goog-quota-user=projects/rccgplaceofvictory
[debug] [2025-10-13T14:45:31.135Z] >>> [apiv2][query] GET https://serviceusage.googleapis.com/v1/projects/rccgplaceofvictory/services/firebasedataconnect.googleapis.com [none]
[debug] [2025-10-13T14:45:31.135Z] >>> [apiv2][(partial)header] GET https://serviceusage.googleapis.com/v1/projects/rccgplaceofvictory/services/firebasedataconnect.googleapis.com x-goog-quota-user=projects/rccgplaceofvictory
[debug] [2025-10-13T14:45:31.136Z] >>> [apiv2][query] GET https://serviceusage.googleapis.com/v1/projects/rccgplaceofvictory/services/cloudfunctions.googleapis.com [none]
[debug] [2025-10-13T14:45:31.136Z] >>> [apiv2][(partial)header] GET https://serviceusage.googleapis.com/v1/projects/rccgplaceofvictory/services/cloudfunctions.googleapis.com x-goog-quota-user=projects/rccgplaceofvictory
[debug] [2025-10-13T14:45:31.137Z] >>> [apiv2][query] GET https://serviceusage.googleapis.com/v1/projects/rccgplaceofvictory/services/firebasecrashlytics.googleapis.com [none]
[debug] [2025-10-13T14:45:31.137Z] >>> [apiv2][(partial)header] GET https://serviceusage.googleapis.com/v1/projects/rccgplaceofvictory/services/firebasecrashlytics.googleapis.com x-goog-quota-user=projects/rccgplaceofvictory
[debug] [2025-10-13T14:45:31.137Z] >>> [apiv2][query] GET https://serviceusage.googleapis.com/v1/projects/rccgplaceofvictory/services/firebaseapphosting.googleapis.com [none]
[debug] [2025-10-13T14:45:31.137Z] >>> [apiv2][(partial)header] GET https://serviceusage.googleapis.com/v1/projects/rccgplaceofvictory/services/firebaseapphosting.googleapis.com x-goog-quota-user=projects/rccgplaceofvictory
[debug] [2025-10-13T14:45:31.137Z] >>> [apiv2][query] GET https://serviceusage.googleapis.com/v1/projects/rccgplaceofvictory/services/firebaseio.com [none]
[debug] [2025-10-13T14:45:31.138Z] >>> [apiv2][(partial)header] GET https://serviceusage.googleapis.com/v1/projects/rccgplaceofvictory/services/firebaseio.com x-goog-quota-user=projects/rccgplaceofvictory
[debug] [2025-10-13T14:45:31.111Z] Checked if tokens are valid: true, expires at: 1760368081839
[debug] [2025-10-13T14:45:31.148Z] Checked if tokens are valid: true, expires at: 1760368081839
[debug] [2025-10-13T14:45:31.148Z] Checked if tokens are valid: true, expires at: 1760368081839
[debug] [2025-10-13T14:45:31.148Z] Checked if tokens are valid: true, expires at: 1760368081839
[debug] [2025-10-13T14:45:31.148Z] Checked if tokens are valid: true, expires at: 1760368081839
[debug] [2025-10-13T14:45:31.149Z] Checked if tokens are valid: true, expires at: 1760368081839
[debug] [2025-10-13T14:45:31.149Z] Checked if tokens are valid: true, expires at: 1760368081839
[debug] [2025-10-13T14:45:31.149Z] Checked if tokens are valid: true, expires at: 1760368081839
[debug] [2025-10-13T14:45:31.149Z] Checked if tokens are valid: true, expires at: 1760368081839
[debug] [2025-10-13T14:45:31.149Z] Checked if tokens are valid: true, expires at: 1760368081839
[debug] [2025-10-13T14:45:31.149Z] Checked if tokens are valid: true, expires at: 1760368081839
[debug] [2025-10-13T14:45:31.149Z] Checked if tokens are valid: true, expires at: 1760368081839
[debug] [2025-10-13T14:45:31.149Z] Checked if tokens are valid: true, expires at: 1760368081839
[debug] [2025-10-13T14:45:31.149Z] >>> [apiv2][query] GET https://serviceusage.googleapis.com/v1/projects/rccgplaceofvictory/services/ [none]
[debug] [2025-10-13T14:45:31.149Z] >>> [apiv2][(partial)header] GET https://serviceusage.googleapis.com/v1/projects/rccgplaceofvictory/services/ x-goog-quota-user=projects/rccgplaceofvictory
[debug] [2025-10-13T14:45:31.149Z] >>> [apiv2][query] GET https://serviceusage.googleapis.com/v1/projects/rccgplaceofvictory/services/firebasedataconnect.googleapis.com [none]
[debug] [2025-10-13T14:45:31.150Z] >>> [apiv2][(partial)header] GET https://serviceusage.googleapis.com/v1/projects/rccgplaceofvictory/services/firebasedataconnect.googleapis.com x-goog-quota-user=projects/rccgplaceofvictory
[debug] [2025-10-13T14:45:31.150Z] >>> [apiv2][query] GET https://serviceusage.googleapis.com/v1/projects/rccgplaceofvictory/services/cloudfunctions.googleapis.com [none]
[debug] [2025-10-13T14:45:31.150Z] >>> [apiv2][(partial)header] GET https://serviceusage.googleapis.com/v1/projects/rccgplaceofvictory/services/cloudfunctions.googleapis.com x-goog-quota-user=projects/rccgplaceofvictory
[debug] [2025-10-13T14:45:31.151Z] >>> [apiv2][query] GET https://serviceusage.googleapis.com/v1/projects/rccgplaceofvictory/services/firebasecrashlytics.googleapis.com [none]
[debug] [2025-10-13T14:45:31.151Z] >>> [apiv2][(partial)header] GET https://serviceusage.googleapis.com/v1/projects/rccgplaceofvictory/services/firebasecrashlytics.googleapis.com x-goog-quota-user=projects/rccgplaceofvictory
[debug] [2025-10-13T14:45:31.152Z] >>> [apiv2][query] GET https://serviceusage.googleapis.com/v1/projects/rccgplaceofvictory/services/firebaseapphosting.googleapis.com [none]
[debug] [2025-10-13T14:45:31.152Z] >>> [apiv2][(partial)header] GET https://serviceusage.googleapis.com/v1/projects/rccgplaceofvictory/services/firebaseapphosting.googleapis.com x-goog-quota-user=projects/rccgplaceofvictory
[debug] [2025-10-13T14:45:31.152Z] >>> [apiv2][query] GET https://serviceusage.googleapis.com/v1/projects/rccgplaceofvictory/services/firebaseio.com [none]
[debug] [2025-10-13T14:45:31.152Z] >>> [apiv2][(partial)header] GET https://serviceusage.googleapis.com/v1/projects/rccgplaceofvictory/services/firebaseio.com x-goog-quota-user=projects/rccgplaceofvictory
[debug] [2025-10-13T14:45:31.154Z] Checked if tokens are valid: true, expires at: 1760368081839
[debug] [2025-10-13T14:45:31.154Z] Checked if tokens are valid: true, expires at: 1760368081839
[debug] [2025-10-13T14:45:31.154Z] Checked if tokens are valid: true, expires at: 1760368081839
[debug] [2025-10-13T14:45:31.154Z] Checked if tokens are valid: true, expires at: 1760368081839
[debug] [2025-10-13T14:45:31.154Z] Checked if tokens are valid: true, expires at: 1760368081839
[debug] [2025-10-13T14:45:31.154Z] Checked if tokens are valid: true, expires at: 1760368081839
[debug] [2025-10-13T14:45:31.154Z] Checked if tokens are valid: true, expires at: 1760368081839
[debug] [2025-10-13T14:45:31.154Z] Checked if tokens are valid: true, expires at: 1760368081839
[debug] [2025-10-13T14:45:31.154Z] Checked if tokens are valid: true, expires at: 1760368081839
[debug] [2025-10-13T14:45:31.154Z] Checked if tokens are valid: true, expires at: 1760368081839
[debug] [2025-10-13T14:45:31.154Z] Checked if tokens are valid: true, expires at: 1760368081839
[debug] [2025-10-13T14:45:31.154Z] Checked if tokens are valid: true, expires at: 1760368081839
[debug] [2025-10-13T14:45:31.154Z] >>> [apiv2][query] GET https://serviceusage.googleapis.com/v1/projects/rccgplaceofvictory/services/ [none]
[debug] [2025-10-13T14:45:31.154Z] >>> [apiv2][(partial)header] GET https://serviceusage.googleapis.com/v1/projects/rccgplaceofvictory/services/ x-goog-quota-user=projects/rccgplaceofvictory
[debug] [2025-10-13T14:45:31.155Z] >>> [apiv2][query] GET https://serviceusage.googleapis.com/v1/projects/rccgplaceofvictory/services/firebasedataconnect.googleapis.com [none]
[debug] [2025-10-13T14:45:31.155Z] >>> [apiv2][(partial)header] GET https://serviceusage.googleapis.com/v1/projects/rccgplaceofvictory/services/firebasedataconnect.googleapis.com x-goog-quota-user=projects/rccgplaceofvictory
[debug] [2025-10-13T14:45:31.155Z] >>> [apiv2][query] GET https://serviceusage.googleapis.com/v1/projects/rccgplaceofvictory/services/cloudfunctions.googleapis.com [none]
[debug] [2025-10-13T14:45:31.155Z] >>> [apiv2][(partial)header] GET https://serviceusage.googleapis.com/v1/projects/rccgplaceofvictory/services/cloudfunctions.googleapis.com x-goog-quota-user=projects/rccgplaceofvictory
[debug] [2025-10-13T14:45:31.156Z] >>> [apiv2][query] GET https://serviceusage.googleapis.com/v1/projects/rccgplaceofvictory/services/firebasecrashlytics.googleapis.com [none]
[debug] [2025-10-13T14:45:31.156Z] >>> [apiv2][(partial)header] GET https://serviceusage.googleapis.com/v1/projects/rccgplaceofvictory/services/firebasecrashlytics.googleapis.com x-goog-quota-user=projects/rccgplaceofvictory
[debug] [2025-10-13T14:45:31.156Z] >>> [apiv2][query] GET https://serviceusage.googleapis.com/v1/projects/rccgplaceofvictory/services/firebaseapphosting.googleapis.com [none]
[debug] [2025-10-13T14:45:31.156Z] >>> [apiv2][(partial)header] GET https://serviceusage.googleapis.com/v1/projects/rccgplaceofvictory/services/firebaseapphosting.googleapis.com x-goog-quota-user=projects/rccgplaceofvictory
[debug] [2025-10-13T14:45:31.156Z] >>> [apiv2][query] GET https://serviceusage.googleapis.com/v1/projects/rccgplaceofvictory/services/firebaseio.com [none]
[debug] [2025-10-13T14:45:31.156Z] >>> [apiv2][(partial)header] GET https://serviceusage.googleapis.com/v1/projects/rccgplaceofvictory/services/firebaseio.com x-goog-quota-user=projects/rccgplaceofvictory
[debug] [2025-10-13T14:45:31.872Z] Checked if tokens are valid: true, expires at: 1760368081839
[debug] [2025-10-13T14:45:31.872Z] Checked if tokens are valid: true, expires at: 1760368081839
[debug] [2025-10-13T14:45:31.872Z] Checked if tokens are valid: true, expires at: 1760368081839
[debug] [2025-10-13T14:45:31.872Z] Checked if tokens are valid: true, expires at: 1760368081839
[debug] [2025-10-13T14:45:31.872Z] Checked if tokens are valid: true, expires at: 1760368081839
[debug] [2025-10-13T14:45:31.872Z] Checked if tokens are valid: true, expires at: 1760368081839
[debug] [2025-10-13T14:45:31.873Z] Checked if tokens are valid: true, expires at: 1760368081839
[debug] [2025-10-13T14:45:31.873Z] Checked if tokens are valid: true, expires at: 1760368081839
[debug] [2025-10-13T14:45:31.873Z] Checked if tokens are valid: true, expires at: 1760368081839
[debug] [2025-10-13T14:45:31.873Z] Checked if tokens are valid: true, expires at: 1760368081839
[debug] [2025-10-13T14:45:31.873Z] Checked if tokens are valid: true, expires at: 1760368081839
[debug] [2025-10-13T14:45:31.873Z] Checked if tokens are valid: true, expires at: 1760368081839
[debug] [2025-10-13T14:45:31.873Z] >>> [apiv2][query] GET https://serviceusage.googleapis.com/v1/projects/rccgplaceofvictory/services/ [none]
[debug] [2025-10-13T14:45:31.873Z] >>> [apiv2][(partial)header] GET https://serviceusage.googleapis.com/v1/projects/rccgplaceofvictory/services/ x-goog-quota-user=projects/rccgplaceofvictory
[debug] [2025-10-13T14:45:31.874Z] >>> [apiv2][query] GET https://serviceusage.googleapis.com/v1/projects/rccgplaceofvictory/services/firebasedataconnect.googleapis.com [none]
[debug] [2025-10-13T14:45:31.874Z] >>> [apiv2][(partial)header] GET https://serviceusage.googleapis.com/v1/projects/rccgplaceofvictory/services/firebasedataconnect.googleapis.com x-goog-quota-user=projects/rccgplaceofvictory
[debug] [2025-10-13T14:45:31.875Z] >>> [apiv2][query] GET https://serviceusage.googleapis.com/v1/projects/rccgplaceofvictory/services/cloudfunctions.googleapis.com [none]
[debug] [2025-10-13T14:45:31.875Z] >>> [apiv2][(partial)header] GET https://serviceusage.googleapis.com/v1/projects/rccgplaceofvictory/services/cloudfunctions.googleapis.com x-goog-quota-user=projects/rccgplaceofvictory
[debug] [2025-10-13T14:45:31.876Z] >>> [apiv2][query] GET https://serviceusage.googleapis.com/v1/projects/rccgplaceofvictory/services/firebasecrashlytics.googleapis.com [none]
[debug] [2025-10-13T14:45:31.876Z] >>> [apiv2][(partial)header] GET https://serviceusage.googleapis.com/v1/projects/rccgplaceofvictory/services/firebasecrashlytics.googleapis.com x-goog-quota-user=projects/rccgplaceofvictory
[debug] [2025-10-13T14:45:31.876Z] >>> [apiv2][query] GET https://serviceusage.googleapis.com/v1/projects/rccgplaceofvictory/services/firebaseapphosting.googleapis.com [none]
[debug] [2025-10-13T14:45:31.877Z] >>> [apiv2][(partial)header] GET https://serviceusage.googleapis.com/v1/projects/rccgplaceofvictory/services/firebaseapphosting.googleapis.com x-goog-quota-user=projects/rccgplaceofvictory
[debug] [2025-10-13T14:45:31.877Z] >>> [apiv2][query] GET https://serviceusage.googleapis.com/v1/projects/rccgplaceofvictory/services/firebaseio.com [none]
[debug] [2025-10-13T14:45:31.877Z] >>> [apiv2][(partial)header] GET https://serviceusage.googleapis.com/v1/projects/rccgplaceofvictory/services/firebaseio.com x-goog-quota-user=projects/rccgplaceofvictory
[debug] [2025-10-13T14:45:31.879Z] Checked if tokens are valid: true, expires at: 1760368081839
[debug] [2025-10-13T14:45:31.879Z] Checked if tokens are valid: true, expires at: 1760368081839
[debug] [2025-10-13T14:45:31.879Z] Checked if tokens are valid: true, expires at: 1760368081839
[debug] [2025-10-13T14:45:31.879Z] Checked if tokens are valid: true, expires at: 1760368081839
[debug] [2025-10-13T14:45:31.879Z] Checked if tokens are valid: true, expires at: 1760368081839
[debug] [2025-10-13T14:45:31.879Z] Checked if tokens are valid: true, expires at: 1760368081839
[debug] [2025-10-13T14:45:31.880Z] Checked if tokens are valid: true, expires at: 1760368081839
[debug] [2025-10-13T14:45:31.880Z] Checked if tokens are valid: true, expires at: 1760368081839
[debug] [2025-10-13T14:45:31.880Z] Checked if tokens are valid: true, expires at: 1760368081839
[debug] [2025-10-13T14:45:31.880Z] Checked if tokens are valid: true, expires at: 1760368081839
[debug] [2025-10-13T14:45:31.880Z] Checked if tokens are valid: true, expires at: 1760368081839
[debug] [2025-10-13T14:45:31.880Z] Checked if tokens are valid: true, expires at: 1760368081839
[debug] [2025-10-13T14:45:31.880Z] >>> [apiv2][query] GET https://serviceusage.googleapis.com/v1/projects/rccgplaceofvictory/services/ [none]
[debug] [2025-10-13T14:45:31.880Z] >>> [apiv2][(partial)header] GET https://serviceusage.googleapis.com/v1/projects/rccgplaceofvictory/services/ x-goog-quota-user=projects/rccgplaceofvictory
[debug] [2025-10-13T14:45:31.880Z] >>> [apiv2][query] GET https://serviceusage.googleapis.com/v1/projects/rccgplaceofvictory/services/firebasedataconnect.googleapis.com [none]
[debug] [2025-10-13T14:45:31.880Z] >>> [apiv2][(partial)header] GET https://serviceusage.googleapis.com/v1/projects/rccgplaceofvictory/services/firebasedataconnect.googleapis.com x-goog-quota-user=projects/rccgplaceofvictory
[debug] [2025-10-13T14:45:31.881Z] >>> [apiv2][query] GET https://serviceusage.googleapis.com/v1/projects/rccgplaceofvictory/services/cloudfunctions.googleapis.com [none]
[debug] [2025-10-13T14:45:31.881Z] >>> [apiv2][(partial)header] GET https://serviceusage.googleapis.com/v1/projects/rccgplaceofvictory/services/cloudfunctions.googleapis.com x-goog-quota-user=projects/rccgplaceofvictory
[debug] [2025-10-13T14:45:31.882Z] >>> [apiv2][query] GET https://serviceusage.googleapis.com/v1/projects/rccgplaceofvictory/services/firebasecrashlytics.googleapis.com [none]
[debug] [2025-10-13T14:45:31.882Z] >>> [apiv2][(partial)header] GET https://serviceusage.googleapis.com/v1/projects/rccgplaceofvictory/services/firebasecrashlytics.googleapis.com x-goog-quota-user=projects/rccgplaceofvictory
[debug] [2025-10-13T14:45:31.883Z] >>> [apiv2][query] GET https://serviceusage.googleapis.com/v1/projects/rccgplaceofvictory/services/firebaseapphosting.googleapis.com [none]
[debug] [2025-10-13T14:45:31.885Z] >>> [apiv2][(partial)header] GET https://serviceusage.googleapis.com/v1/projects/rccgplaceofvictory/services/firebaseapphosting.googleapis.com x-goog-quota-user=projects/rccgplaceofvictory
[debug] [2025-10-13T14:45:31.888Z] >>> [apiv2][query] GET https://serviceusage.googleapis.com/v1/projects/rccgplaceofvictory/services/firebaseio.com [none]
[debug] [2025-10-13T14:45:31.888Z] >>> [apiv2][(partial)header] GET https://serviceusage.googleapis.com/v1/projects/rccgplaceofvictory/services/firebaseio.com x-goog-quota-user=projects/rccgplaceofvictory
[debug] [2025-10-13T14:45:31.916Z] Checked if tokens are valid: true, expires at: 1760368081839
[debug] [2025-10-13T14:45:31.916Z] Checked if tokens are valid: true, expires at: 1760368081839
[debug] [2025-10-13T14:45:31.916Z] Checked if tokens are valid: true, expires at: 1760368081839
[debug] [2025-10-13T14:45:31.917Z] Checked if tokens are valid: true, expires at: 1760368081839
[debug] [2025-10-13T14:45:31.917Z] Checked if tokens are valid: true, expires at: 1760368081839
[debug] [2025-10-13T14:45:31.917Z] Checked if tokens are valid: true, expires at: 1760368081839
[debug] [2025-10-13T14:45:31.917Z] Checked if tokens are valid: true, expires at: 1760368081839
[debug] [2025-10-13T14:45:31.917Z] Checked if tokens are valid: true, expires at: 1760368081839
[debug] [2025-10-13T14:45:31.917Z] Checked if tokens are valid: true, expires at: 1760368081839
[debug] [2025-10-13T14:45:31.917Z] Checked if tokens are valid: true, expires at: 1760368081839
[debug] [2025-10-13T14:45:31.917Z] Checked if tokens are valid: true, expires at: 1760368081839
[debug] [2025-10-13T14:45:31.917Z] Checked if tokens are valid: true, expires at: 1760368081839
[debug] [2025-10-13T14:45:31.917Z] Checked if tokens are valid: true, expires at: 1760368081839
[debug] [2025-10-13T14:45:31.917Z] Checked if tokens are valid: true, expires at: 1760368081839
[debug] [2025-10-13T14:45:31.917Z] Checked if tokens are valid: true, expires at: 1760368081839
[debug] [2025-10-13T14:45:31.917Z] Checked if tokens are valid: true, expires at: 1760368081839
[debug] [2025-10-13T14:45:31.917Z] Checked if tokens are valid: true, expires at: 1760368081839
[debug] [2025-10-13T14:45:31.917Z] Checked if tokens are valid: true, expires at: 1760368081839
[debug] [2025-10-13T14:45:31.917Z] Checked if tokens are valid: true, expires at: 1760368081839
[debug] [2025-10-13T14:45:31.917Z] Checked if tokens are valid: true, expires at: 1760368081839
[debug] [2025-10-13T14:45:31.917Z] Checked if tokens are valid: true, expires at: 1760368081839
[debug] [2025-10-13T14:45:31.917Z] Checked if tokens are valid: true, expires at: 1760368081839
[debug] [2025-10-13T14:45:31.917Z] Checked if tokens are valid: true, expires at: 1760368081839
[debug] [2025-10-13T14:45:31.917Z] Checked if tokens are valid: true, expires at: 1760368081839
[debug] [2025-10-13T14:45:31.917Z] Checked if tokens are valid: true, expires at: 1760368081839
[debug] [2025-10-13T14:45:31.917Z] Checked if tokens are valid: true, expires at: 1760368081839
[debug] [2025-10-13T14:45:31.917Z] Checked if tokens are valid: true, expires at: 1760368081839
[debug] [2025-10-13T14:45:31.917Z] Checked if tokens are valid: true, expires at: 1760368081839
[debug] [2025-10-13T14:45:31.917Z] Checked if tokens are valid: true, expires at: 1760368081839
[debug] [2025-10-13T14:45:31.917Z] Checked if tokens are valid: true, expires at: 1760368081839
[debug] [2025-10-13T14:45:31.917Z] Checked if tokens are valid: true, expires at: 1760368081839
[debug] [2025-10-13T14:45:31.917Z] Checked if tokens are valid: true, expires at: 1760368081839
[debug] [2025-10-13T14:45:31.917Z] Checked if tokens are valid: true, expires at: 1760368081839
[debug] [2025-10-13T14:45:31.917Z] Checked if tokens are valid: true, expires at: 1760368081839
[debug] [2025-10-13T14:45:31.918Z] Checked if tokens are valid: true, expires at: 1760368081839
[debug] [2025-10-13T14:45:31.918Z] Checked if tokens are valid: true, expires at: 1760368081839
[debug] [2025-10-13T14:45:31.918Z] >>> [apiv2][query] GET https://serviceusage.googleapis.com/v1/projects/rccgplaceofvictory/services/ [none]
[debug] [2025-10-13T14:45:31.918Z] >>> [apiv2][(partial)header] GET https://serviceusage.googleapis.com/v1/projects/rccgplaceofvictory/services/ x-goog-quota-user=projects/rccgplaceofvictory
[debug] [2025-10-13T14:45:31.918Z] >>> [apiv2][query] GET https://serviceusage.googleapis.com/v1/projects/rccgplaceofvictory/services/firebasedataconnect.googleapis.com [none]
[debug] [2025-10-13T14:45:31.918Z] >>> [apiv2][(partial)header] GET https://serviceusage.googleapis.com/v1/projects/rccgplaceofvictory/services/firebasedataconnect.googleapis.com x-goog-quota-user=projects/rccgplaceofvictory
[debug] [2025-10-13T14:45:31.918Z] >>> [apiv2][query] GET https://serviceusage.googleapis.com/v1/projects/rccgplaceofvictory/services/cloudfunctions.googleapis.com [none]
[debug] [2025-10-13T14:45:31.918Z] >>> [apiv2][(partial)header] GET https://serviceusage.googleapis.com/v1/projects/rccgplaceofvictory/services/cloudfunctions.googleapis.com x-goog-quota-user=projects/rccgplaceofvictory
[debug] [2025-10-13T14:45:31.919Z] >>> [apiv2][query] GET https://serviceusage.googleapis.com/v1/projects/rccgplaceofvictory/services/firebasecrashlytics.googleapis.com [none]
[debug] [2025-10-13T14:45:31.919Z] >>> [apiv2][(partial)header] GET https://serviceusage.googleapis.com/v1/projects/rccgplaceofvictory/services/firebasecrashlytics.googleapis.com x-goog-quota-user=projects/rccgplaceofvictory
[debug] [2025-10-13T14:45:31.919Z] >>> [apiv2][query] GET https://serviceusage.googleapis.com/v1/projects/rccgplaceofvictory/services/firebaseapphosting.googleapis.com [none]
[debug] [2025-10-13T14:45:31.919Z] >>> [apiv2][(partial)header] GET https://serviceusage.googleapis.com/v1/projects/rccgplaceofvictory/services/firebaseapphosting.googleapis.com x-goog-quota-user=projects/rccgplaceofvictory
[debug] [2025-10-13T14:45:31.919Z] >>> [apiv2][query] GET https://serviceusage.googleapis.com/v1/projects/rccgplaceofvictory/services/firebaseio.com [none]
[debug] [2025-10-13T14:45:31.919Z] >>> [apiv2][(partial)header] GET https://serviceusage.googleapis.com/v1/projects/rccgplaceofvictory/services/firebaseio.com x-goog-quota-user=projects/rccgplaceofvictory
[debug] [2025-10-13T14:45:31.919Z] >>> [apiv2][query] GET https://serviceusage.googleapis.com/v1/projects/rccgplaceofvictory/services/ [none]
[debug] [2025-10-13T14:45:31.919Z] >>> [apiv2][(partial)header] GET https://serviceusage.googleapis.com/v1/projects/rccgplaceofvictory/services/ x-goog-quota-user=projects/rccgplaceofvictory
[debug] [2025-10-13T14:45:31.920Z] >>> [apiv2][query] GET https://serviceusage.googleapis.com/v1/projects/rccgplaceofvictory/services/firebasedataconnect.googleapis.com [none]
[debug] [2025-10-13T14:45:31.920Z] >>> [apiv2][(partial)header] GET https://serviceusage.googleapis.com/v1/projects/rccgplaceofvictory/services/firebasedataconnect.googleapis.com x-goog-quota-user=projects/rccgplaceofvictory
[debug] [2025-10-13T14:45:31.920Z] >>> [apiv2][query] GET https://serviceusage.googleapis.com/v1/projects/rccgplaceofvictory/services/cloudfunctions.googleapis.com [none]
[debug] [2025-10-13T14:45:31.920Z] >>> [apiv2][(partial)header] GET https://serviceusage.googleapis.com/v1/projects/rccgplaceofvictory/services/cloudfunctions.googleapis.com x-goog-quota-user=projects/rccgplaceofvictory
[debug] [2025-10-13T14:45:31.920Z] >>> [apiv2][query] GET https://serviceusage.googleapis.com/v1/projects/rccgplaceofvictory/services/firebasecrashlytics.googleapis.com [none]
[debug] [2025-10-13T14:45:31.921Z] >>> [apiv2][(partial)header] GET https://serviceusage.googleapis.com/v1/projects/rccgplaceofvictory/services/firebasecrashlytics.googleapis.com x-goog-quota-user=projects/rccgplaceofvictory
[debug] [2025-10-13T14:45:31.921Z] >>> [apiv2][query] GET https://serviceusage.googleapis.com/v1/projects/rccgplaceofvictory/services/firebaseapphosting.googleapis.com [none]
[debug] [2025-10-13T14:45:31.921Z] >>> [apiv2][(partial)header] GET https://serviceusage.googleapis.com/v1/projects/rccgplaceofvictory/services/firebaseapphosting.googleapis.com x-goog-quota-user=projects/rccgplaceofvictory
[debug] [2025-10-13T14:45:31.921Z] >>> [apiv2][query] GET https://serviceusage.googleapis.com/v1/projects/rccgplaceofvictory/services/firebaseio.com [none]
[debug] [2025-10-13T14:45:31.921Z] >>> [apiv2][(partial)header] GET https://serviceusage.googleapis.com/v1/projects/rccgplaceofvictory/services/firebaseio.com x-goog-quota-user=projects/rccgplaceofvictory
[debug] [2025-10-13T14:45:31.922Z] >>> [apiv2][query] GET https://serviceusage.googleapis.com/v1/projects/rccgplaceofvictory/services/ [none]
[debug] [2025-10-13T14:45:31.922Z] >>> [apiv2][(partial)header] GET https://serviceusage.googleapis.com/v1/projects/rccgplaceofvictory/services/ x-goog-quota-user=projects/rccgplaceofvictory
[debug] [2025-10-13T14:45:31.922Z] >>> [apiv2][query] GET https://serviceusage.googleapis.com/v1/projects/rccgplaceofvictory/services/firebasedataconnect.googleapis.com [none]
[debug] [2025-10-13T14:45:31.922Z] >>> [apiv2][(partial)header] GET https://serviceusage.googleapis.com/v1/projects/rccgplaceofvictory/services/firebasedataconnect.googleapis.com x-goog-quota-user=projects/rccgplaceofvictory
[debug] [2025-10-13T14:45:31.922Z] >>> [apiv2][query] GET https://serviceusage.googleapis.com/v1/projects/rccgplaceofvictory/services/cloudfunctions.googleapis.com [none]
[debug] [2025-10-13T14:45:31.922Z] >>> [apiv2][(partial)header] GET https://serviceusage.googleapis.com/v1/projects/rccgplaceofvictory/services/cloudfunctions.googleapis.com x-goog-quota-user=projects/rccgplaceofvictory
[debug] [2025-10-13T14:45:31.923Z] >>> [apiv2][query] GET https://serviceusage.googleapis.com/v1/projects/rccgplaceofvictory/services/firebasecrashlytics.googleapis.com [none]
[debug] [2025-10-13T14:45:31.923Z] >>> [apiv2][(partial)header] GET https://serviceusage.googleapis.com/v1/projects/rccgplaceofvictory/services/firebasecrashlytics.googleapis.com x-goog-quota-user=projects/rccgplaceofvictory
[debug] [2025-10-13T14:45:31.923Z] >>> [apiv2][query] GET https://serviceusage.googleapis.com/v1/projects/rccgplaceofvictory/services/firebaseapphosting.googleapis.com [none]
[debug] [2025-10-13T14:45:31.923Z] >>> [apiv2][(partial)header] GET https://serviceusage.googleapis.com/v1/projects/rccgplaceofvictory/services/firebaseapphosting.googleapis.com x-goog-quota-user=projects/rccgplaceofvictory
[debug] [2025-10-13T14:45:31.923Z] >>> [apiv2][query] GET https://serviceusage.googleapis.com/v1/projects/rccgplaceofvictory/services/firebaseio.com [none]
[debug] [2025-10-13T14:45:31.923Z] >>> [apiv2][(partial)header] GET https://serviceusage.googleapis.com/v1/projects/rccgplaceofvictory/services/firebaseio.com x-goog-quota-user=projects/rccgplaceofvictory
[debug] [2025-10-13T14:45:31.934Z] <<< [apiv2][status] GET https://serviceusage.googleapis.com/v1/projects/rccgplaceofvictory/services/firebaseio.com 403
[debug] [2025-10-13T14:45:31.934Z] <<< [apiv2][body] GET https://serviceusage.googleapis.com/v1/projects/rccgplaceofvictory/services/firebaseio.com [omitted]
[debug] [2025-10-13T14:45:32.049Z] <<< [apiv2][status] GET https://serviceusage.googleapis.com/v1/projects/rccgplaceofvictory/services/firebaseapphosting.googleapis.com 200
[debug] [2025-10-13T14:45:32.049Z] <<< [apiv2][body] GET https://serviceusage.googleapis.com/v1/projects/rccgplaceofvictory/services/firebaseapphosting.googleapis.com [omitted]
[debug] [2025-10-13T14:45:32.051Z] <<< [apiv2][status] GET https://serviceusage.googleapis.com/v1/projects/rccgplaceofvictory/services/firebasecrashlytics.googleapis.com 200
[debug] [2025-10-13T14:45:32.052Z] <<< [apiv2][body] GET https://serviceusage.googleapis.com/v1/projects/rccgplaceofvictory/services/firebasecrashlytics.googleapis.com [omitted]
[debug] [2025-10-13T14:45:32.095Z] <<< [apiv2][status] GET https://serviceusage.googleapis.com/v1/projects/rccgplaceofvictory/services/firebasedataconnect.googleapis.com 200
[debug] [2025-10-13T14:45:32.095Z] <<< [apiv2][body] GET https://serviceusage.googleapis.com/v1/projects/rccgplaceofvictory/services/firebasedataconnect.googleapis.com [omitted]
[debug] [2025-10-13T14:45:32.107Z] <<< [apiv2][status] GET https://serviceusage.googleapis.com/v1/projects/rccgplaceofvictory/services/cloudfunctions.googleapis.com 200
[debug] [2025-10-13T14:45:32.107Z] <<< [apiv2][body] GET https://serviceusage.googleapis.com/v1/projects/rccgplaceofvictory/services/cloudfunctions.googleapis.com [omitted]
[debug] [2025-10-13T14:45:32.235Z] <<< [apiv2][status] GET https://serviceusage.googleapis.com/v1/projects/rccgplaceofvictory/services/ 200
[debug] [2025-10-13T14:45:32.235Z] <<< [apiv2][body] GET https://serviceusage.googleapis.com/v1/projects/rccgplaceofvictory/services/ [omitted]
[debug] [2025-10-13T14:45:32.514Z] <<< [apiv2][status] GET https://serviceusage.googleapis.com/v1/projects/rccgplaceofvictory/services/firebaseio.com 403
[debug] [2025-10-13T14:45:32.514Z] <<< [apiv2][body] GET https://serviceusage.googleapis.com/v1/projects/rccgplaceofvictory/services/firebaseio.com [omitted]
[debug] [2025-10-13T14:45:32.515Z] <<< [apiv2][status] GET https://serviceusage.googleapis.com/v1/projects/rccgplaceofvictory/services/firebaseio.com 403
[debug] [2025-10-13T14:45:32.515Z] <<< [apiv2][body] GET https://serviceusage.googleapis.com/v1/projects/rccgplaceofvictory/services/firebaseio.com [omitted]
[debug] [2025-10-13T14:45:32.538Z] <<< [apiv2][status] GET https://serviceusage.googleapis.com/v1/projects/rccgplaceofvictory/services/cloudfunctions.googleapis.com 200
[debug] [2025-10-13T14:45:32.539Z] <<< [apiv2][body] GET https://serviceusage.googleapis.com/v1/projects/rccgplaceofvictory/services/cloudfunctions.googleapis.com [omitted]
[debug] [2025-10-13T14:45:32.609Z] <<< [apiv2][status] GET https://serviceusage.googleapis.com/v1/projects/rccgplaceofvictory/services/firebaseio.com 403
[debug] [2025-10-13T14:45:32.609Z] <<< [apiv2][body] GET https://serviceusage.googleapis.com/v1/projects/rccgplaceofvictory/services/firebaseio.com [omitted]
[debug] [2025-10-13T14:45:32.614Z] <<< [apiv2][status] GET https://serviceusage.googleapis.com/v1/projects/rccgplaceofvictory/services/firebaseio.com 403
[debug] [2025-10-13T14:45:32.614Z] <<< [apiv2][body] GET https://serviceusage.googleapis.com/v1/projects/rccgplaceofvictory/services/firebaseio.com [omitted]
[debug] [2025-10-13T14:45:32.631Z] <<< [apiv2][status] GET https://serviceusage.googleapis.com/v1/projects/rccgplaceofvictory/services/firebaseio.com 403
[debug] [2025-10-13T14:45:32.631Z] <<< [apiv2][body] GET https://serviceusage.googleapis.com/v1/projects/rccgplaceofvictory/services/firebaseio.com [omitted]
[debug] [2025-10-13T14:45:32.631Z] <<< [apiv2][status] GET https://serviceusage.googleapis.com/v1/projects/rccgplaceofvictory/services/firebaseio.com 403
[debug] [2025-10-13T14:45:32.631Z] <<< [apiv2][body] GET https://serviceusage.googleapis.com/v1/projects/rccgplaceofvictory/services/firebaseio.com [omitted]
[debug] [2025-10-13T14:45:32.649Z] <<< [apiv2][status] GET https://serviceusage.googleapis.com/v1/projects/rccgplaceofvictory/services/firebaseio.com 403
[debug] [2025-10-13T14:45:32.649Z] <<< [apiv2][body] GET https://serviceusage.googleapis.com/v1/projects/rccgplaceofvictory/services/firebaseio.com [omitted]
[debug] [2025-10-13T14:45:32.741Z] <<< [apiv2][status] GET https://serviceusage.googleapis.com/v1/projects/rccgplaceofvictory/services/firebasecrashlytics.googleapis.com 200
[debug] [2025-10-13T14:45:32.741Z] <<< [apiv2][body] GET https://serviceusage.googleapis.com/v1/projects/rccgplaceofvictory/services/firebasecrashlytics.googleapis.com [omitted]
[debug] [2025-10-13T14:45:32.752Z] <<< [apiv2][status] GET https://serviceusage.googleapis.com/v1/projects/rccgplaceofvictory/services/firebasecrashlytics.googleapis.com 200
[debug] [2025-10-13T14:45:32.752Z] <<< [apiv2][body] GET https://serviceusage.googleapis.com/v1/projects/rccgplaceofvictory/services/firebasecrashlytics.googleapis.com [omitted]
[debug] [2025-10-13T14:45:32.760Z] <<< [apiv2][status] GET https://serviceusage.googleapis.com/v1/projects/rccgplaceofvictory/services/firebaseapphosting.googleapis.com 200
[debug] [2025-10-13T14:45:32.760Z] <<< [apiv2][body] GET https://serviceusage.googleapis.com/v1/projects/rccgplaceofvictory/services/firebaseapphosting.googleapis.com [omitted]
[debug] [2025-10-13T14:45:32.762Z] <<< [apiv2][status] GET https://serviceusage.googleapis.com/v1/projects/rccgplaceofvictory/services/firebaseapphosting.googleapis.com 200
[debug] [2025-10-13T14:45:32.762Z] <<< [apiv2][body] GET https://serviceusage.googleapis.com/v1/projects/rccgplaceofvictory/services/firebaseapphosting.googleapis.com [omitted]
[debug] [2025-10-13T14:45:32.767Z] <<< [apiv2][status] GET https://serviceusage.googleapis.com/v1/projects/rccgplaceofvictory/services/firebaseapphosting.googleapis.com 200
[debug] [2025-10-13T14:45:32.767Z] <<< [apiv2][body] GET https://serviceusage.googleapis.com/v1/projects/rccgplaceofvictory/services/firebaseapphosting.googleapis.com [omitted]
[debug] [2025-10-13T14:45:32.768Z] <<< [apiv2][status] GET https://serviceusage.googleapis.com/v1/projects/rccgplaceofvictory/services/firebaseapphosting.googleapis.com 200
[debug] [2025-10-13T14:45:32.768Z] <<< [apiv2][body] GET https://serviceusage.googleapis.com/v1/projects/rccgplaceofvictory/services/firebaseapphosting.googleapis.com [omitted]
[debug] [2025-10-13T14:45:32.770Z] <<< [apiv2][status] GET https://serviceusage.googleapis.com/v1/projects/rccgplaceofvictory/services/firebasecrashlytics.googleapis.com 200
[debug] [2025-10-13T14:45:32.770Z] <<< [apiv2][body] GET https://serviceusage.googleapis.com/v1/projects/rccgplaceofvictory/services/firebasecrashlytics.googleapis.com [omitted]
[debug] [2025-10-13T14:45:32.771Z] <<< [apiv2][status] GET https://serviceusage.googleapis.com/v1/projects/rccgplaceofvictory/services/firebasecrashlytics.googleapis.com 200
[debug] [2025-10-13T14:45:32.771Z] <<< [apiv2][body] GET https://serviceusage.googleapis.com/v1/projects/rccgplaceofvictory/services/firebasecrashlytics.googleapis.com [omitted]
[debug] [2025-10-13T14:45:32.771Z] <<< [apiv2][status] GET https://serviceusage.googleapis.com/v1/projects/rccgplaceofvictory/services/firebaseapphosting.googleapis.com 200
[debug] [2025-10-13T14:45:32.771Z] <<< [apiv2][body] GET https://serviceusage.googleapis.com/v1/projects/rccgplaceofvictory/services/firebaseapphosting.googleapis.com [omitted]
[debug] [2025-10-13T14:45:32.772Z] <<< [apiv2][status] GET https://serviceusage.googleapis.com/v1/projects/rccgplaceofvictory/services/firebaseapphosting.googleapis.com 200
[debug] [2025-10-13T14:45:32.772Z] <<< [apiv2][body] GET https://serviceusage.googleapis.com/v1/projects/rccgplaceofvictory/services/firebaseapphosting.googleapis.com [omitted]
[debug] [2025-10-13T14:45:32.775Z] <<< [apiv2][status] GET https://serviceusage.googleapis.com/v1/projects/rccgplaceofvictory/services/firebasecrashlytics.googleapis.com 200
[debug] [2025-10-13T14:45:32.775Z] <<< [apiv2][body] GET https://serviceusage.googleapis.com/v1/projects/rccgplaceofvictory/services/firebasecrashlytics.googleapis.com [omitted]
[debug] [2025-10-13T14:45:32.776Z] <<< [apiv2][status] GET https://serviceusage.googleapis.com/v1/projects/rccgplaceofvictory/services/firebasedataconnect.googleapis.com 200
[debug] [2025-10-13T14:45:32.776Z] <<< [apiv2][body] GET https://serviceusage.googleapis.com/v1/projects/rccgplaceofvictory/services/firebasedataconnect.googleapis.com [omitted]
[debug] [2025-10-13T14:45:32.776Z] <<< [apiv2][status] GET https://serviceusage.googleapis.com/v1/projects/rccgplaceofvictory/services/firebaseapphosting.googleapis.com 200
[debug] [2025-10-13T14:45:32.776Z] <<< [apiv2][body] GET https://serviceusage.googleapis.com/v1/projects/rccgplaceofvictory/services/firebaseapphosting.googleapis.com [omitted]
[debug] [2025-10-13T14:45:32.779Z] <<< [apiv2][status] GET https://serviceusage.googleapis.com/v1/projects/rccgplaceofvictory/services/firebasecrashlytics.googleapis.com 200
[debug] [2025-10-13T14:45:32.779Z] <<< [apiv2][body] GET https://serviceusage.googleapis.com/v1/projects/rccgplaceofvictory/services/firebasecrashlytics.googleapis.com [omitted]
[debug] [2025-10-13T14:45:32.779Z] <<< [apiv2][status] GET https://serviceusage.googleapis.com/v1/projects/rccgplaceofvictory/services/firebasedataconnect.googleapis.com 200
[debug] [2025-10-13T14:45:32.779Z] <<< [apiv2][body] GET https://serviceusage.googleapis.com/v1/projects/rccgplaceofvictory/services/firebasedataconnect.googleapis.com [omitted]
[debug] [2025-10-13T14:45:32.785Z] <<< [apiv2][status] GET https://serviceusage.googleapis.com/v1/projects/rccgplaceofvictory/services/firebasecrashlytics.googleapis.com 200
[debug] [2025-10-13T14:45:32.785Z] <<< [apiv2][body] GET https://serviceusage.googleapis.com/v1/projects/rccgplaceofvictory/services/firebasecrashlytics.googleapis.com [omitted]
[debug] [2025-10-13T14:45:32.785Z] <<< [apiv2][status] GET https://serviceusage.googleapis.com/v1/projects/rccgplaceofvictory/services/firebasedataconnect.googleapis.com 200
[debug] [2025-10-13T14:45:32.785Z] <<< [apiv2][body] GET https://serviceusage.googleapis.com/v1/projects/rccgplaceofvictory/services/firebasedataconnect.googleapis.com [omitted]
[debug] [2025-10-13T14:45:32.813Z] <<< [apiv2][status] GET https://serviceusage.googleapis.com/v1/projects/rccgplaceofvictory/services/firebasedataconnect.googleapis.com 200
[debug] [2025-10-13T14:45:32.813Z] <<< [apiv2][body] GET https://serviceusage.googleapis.com/v1/projects/rccgplaceofvictory/services/firebasedataconnect.googleapis.com [omitted]
[debug] [2025-10-13T14:45:32.815Z] <<< [apiv2][status] GET https://serviceusage.googleapis.com/v1/projects/rccgplaceofvictory/services/firebasedataconnect.googleapis.com 200
[debug] [2025-10-13T14:45:32.815Z] <<< [apiv2][body] GET https://serviceusage.googleapis.com/v1/projects/rccgplaceofvictory/services/firebasedataconnect.googleapis.com [omitted]
[debug] [2025-10-13T14:45:32.821Z] <<< [apiv2][status] GET https://serviceusage.googleapis.com/v1/projects/rccgplaceofvictory/services/firebasedataconnect.googleapis.com 200
[debug] [2025-10-13T14:45:32.821Z] <<< [apiv2][body] GET https://serviceusage.googleapis.com/v1/projects/rccgplaceofvictory/services/firebasedataconnect.googleapis.com [omitted]
[debug] [2025-10-13T14:45:32.827Z] <<< [apiv2][status] GET https://serviceusage.googleapis.com/v1/projects/rccgplaceofvictory/services/cloudfunctions.googleapis.com 200
[debug] [2025-10-13T14:45:32.827Z] <<< [apiv2][body] GET https://serviceusage.googleapis.com/v1/projects/rccgplaceofvictory/services/cloudfunctions.googleapis.com [omitted]
[debug] [2025-10-13T14:45:32.833Z] <<< [apiv2][status] GET https://serviceusage.googleapis.com/v1/projects/rccgplaceofvictory/services/cloudfunctions.googleapis.com 200
[debug] [2025-10-13T14:45:32.833Z] <<< [apiv2][body] GET https://serviceusage.googleapis.com/v1/projects/rccgplaceofvictory/services/cloudfunctions.googleapis.com [omitted]
[debug] [2025-10-13T14:45:32.836Z] <<< [apiv2][status] GET https://serviceusage.googleapis.com/v1/projects/rccgplaceofvictory/services/cloudfunctions.googleapis.com 200
[debug] [2025-10-13T14:45:32.836Z] <<< [apiv2][body] GET https://serviceusage.googleapis.com/v1/projects/rccgplaceofvictory/services/cloudfunctions.googleapis.com [omitted]
[debug] [2025-10-13T14:45:32.837Z] <<< [apiv2][status] GET https://serviceusage.googleapis.com/v1/projects/rccgplaceofvictory/services/cloudfunctions.googleapis.com 200
[debug] [2025-10-13T14:45:32.837Z] <<< [apiv2][body] GET https://serviceusage.googleapis.com/v1/projects/rccgplaceofvictory/services/cloudfunctions.googleapis.com [omitted]
[debug] [2025-10-13T14:45:32.837Z] <<< [apiv2][status] GET https://serviceusage.googleapis.com/v1/projects/rccgplaceofvictory/services/cloudfunctions.googleapis.com 200
[debug] [2025-10-13T14:45:32.837Z] <<< [apiv2][body] GET https://serviceusage.googleapis.com/v1/projects/rccgplaceofvictory/services/cloudfunctions.googleapis.com [omitted]
[debug] [2025-10-13T14:45:32.850Z] <<< [apiv2][status] GET https://serviceusage.googleapis.com/v1/projects/rccgplaceofvictory/services/cloudfunctions.googleapis.com 200
[debug] [2025-10-13T14:45:32.850Z] <<< [apiv2][body] GET https://serviceusage.googleapis.com/v1/projects/rccgplaceofvictory/services/cloudfunctions.googleapis.com [omitted]
[debug] [2025-10-13T14:45:32.899Z] > command requires scopes: ["email","openid","https://www.googleapis.com/auth/cloudplatformprojects.readonly","https://www.googleapis.com/auth/firebase","https://www.googleapis.com/auth/cloud-platform"]
[debug] [2025-10-13T14:45:32.899Z] > authorizing via signed-in user (chamellion555@gmail.com)
[debug] [2025-10-13T14:45:32.901Z] <<< [apiv2][status] GET https://serviceusage.googleapis.com/v1/projects/rccgplaceofvictory/services/firebasedataconnect.googleapis.com 200
[debug] [2025-10-13T14:45:32.901Z] <<< [apiv2][body] GET https://serviceusage.googleapis.com/v1/projects/rccgplaceofvictory/services/firebasedataconnect.googleapis.com [omitted]
[debug] [2025-10-13T14:45:32.956Z] > command requires scopes: ["email","openid","https://www.googleapis.com/auth/cloudplatformprojects.readonly","https://www.googleapis.com/auth/firebase","https://www.googleapis.com/auth/cloud-platform"]
[debug] [2025-10-13T14:45:32.956Z] > authorizing via signed-in user (chamellion555@gmail.com)
[debug] [2025-10-13T14:45:33.109Z] <<< [apiv2][status] GET https://serviceusage.googleapis.com/v1/projects/rccgplaceofvictory/services/ 200
[debug] [2025-10-13T14:45:33.109Z] <<< [apiv2][body] GET https://serviceusage.googleapis.com/v1/projects/rccgplaceofvictory/services/ [omitted]
[debug] [2025-10-13T14:45:33.115Z] <<< [apiv2][status] GET https://serviceusage.googleapis.com/v1/projects/rccgplaceofvictory/services/ 200
[debug] [2025-10-13T14:45:33.116Z] <<< [apiv2][body] GET https://serviceusage.googleapis.com/v1/projects/rccgplaceofvictory/services/ [omitted]
[debug] [2025-10-13T14:45:33.119Z] <<< [apiv2][status] GET https://serviceusage.googleapis.com/v1/projects/rccgplaceofvictory/services/ 200
[debug] [2025-10-13T14:45:33.119Z] <<< [apiv2][body] GET https://serviceusage.googleapis.com/v1/projects/rccgplaceofvictory/services/ [omitted]
[debug] [2025-10-13T14:45:33.152Z] > command requires scopes: ["email","openid","https://www.googleapis.com/auth/cloudplatformprojects.readonly","https://www.googleapis.com/auth/firebase","https://www.googleapis.com/auth/cloud-platform"]
[debug] [2025-10-13T14:45:33.152Z] > authorizing via signed-in user (chamellion555@gmail.com)
[debug] [2025-10-13T14:45:33.170Z] <<< [apiv2][status] GET https://serviceusage.googleapis.com/v1/projects/rccgplaceofvictory/services/ 200
[debug] [2025-10-13T14:45:33.170Z] <<< [apiv2][body] GET https://serviceusage.googleapis.com/v1/projects/rccgplaceofvictory/services/ [omitted]
[debug] [2025-10-13T14:45:33.209Z] > command requires scopes: ["email","openid","https://www.googleapis.com/auth/cloudplatformprojects.readonly","https://www.googleapis.com/auth/firebase","https://www.googleapis.com/auth/cloud-platform"]
[debug] [2025-10-13T14:45:33.210Z] > authorizing via signed-in user (chamellion555@gmail.com)
[debug] [2025-10-13T14:45:33.248Z] > command requires scopes: ["email","openid","https://www.googleapis.com/auth/cloudplatformprojects.readonly","https://www.googleapis.com/auth/firebase","https://www.googleapis.com/auth/cloud-platform"]
[debug] [2025-10-13T14:45:33.248Z] > authorizing via signed-in user (chamellion555@gmail.com)
[debug] [2025-10-13T14:45:33.250Z] > command requires scopes: ["email","openid","https://www.googleapis.com/auth/cloudplatformprojects.readonly","https://www.googleapis.com/auth/firebase","https://www.googleapis.com/auth/cloud-platform"]
[debug] [2025-10-13T14:45:33.251Z] > authorizing via signed-in user (chamellion555@gmail.com)
[debug] [2025-10-13T14:45:33.285Z] > command requires scopes: ["email","openid","https://www.googleapis.com/auth/cloudplatformprojects.readonly","https://www.googleapis.com/auth/firebase","https://www.googleapis.com/auth/cloud-platform"]
[debug] [2025-10-13T14:45:33.285Z] > authorizing via signed-in user (chamellion555@gmail.com)
[debug] [2025-10-13T14:45:33.321Z] > command requires scopes: ["email","openid","https://www.googleapis.com/auth/cloudplatformprojects.readonly","https://www.googleapis.com/auth/firebase","https://www.googleapis.com/auth/cloud-platform"]
[debug] [2025-10-13T14:45:33.321Z] > authorizing via signed-in user (chamellion555@gmail.com)
[debug] [2025-10-13T14:45:33.322Z] > command requires scopes: ["email","openid","https://www.googleapis.com/auth/cloudplatformprojects.readonly","https://www.googleapis.com/auth/firebase","https://www.googleapis.com/auth/cloud-platform"]
[debug] [2025-10-13T14:45:33.322Z] > authorizing via signed-in user (chamellion555@gmail.com)
[debug] [2025-10-13T14:45:33.324Z] <<< [apiv2][status] GET https://serviceusage.googleapis.com/v1/projects/rccgplaceofvictory/services/ 200
[debug] [2025-10-13T14:45:33.324Z] <<< [apiv2][body] GET https://serviceusage.googleapis.com/v1/projects/rccgplaceofvictory/services/ [omitted]
[debug] [2025-10-13T14:45:33.372Z] > command requires scopes: ["email","openid","https://www.googleapis.com/auth/cloudplatformprojects.readonly","https://www.googleapis.com/auth/firebase","https://www.googleapis.com/auth/cloud-platform"]
[debug] [2025-10-13T14:45:33.372Z] > authorizing via signed-in user (chamellion555@gmail.com)
[debug] [2025-10-13T14:45:33.381Z] <<< [apiv2][status] GET https://serviceusage.googleapis.com/v1/projects/rccgplaceofvictory/services/ 200
[debug] [2025-10-13T14:45:33.381Z] <<< [apiv2][body] GET https://serviceusage.googleapis.com/v1/projects/rccgplaceofvictory/services/ [omitted]
[debug] [2025-10-13T14:45:33.435Z] > command requires scopes: ["email","openid","https://www.googleapis.com/auth/cloudplatformprojects.readonly","https://www.googleapis.com/auth/firebase","https://www.googleapis.com/auth/cloud-platform"]
[debug] [2025-10-13T14:45:33.435Z] > authorizing via signed-in user (chamellion555@gmail.com)
[debug] [2025-10-13T14:45:33.495Z] > command requires scopes: ["email","openid","https://www.googleapis.com/auth/cloudplatformprojects.readonly","https://www.googleapis.com/auth/firebase","https://www.googleapis.com/auth/cloud-platform"]
[debug] [2025-10-13T14:45:33.495Z] > authorizing via signed-in user (chamellion555@gmail.com)
[debug] [2025-10-13T14:45:33.982Z] <<< [apiv2][status] GET https://serviceusage.googleapis.com/v1/projects/rccgplaceofvictory/services/ 200
[debug] [2025-10-13T14:45:33.982Z] <<< [apiv2][body] GET https://serviceusage.googleapis.com/v1/projects/rccgplaceofvictory/services/ [omitted]
[debug] [2025-10-13T14:45:34.029Z] > command requires scopes: ["email","openid","https://www.googleapis.com/auth/cloudplatformprojects.readonly","https://www.googleapis.com/auth/firebase","https://www.googleapis.com/auth/cloud-platform"]
[debug] [2025-10-13T14:45:34.029Z] > authorizing via signed-in user (chamellion555@gmail.com)
[debug] [2025-10-13T14:45:34.062Z] > command requires scopes: ["email","openid","https://www.googleapis.com/auth/cloudplatformprojects.readonly","https://www.googleapis.com/auth/firebase","https://www.googleapis.com/auth/cloud-platform"]
[debug] [2025-10-13T14:45:34.062Z] > authorizing via signed-in user (chamellion555@gmail.com)
[debug] [2025-10-14T14:33:27.697Z] Checked if tokens are valid: false, expires at: 1760448811053
[debug] [2025-10-14T14:33:27.698Z] Checked if tokens are valid: false, expires at: 1760448811053
[debug] [2025-10-14T14:33:27.698Z] > refreshing access token with scopes: []
[debug] [2025-10-14T14:33:27.699Z] >>> [apiv2][query] POST https://www.googleapis.com/oauth2/v3/token [none]
[debug] [2025-10-14T14:33:27.699Z] >>> [apiv2][body] POST https://www.googleapis.com/oauth2/v3/token [omitted]
[debug] [2025-10-14T14:33:27.721Z] Checked if tokens are valid: false, expires at: 1760448811053
[debug] [2025-10-14T14:33:27.721Z] Checked if tokens are valid: false, expires at: 1760448811053
[debug] [2025-10-14T14:33:27.721Z] > refreshing access token with scopes: []
[debug] [2025-10-14T14:33:27.722Z] >>> [apiv2][query] POST https://www.googleapis.com/oauth2/v3/token [none]
[debug] [2025-10-14T14:33:27.722Z] >>> [apiv2][body] POST https://www.googleapis.com/oauth2/v3/token [omitted]
[debug] [2025-10-14T14:33:27.723Z] Checked if tokens are valid: false, expires at: 1760448811053
[debug] [2025-10-14T14:33:27.723Z] Checked if tokens are valid: false, expires at: 1760448811053
[debug] [2025-10-14T14:33:27.723Z] > refreshing access token with scopes: []
[debug] [2025-10-14T14:33:27.723Z] >>> [apiv2][query] POST https://www.googleapis.com/oauth2/v3/token [none]
[debug] [2025-10-14T14:33:27.723Z] >>> [apiv2][body] POST https://www.googleapis.com/oauth2/v3/token [omitted]
[debug] [2025-10-14T14:33:27.724Z] Checked if tokens are valid: false, expires at: 1760448811053
[debug] [2025-10-14T14:33:27.724Z] Checked if tokens are valid: false, expires at: 1760448811053
[debug] [2025-10-14T14:33:27.724Z] > refreshing access token with scopes: []
[debug] [2025-10-14T14:33:27.724Z] >>> [apiv2][query] POST https://www.googleapis.com/oauth2/v3/token [none]
[debug] [2025-10-14T14:33:27.724Z] >>> [apiv2][body] POST https://www.googleapis.com/oauth2/v3/token [omitted]
[debug] [2025-10-14T14:33:27.725Z] Checked if tokens are valid: false, expires at: 1760448811053
[debug] [2025-10-14T14:33:27.725Z] Checked if tokens are valid: false, expires at: 1760448811053
[debug] [2025-10-14T14:33:27.725Z] > refreshing access token with scopes: []
[debug] [2025-10-14T14:33:27.725Z] >>> [apiv2][query] POST https://www.googleapis.com/oauth2/v3/token [none]
[debug] [2025-10-14T14:33:27.725Z] >>> [apiv2][body] POST https://www.googleapis.com/oauth2/v3/token [omitted]
[debug] [2025-10-14T14:33:27.725Z] Checked if tokens are valid: false, expires at: 1760448811053
[debug] [2025-10-14T14:33:27.725Z] Checked if tokens are valid: false, expires at: 1760448811053
[debug] [2025-10-14T14:33:27.725Z] > refreshing access token with scopes: []
[debug] [2025-10-14T14:33:27.725Z] >>> [apiv2][query] POST https://www.googleapis.com/oauth2/v3/token [none]
[debug] [2025-10-14T14:33:27.726Z] >>> [apiv2][body] POST https://www.googleapis.com/oauth2/v3/token [omitted]
[debug] [2025-10-14T14:33:27.695Z] Checked if tokens are valid: false, expires at: 1760448811053
[debug] [2025-10-14T14:33:27.697Z] Checked if tokens are valid: false, expires at: 1760448811053
[debug] [2025-10-14T14:33:27.697Z] > refreshing access token with scopes: []
[debug] [2025-10-14T14:33:27.698Z] >>> [apiv2][query] POST https://www.googleapis.com/oauth2/v3/token [none]
[debug] [2025-10-14T14:33:27.698Z] >>> [apiv2][body] POST https://www.googleapis.com/oauth2/v3/token [omitted]
[debug] [2025-10-14T14:33:27.721Z] Checked if tokens are valid: false, expires at: 1760448811053
[debug] [2025-10-14T14:33:27.721Z] Checked if tokens are valid: false, expires at: 1760448811053
[debug] [2025-10-14T14:33:27.721Z] > refreshing access token with scopes: []
[debug] [2025-10-14T14:33:27.722Z] >>> [apiv2][query] POST https://www.googleapis.com/oauth2/v3/token [none]
[debug] [2025-10-14T14:33:27.722Z] >>> [apiv2][body] POST https://www.googleapis.com/oauth2/v3/token [omitted]
[debug] [2025-10-14T14:33:27.723Z] Checked if tokens are valid: false, expires at: 1760448811053
[debug] [2025-10-14T14:33:27.723Z] Checked if tokens are valid: false, expires at: 1760448811053
[debug] [2025-10-14T14:33:27.723Z] > refreshing access token with scopes: []
[debug] [2025-10-14T14:33:27.723Z] >>> [apiv2][query] POST https://www.googleapis.com/oauth2/v3/token [none]
[debug] [2025-10-14T14:33:27.723Z] >>> [apiv2][body] POST https://www.googleapis.com/oauth2/v3/token [omitted]
[debug] [2025-10-14T14:33:27.724Z] Checked if tokens are valid: false, expires at: 1760448811053
[debug] [2025-10-14T14:33:27.724Z] Checked if tokens are valid: false, expires at: 1760448811053
[debug] [2025-10-14T14:33:27.724Z] > refreshing access token with scopes: []
[debug] [2025-10-14T14:33:27.725Z] >>> [apiv2][query] POST https://www.googleapis.com/oauth2/v3/token [none]
[debug] [2025-10-14T14:33:27.725Z] >>> [apiv2][body] POST https://www.googleapis.com/oauth2/v3/token [omitted]
[debug] [2025-10-14T14:33:27.725Z] Checked if tokens are valid: false, expires at: 1760448811053
[debug] [2025-10-14T14:33:27.725Z] Checked if tokens are valid: false, expires at: 1760448811053
[debug] [2025-10-14T14:33:27.725Z] > refreshing access token with scopes: []
[debug] [2025-10-14T14:33:27.725Z] >>> [apiv2][query] POST https://www.googleapis.com/oauth2/v3/token [none]
[debug] [2025-10-14T14:33:27.725Z] >>> [apiv2][body] POST https://www.googleapis.com/oauth2/v3/token [omitted]
[debug] [2025-10-14T14:33:27.726Z] Checked if tokens are valid: false, expires at: 1760448811053
[debug] [2025-10-14T14:33:27.726Z] Checked if tokens are valid: false, expires at: 1760448811053
[debug] [2025-10-14T14:33:27.726Z] > refreshing access token with scopes: []
[debug] [2025-10-14T14:33:27.726Z] >>> [apiv2][query] POST https://www.googleapis.com/oauth2/v3/token [none]
[debug] [2025-10-14T14:33:27.726Z] >>> [apiv2][body] POST https://www.googleapis.com/oauth2/v3/token [omitted]
[debug] [2025-10-14T14:33:27.736Z] Checked if tokens are valid: false, expires at: 1760448811053
[debug] [2025-10-14T14:33:27.736Z] Checked if tokens are valid: false, expires at: 1760448811053
[debug] [2025-10-14T14:33:27.736Z] > refreshing access token with scopes: []
[debug] [2025-10-14T14:33:27.737Z] >>> [apiv2][query] POST https://www.googleapis.com/oauth2/v3/token [none]
[debug] [2025-10-14T14:33:27.737Z] >>> [apiv2][body] POST https://www.googleapis.com/oauth2/v3/token [omitted]
[debug] [2025-10-14T14:33:27.737Z] Checked if tokens are valid: false, expires at: 1760448811053
[debug] [2025-10-14T14:33:27.737Z] Checked if tokens are valid: false, expires at: 1760448811053
[debug] [2025-10-14T14:33:27.737Z] > refreshing access token with scopes: []
[debug] [2025-10-14T14:33:27.737Z] >>> [apiv2][query] POST https://www.googleapis.com/oauth2/v3/token [none]
[debug] [2025-10-14T14:33:27.737Z] >>> [apiv2][body] POST https://www.googleapis.com/oauth2/v3/token [omitted]
[debug] [2025-10-14T14:33:27.738Z] Checked if tokens are valid: false, expires at: 1760448811053
[debug] [2025-10-14T14:33:27.738Z] Checked if tokens are valid: false, expires at: 1760448811053
[debug] [2025-10-14T14:33:27.738Z] > refreshing access token with scopes: []
[debug] [2025-10-14T14:33:27.739Z] >>> [apiv2][query] POST https://www.googleapis.com/oauth2/v3/token [none]
[debug] [2025-10-14T14:33:27.739Z] >>> [apiv2][body] POST https://www.googleapis.com/oauth2/v3/token [omitted]
[debug] [2025-10-14T14:33:27.740Z] Checked if tokens are valid: false, expires at: 1760448811053
[debug] [2025-10-14T14:33:27.740Z] Checked if tokens are valid: false, expires at: 1760448811053
[debug] [2025-10-14T14:33:27.740Z] > refreshing access token with scopes: []
[debug] [2025-10-14T14:33:27.740Z] >>> [apiv2][query] POST https://www.googleapis.com/oauth2/v3/token [none]
[debug] [2025-10-14T14:33:27.740Z] >>> [apiv2][body] POST https://www.googleapis.com/oauth2/v3/token [omitted]
[debug] [2025-10-14T14:33:27.743Z] Checked if tokens are valid: false, expires at: 1760448811053
[debug] [2025-10-14T14:33:27.743Z] Checked if tokens are valid: false, expires at: 1760448811053
[debug] [2025-10-14T14:33:27.743Z] > refreshing access token with scopes: []
[debug] [2025-10-14T14:33:27.744Z] >>> [apiv2][query] POST https://www.googleapis.com/oauth2/v3/token [none]
[debug] [2025-10-14T14:33:27.744Z] >>> [apiv2][body] POST https://www.googleapis.com/oauth2/v3/token [omitted]
[debug] [2025-10-14T14:33:27.748Z] Checked if tokens are valid: false, expires at: 1760448811053
[debug] [2025-10-14T14:33:27.748Z] Checked if tokens are valid: false, expires at: 1760448811053
[debug] [2025-10-14T14:33:27.748Z] > refreshing access token with scopes: []
[debug] [2025-10-14T14:33:27.748Z] >>> [apiv2][query] POST https://www.googleapis.com/oauth2/v3/token [none]
[debug] [2025-10-14T14:33:27.748Z] >>> [apiv2][body] POST https://www.googleapis.com/oauth2/v3/token [omitted]
[debug] [2025-10-14T14:33:27.765Z] Checked if tokens are valid: false, expires at: 1760448811053
[debug] [2025-10-14T14:33:27.766Z] Checked if tokens are valid: false, expires at: 1760448811053
[debug] [2025-10-14T14:33:27.767Z] > refreshing access token with scopes: []
[debug] [2025-10-14T14:33:27.768Z] >>> [apiv2][query] POST https://www.googleapis.com/oauth2/v3/token [none]
[debug] [2025-10-14T14:33:27.768Z] >>> [apiv2][body] POST https://www.googleapis.com/oauth2/v3/token [omitted]
[debug] [2025-10-14T14:33:27.772Z] Checked if tokens are valid: false, expires at: 1760448811053
[debug] [2025-10-14T14:33:27.772Z] Checked if tokens are valid: false, expires at: 1760448811053
[debug] [2025-10-14T14:33:27.772Z] > refreshing access token with scopes: []
[debug] [2025-10-14T14:33:27.773Z] >>> [apiv2][query] POST https://www.googleapis.com/oauth2/v3/token [none]
[debug] [2025-10-14T14:33:27.773Z] >>> [apiv2][body] POST https://www.googleapis.com/oauth2/v3/token [omitted]
[debug] [2025-10-14T14:33:27.773Z] Checked if tokens are valid: false, expires at: 1760448811053
[debug] [2025-10-14T14:33:27.773Z] Checked if tokens are valid: false, expires at: 1760448811053
[debug] [2025-10-14T14:33:27.773Z] > refreshing access token with scopes: []
[debug] [2025-10-14T14:33:27.773Z] >>> [apiv2][query] POST https://www.googleapis.com/oauth2/v3/token [none]
[debug] [2025-10-14T14:33:27.773Z] >>> [apiv2][body] POST https://www.googleapis.com/oauth2/v3/token [omitted]
[debug] [2025-10-14T14:33:27.774Z] Checked if tokens are valid: false, expires at: 1760448811053
[debug] [2025-10-14T14:33:27.774Z] Checked if tokens are valid: false, expires at: 1760448811053
[debug] [2025-10-14T14:33:27.774Z] > refreshing access token with scopes: []
[debug] [2025-10-14T14:33:27.774Z] >>> [apiv2][query] POST https://www.googleapis.com/oauth2/v3/token [none]
[debug] [2025-10-14T14:33:27.774Z] >>> [apiv2][body] POST https://www.googleapis.com/oauth2/v3/token [omitted]
[debug] [2025-10-14T14:33:27.774Z] Checked if tokens are valid: false, expires at: 1760448811053
[debug] [2025-10-14T14:33:27.774Z] Checked if tokens are valid: false, expires at: 1760448811053
[debug] [2025-10-14T14:33:27.774Z] > refreshing access token with scopes: []
[debug] [2025-10-14T14:33:27.775Z] >>> [apiv2][query] POST https://www.googleapis.com/oauth2/v3/token [none]
[debug] [2025-10-14T14:33:27.775Z] >>> [apiv2][body] POST https://www.googleapis.com/oauth2/v3/token [omitted]
[debug] [2025-10-14T14:33:27.775Z] Checked if tokens are valid: false, expires at: 1760448811053
[debug] [2025-10-14T14:33:27.775Z] Checked if tokens are valid: false, expires at: 1760448811053
[debug] [2025-10-14T14:33:27.775Z] > refreshing access token with scopes: []
[debug] [2025-10-14T14:33:27.775Z] >>> [apiv2][query] POST https://www.googleapis.com/oauth2/v3/token [none]
[debug] [2025-10-14T14:33:27.775Z] >>> [apiv2][body] POST https://www.googleapis.com/oauth2/v3/token [omitted]
[debug] [2025-10-14T14:33:27.866Z] <<< [apiv2][status] POST https://www.googleapis.com/oauth2/v3/token 200
[debug] [2025-10-14T14:33:27.866Z] <<< [apiv2][body] POST https://www.googleapis.com/oauth2/v3/token [omitted]
[debug] [2025-10-14T14:33:27.880Z] >>> [apiv2][query] GET https://serviceusage.googleapis.com/v1/projects/rccgplaceofvictory/services/firebaseapphosting.googleapis.com [none]
[debug] [2025-10-14T14:33:27.880Z] >>> [apiv2][(partial)header] GET https://serviceusage.googleapis.com/v1/projects/rccgplaceofvictory/services/firebaseapphosting.googleapis.com x-goog-quota-user=projects/rccgplaceofvictory
[debug] [2025-10-14T14:33:27.881Z] <<< [apiv2][status] POST https://www.googleapis.com/oauth2/v3/token 200
[debug] [2025-10-14T14:33:27.881Z] <<< [apiv2][body] POST https://www.googleapis.com/oauth2/v3/token [omitted]
[debug] [2025-10-14T14:33:27.892Z] >>> [apiv2][query] GET https://serviceusage.googleapis.com/v1/projects/rccgplaceofvictory/services/firebasecrashlytics.googleapis.com [none]
[debug] [2025-10-14T14:33:27.892Z] >>> [apiv2][(partial)header] GET https://serviceusage.googleapis.com/v1/projects/rccgplaceofvictory/services/firebasecrashlytics.googleapis.com x-goog-quota-user=projects/rccgplaceofvictory
[debug] [2025-10-14T14:33:27.896Z] <<< [apiv2][status] POST https://www.googleapis.com/oauth2/v3/token 200
[debug] [2025-10-14T14:33:27.896Z] <<< [apiv2][body] POST https://www.googleapis.com/oauth2/v3/token [omitted]
[debug] [2025-10-14T14:33:27.903Z] >>> [apiv2][query] GET https://serviceusage.googleapis.com/v1/projects/rccgplaceofvictory/services/firebaseio.com [none]
[debug] [2025-10-14T14:33:27.903Z] >>> [apiv2][(partial)header] GET https://serviceusage.googleapis.com/v1/projects/rccgplaceofvictory/services/firebaseio.com x-goog-quota-user=projects/rccgplaceofvictory
[debug] [2025-10-14T14:33:27.906Z] <<< [apiv2][status] POST https://www.googleapis.com/oauth2/v3/token 200
[debug] [2025-10-14T14:33:27.906Z] <<< [apiv2][body] POST https://www.googleapis.com/oauth2/v3/token [omitted]
[debug] [2025-10-14T14:33:27.940Z] >>> [apiv2][query] GET https://serviceusage.googleapis.com/v1/projects/rccgplaceofvictory/services/ [none]
[debug] [2025-10-14T14:33:27.940Z] >>> [apiv2][(partial)header] GET https://serviceusage.googleapis.com/v1/projects/rccgplaceofvictory/services/ x-goog-quota-user=projects/rccgplaceofvictory
[debug] [2025-10-14T14:33:27.941Z] <<< [apiv2][status] POST https://www.googleapis.com/oauth2/v3/token 200
[debug] [2025-10-14T14:33:27.941Z] <<< [apiv2][body] POST https://www.googleapis.com/oauth2/v3/token [omitted]
[debug] [2025-10-14T14:33:27.948Z] >>> [apiv2][query] GET https://serviceusage.googleapis.com/v1/projects/rccgplaceofvictory/services/firebaseapphosting.googleapis.com [none]
[debug] [2025-10-14T14:33:27.948Z] >>> [apiv2][(partial)header] GET https://serviceusage.googleapis.com/v1/projects/rccgplaceofvictory/services/firebaseapphosting.googleapis.com x-goog-quota-user=projects/rccgplaceofvictory
[debug] [2025-10-14T14:33:27.950Z] <<< [apiv2][status] POST https://www.googleapis.com/oauth2/v3/token 200
[debug] [2025-10-14T14:33:27.950Z] <<< [apiv2][body] POST https://www.googleapis.com/oauth2/v3/token [omitted]
[debug] [2025-10-14T14:33:27.957Z] >>> [apiv2][query] GET https://serviceusage.googleapis.com/v1/projects/rccgplaceofvictory/services/firebasedataconnect.googleapis.com [none]
[debug] [2025-10-14T14:33:27.957Z] >>> [apiv2][(partial)header] GET https://serviceusage.googleapis.com/v1/projects/rccgplaceofvictory/services/firebasedataconnect.googleapis.com x-goog-quota-user=projects/rccgplaceofvictory
[debug] [2025-10-14T14:33:27.958Z] <<< [apiv2][status] POST https://www.googleapis.com/oauth2/v3/token 200
[debug] [2025-10-14T14:33:27.958Z] <<< [apiv2][body] POST https://www.googleapis.com/oauth2/v3/token [omitted]
[debug] [2025-10-14T14:33:27.964Z] >>> [apiv2][query] GET https://serviceusage.googleapis.com/v1/projects/rccgplaceofvictory/services/cloudfunctions.googleapis.com [none]
[debug] [2025-10-14T14:33:27.964Z] >>> [apiv2][(partial)header] GET https://serviceusage.googleapis.com/v1/projects/rccgplaceofvictory/services/cloudfunctions.googleapis.com x-goog-quota-user=projects/rccgplaceofvictory
[debug] [2025-10-14T14:33:27.965Z] <<< [apiv2][status] POST https://www.googleapis.com/oauth2/v3/token 200
[debug] [2025-10-14T14:33:27.965Z] <<< [apiv2][body] POST https://www.googleapis.com/oauth2/v3/token [omitted]
[debug] [2025-10-14T14:33:27.973Z] >>> [apiv2][query] GET https://serviceusage.googleapis.com/v1/projects/rccgplaceofvictory/services/ [none]
[debug] [2025-10-14T14:33:27.973Z] >>> [apiv2][(partial)header] GET https://serviceusage.googleapis.com/v1/projects/rccgplaceofvictory/services/ x-goog-quota-user=projects/rccgplaceofvictory
[debug] [2025-10-14T14:33:27.974Z] <<< [apiv2][status] POST https://www.googleapis.com/oauth2/v3/token 200
[debug] [2025-10-14T14:33:27.974Z] <<< [apiv2][body] POST https://www.googleapis.com/oauth2/v3/token [omitted]
[debug] [2025-10-14T14:33:27.982Z] >>> [apiv2][query] GET https://serviceusage.googleapis.com/v1/projects/rccgplaceofvictory/services/ [none]
[debug] [2025-10-14T14:33:27.982Z] >>> [apiv2][(partial)header] GET https://serviceusage.googleapis.com/v1/projects/rccgplaceofvictory/services/ x-goog-quota-user=projects/rccgplaceofvictory
[debug] [2025-10-14T14:33:27.983Z] <<< [apiv2][status] POST https://www.googleapis.com/oauth2/v3/token 200
[debug] [2025-10-14T14:33:27.983Z] <<< [apiv2][body] POST https://www.googleapis.com/oauth2/v3/token [omitted]
[debug] [2025-10-14T14:33:27.989Z] >>> [apiv2][query] GET https://serviceusage.googleapis.com/v1/projects/rccgplaceofvictory/services/cloudfunctions.googleapis.com [none]
[debug] [2025-10-14T14:33:27.989Z] >>> [apiv2][(partial)header] GET https://serviceusage.googleapis.com/v1/projects/rccgplaceofvictory/services/cloudfunctions.googleapis.com x-goog-quota-user=projects/rccgplaceofvictory
[debug] [2025-10-14T14:33:27.991Z] <<< [apiv2][status] POST https://www.googleapis.com/oauth2/v3/token 200
[debug] [2025-10-14T14:33:27.991Z] <<< [apiv2][body] POST https://www.googleapis.com/oauth2/v3/token [omitted]
[debug] [2025-10-14T14:33:27.998Z] >>> [apiv2][query] GET https://serviceusage.googleapis.com/v1/projects/rccgplaceofvictory/services/firebaseapphosting.googleapis.com [none]
[debug] [2025-10-14T14:33:27.998Z] >>> [apiv2][(partial)header] GET https://serviceusage.googleapis.com/v1/projects/rccgplaceofvictory/services/firebaseapphosting.googleapis.com x-goog-quota-user=projects/rccgplaceofvictory
[debug] [2025-10-14T14:33:27.999Z] <<< [apiv2][status] POST https://www.googleapis.com/oauth2/v3/token 200
[debug] [2025-10-14T14:33:27.999Z] <<< [apiv2][body] POST https://www.googleapis.com/oauth2/v3/token [omitted]
[debug] [2025-10-14T14:33:28.032Z] >>> [apiv2][query] GET https://serviceusage.googleapis.com/v1/projects/rccgplaceofvictory/services/firebasecrashlytics.googleapis.com [none]
[debug] [2025-10-14T14:33:28.032Z] >>> [apiv2][(partial)header] GET https://serviceusage.googleapis.com/v1/projects/rccgplaceofvictory/services/firebasecrashlytics.googleapis.com x-goog-quota-user=projects/rccgplaceofvictory
[debug] [2025-10-14T14:33:28.033Z] <<< [apiv2][status] POST https://www.googleapis.com/oauth2/v3/token 200
[debug] [2025-10-14T14:33:28.033Z] <<< [apiv2][body] POST https://www.googleapis.com/oauth2/v3/token [omitted]
[debug] [2025-10-14T14:33:28.042Z] >>> [apiv2][query] GET https://serviceusage.googleapis.com/v1/projects/rccgplaceofvictory/services/firebasedataconnect.googleapis.com [none]
[debug] [2025-10-14T14:33:28.042Z] >>> [apiv2][(partial)header] GET https://serviceusage.googleapis.com/v1/projects/rccgplaceofvictory/services/firebasedataconnect.googleapis.com x-goog-quota-user=projects/rccgplaceofvictory
[debug] [2025-10-14T14:33:28.043Z] <<< [apiv2][status] POST https://www.googleapis.com/oauth2/v3/token 200
[debug] [2025-10-14T14:33:28.043Z] <<< [apiv2][body] POST https://www.googleapis.com/oauth2/v3/token [omitted]
[debug] [2025-10-14T14:33:28.051Z] >>> [apiv2][query] GET https://serviceusage.googleapis.com/v1/projects/rccgplaceofvictory/services/firebaseio.com [none]
[debug] [2025-10-14T14:33:28.051Z] >>> [apiv2][(partial)header] GET https://serviceusage.googleapis.com/v1/projects/rccgplaceofvictory/services/firebaseio.com x-goog-quota-user=projects/rccgplaceofvictory
[debug] [2025-10-14T14:33:28.052Z] <<< [apiv2][status] POST https://www.googleapis.com/oauth2/v3/token 200
[debug] [2025-10-14T14:33:28.052Z] <<< [apiv2][body] POST https://www.googleapis.com/oauth2/v3/token [omitted]
[debug] [2025-10-14T14:33:28.058Z] >>> [apiv2][query] GET https://serviceusage.googleapis.com/v1/projects/rccgplaceofvictory/services/cloudfunctions.googleapis.com [none]
[debug] [2025-10-14T14:33:28.058Z] >>> [apiv2][(partial)header] GET https://serviceusage.googleapis.com/v1/projects/rccgplaceofvictory/services/cloudfunctions.googleapis.com x-goog-quota-user=projects/rccgplaceofvictory
[debug] [2025-10-14T14:33:28.068Z] <<< [apiv2][status] POST https://www.googleapis.com/oauth2/v3/token 200
[debug] [2025-10-14T14:33:28.069Z] <<< [apiv2][body] POST https://www.googleapis.com/oauth2/v3/token [omitted]
[debug] [2025-10-14T14:33:28.076Z] >>> [apiv2][query] GET https://serviceusage.googleapis.com/v1/projects/rccgplaceofvictory/services/firebaseio.com [none]
[debug] [2025-10-14T14:33:28.076Z] >>> [apiv2][(partial)header] GET https://serviceusage.googleapis.com/v1/projects/rccgplaceofvictory/services/firebaseio.com x-goog-quota-user=projects/rccgplaceofvictory
[debug] [2025-10-14T14:33:28.076Z] <<< [apiv2][status] POST https://www.googleapis.com/oauth2/v3/token 200
[debug] [2025-10-14T14:33:28.076Z] <<< [apiv2][body] POST https://www.googleapis.com/oauth2/v3/token [omitted]
[debug] [2025-10-14T14:33:28.084Z] >>> [apiv2][query] GET https://serviceusage.googleapis.com/v1/projects/rccgplaceofvictory/services/firebasedataconnect.googleapis.com [none]
[debug] [2025-10-14T14:33:28.084Z] >>> [apiv2][(partial)header] GET https://serviceusage.googleapis.com/v1/projects/rccgplaceofvictory/services/firebasedataconnect.googleapis.com x-goog-quota-user=projects/rccgplaceofvictory
[debug] [2025-10-14T14:33:28.085Z] <<< [apiv2][status] POST https://www.googleapis.com/oauth2/v3/token 200
[debug] [2025-10-14T14:33:28.085Z] <<< [apiv2][body] POST https://www.googleapis.com/oauth2/v3/token [omitted]
[debug] [2025-10-14T14:33:28.093Z] >>> [apiv2][query] GET https://serviceusage.googleapis.com/v1/projects/rccgplaceofvictory/services/firebasecrashlytics.googleapis.com [none]
[debug] [2025-10-14T14:33:28.093Z] >>> [apiv2][(partial)header] GET https://serviceusage.googleapis.com/v1/projects/rccgplaceofvictory/services/firebasecrashlytics.googleapis.com x-goog-quota-user=projects/rccgplaceofvictory
[debug] [2025-10-14T14:33:28.683Z] <<< [apiv2][status] GET https://serviceusage.googleapis.com/v1/projects/rccgplaceofvictory/services/firebaseio.com 403
[debug] [2025-10-14T14:33:28.684Z] <<< [apiv2][body] GET https://serviceusage.googleapis.com/v1/projects/rccgplaceofvictory/services/firebaseio.com [omitted]
[debug] [2025-10-14T14:33:28.823Z] <<< [apiv2][status] GET https://serviceusage.googleapis.com/v1/projects/rccgplaceofvictory/services/firebaseapphosting.googleapis.com 200
[debug] [2025-10-14T14:33:28.823Z] <<< [apiv2][body] GET https://serviceusage.googleapis.com/v1/projects/rccgplaceofvictory/services/firebaseapphosting.googleapis.com [omitted]
[debug] [2025-10-14T14:33:28.831Z] <<< [apiv2][status] GET https://serviceusage.googleapis.com/v1/projects/rccgplaceofvictory/services/firebasecrashlytics.googleapis.com 200
[debug] [2025-10-14T14:33:28.831Z] <<< [apiv2][body] GET https://serviceusage.googleapis.com/v1/projects/rccgplaceofvictory/services/firebasecrashlytics.googleapis.com [omitted]
[debug] [2025-10-14T14:33:28.834Z] <<< [apiv2][status] GET https://serviceusage.googleapis.com/v1/projects/rccgplaceofvictory/services/firebasedataconnect.googleapis.com 200
[debug] [2025-10-14T14:33:28.834Z] <<< [apiv2][body] GET https://serviceusage.googleapis.com/v1/projects/rccgplaceofvictory/services/firebasedataconnect.googleapis.com [omitted]
[debug] [2025-10-14T14:33:28.853Z] <<< [apiv2][status] GET https://serviceusage.googleapis.com/v1/projects/rccgplaceofvictory/services/cloudfunctions.googleapis.com 200
[debug] [2025-10-14T14:33:28.853Z] <<< [apiv2][body] GET https://serviceusage.googleapis.com/v1/projects/rccgplaceofvictory/services/cloudfunctions.googleapis.com [omitted]
[debug] [2025-10-14T14:33:29.050Z] <<< [apiv2][status] GET https://serviceusage.googleapis.com/v1/projects/rccgplaceofvictory/services/ 200
[debug] [2025-10-14T14:33:29.050Z] <<< [apiv2][body] GET https://serviceusage.googleapis.com/v1/projects/rccgplaceofvictory/services/ [omitted]
[debug] [2025-10-14T14:33:29.266Z] <<< [apiv2][status] GET https://serviceusage.googleapis.com/v1/projects/rccgplaceofvictory/services/firebaseio.com 403
[debug] [2025-10-14T14:33:29.266Z] <<< [apiv2][body] GET https://serviceusage.googleapis.com/v1/projects/rccgplaceofvictory/services/firebaseio.com [omitted]
[debug] [2025-10-14T14:33:29.269Z] <<< [apiv2][status] GET https://serviceusage.googleapis.com/v1/projects/rccgplaceofvictory/services/firebaseio.com 403
[debug] [2025-10-14T14:33:29.269Z] <<< [apiv2][body] GET https://serviceusage.googleapis.com/v1/projects/rccgplaceofvictory/services/firebaseio.com [omitted]
[debug] [2025-10-14T14:33:29.381Z] Checked if tokens are valid: true, expires at: 1760456007085
[debug] [2025-10-14T14:33:29.381Z] Checked if tokens are valid: true, expires at: 1760456007085
[debug] [2025-10-14T14:33:29.381Z] Checked if tokens are valid: true, expires at: 1760456007085
[debug] [2025-10-14T14:33:29.381Z] Checked if tokens are valid: true, expires at: 1760456007085
[debug] [2025-10-14T14:33:29.381Z] Checked if tokens are valid: true, expires at: 1760456007085
[debug] [2025-10-14T14:33:29.381Z] Checked if tokens are valid: true, expires at: 1760456007085
[debug] [2025-10-14T14:33:29.381Z] Checked if tokens are valid: true, expires at: 1760456007085
[debug] [2025-10-14T14:33:29.381Z] Checked if tokens are valid: true, expires at: 1760456007085
[debug] [2025-10-14T14:33:29.381Z] Checked if tokens are valid: true, expires at: 1760456007085
[debug] [2025-10-14T14:33:29.382Z] Checked if tokens are valid: true, expires at: 1760456007085
[debug] [2025-10-14T14:33:29.382Z] Checked if tokens are valid: true, expires at: 1760456007085
[debug] [2025-10-14T14:33:29.382Z] Checked if tokens are valid: true, expires at: 1760456007085
[debug] [2025-10-14T14:33:29.382Z] >>> [apiv2][query] GET https://serviceusage.googleapis.com/v1/projects/rccgplaceofvictory/services/ [none]
[debug] [2025-10-14T14:33:29.382Z] >>> [apiv2][(partial)header] GET https://serviceusage.googleapis.com/v1/projects/rccgplaceofvictory/services/ x-goog-quota-user=projects/rccgplaceofvictory
[debug] [2025-10-14T14:33:29.383Z] >>> [apiv2][query] GET https://serviceusage.googleapis.com/v1/projects/rccgplaceofvictory/services/firebasedataconnect.googleapis.com [none]
[debug] [2025-10-14T14:33:29.383Z] >>> [apiv2][(partial)header] GET https://serviceusage.googleapis.com/v1/projects/rccgplaceofvictory/services/firebasedataconnect.googleapis.com x-goog-quota-user=projects/rccgplaceofvictory
[debug] [2025-10-14T14:33:29.383Z] >>> [apiv2][query] GET https://serviceusage.googleapis.com/v1/projects/rccgplaceofvictory/services/cloudfunctions.googleapis.com [none]
[debug] [2025-10-14T14:33:29.383Z] >>> [apiv2][(partial)header] GET https://serviceusage.googleapis.com/v1/projects/rccgplaceofvictory/services/cloudfunctions.googleapis.com x-goog-quota-user=projects/rccgplaceofvictory
[debug] [2025-10-14T14:33:29.383Z] >>> [apiv2][query] GET https://serviceusage.googleapis.com/v1/projects/rccgplaceofvictory/services/firebasecrashlytics.googleapis.com [none]
[debug] [2025-10-14T14:33:29.383Z] >>> [apiv2][(partial)header] GET https://serviceusage.googleapis.com/v1/projects/rccgplaceofvictory/services/firebasecrashlytics.googleapis.com x-goog-quota-user=projects/rccgplaceofvictory
[debug] [2025-10-14T14:33:29.383Z] >>> [apiv2][query] GET https://serviceusage.googleapis.com/v1/projects/rccgplaceofvictory/services/firebaseapphosting.googleapis.com [none]
[debug] [2025-10-14T14:33:29.383Z] >>> [apiv2][(partial)header] GET https://serviceusage.googleapis.com/v1/projects/rccgplaceofvictory/services/firebaseapphosting.googleapis.com x-goog-quota-user=projects/rccgplaceofvictory
[debug] [2025-10-14T14:33:29.383Z] >>> [apiv2][query] GET https://serviceusage.googleapis.com/v1/projects/rccgplaceofvictory/services/firebaseio.com [none]
[debug] [2025-10-14T14:33:29.383Z] >>> [apiv2][(partial)header] GET https://serviceusage.googleapis.com/v1/projects/rccgplaceofvictory/services/firebaseio.com x-goog-quota-user=projects/rccgplaceofvictory
[debug] [2025-10-14T14:33:29.385Z] Checked if tokens are valid: true, expires at: 1760456007085
[debug] [2025-10-14T14:33:29.385Z] Checked if tokens are valid: true, expires at: 1760456007085
[debug] [2025-10-14T14:33:29.385Z] Checked if tokens are valid: true, expires at: 1760456007085
[debug] [2025-10-14T14:33:29.385Z] Checked if tokens are valid: true, expires at: 1760456007085
[debug] [2025-10-14T14:33:29.385Z] Checked if tokens are valid: true, expires at: 1760456007085
[debug] [2025-10-14T14:33:29.385Z] Checked if tokens are valid: true, expires at: 1760456007085
[debug] [2025-10-14T14:33:29.385Z] Checked if tokens are valid: true, expires at: 1760456007085
[debug] [2025-10-14T14:33:29.385Z] Checked if tokens are valid: true, expires at: 1760456007085
[debug] [2025-10-14T14:33:29.386Z] Checked if tokens are valid: true, expires at: 1760456007085
[debug] [2025-10-14T14:33:29.386Z] Checked if tokens are valid: true, expires at: 1760456007085
[debug] [2025-10-14T14:33:29.386Z] Checked if tokens are valid: true, expires at: 1760456007085
[debug] [2025-10-14T14:33:29.386Z] Checked if tokens are valid: true, expires at: 1760456007085
[debug] [2025-10-14T14:33:29.386Z] >>> [apiv2][query] GET https://serviceusage.googleapis.com/v1/projects/rccgplaceofvictory/services/ [none]
[debug] [2025-10-14T14:33:29.386Z] >>> [apiv2][(partial)header] GET https://serviceusage.googleapis.com/v1/projects/rccgplaceofvictory/services/ x-goog-quota-user=projects/rccgplaceofvictory
[debug] [2025-10-14T14:33:29.386Z] >>> [apiv2][query] GET https://serviceusage.googleapis.com/v1/projects/rccgplaceofvictory/services/firebasedataconnect.googleapis.com [none]
[debug] [2025-10-14T14:33:29.386Z] >>> [apiv2][(partial)header] GET https://serviceusage.googleapis.com/v1/projects/rccgplaceofvictory/services/firebasedataconnect.googleapis.com x-goog-quota-user=projects/rccgplaceofvictory
[debug] [2025-10-14T14:33:29.386Z] >>> [apiv2][query] GET https://serviceusage.googleapis.com/v1/projects/rccgplaceofvictory/services/cloudfunctions.googleapis.com [none]
[debug] [2025-10-14T14:33:29.386Z] >>> [apiv2][(partial)header] GET https://serviceusage.googleapis.com/v1/projects/rccgplaceofvictory/services/cloudfunctions.googleapis.com x-goog-quota-user=projects/rccgplaceofvictory
[debug] [2025-10-14T14:33:29.387Z] >>> [apiv2][query] GET https://serviceusage.googleapis.com/v1/projects/rccgplaceofvictory/services/firebasecrashlytics.googleapis.com [none]
[debug] [2025-10-14T14:33:29.387Z] >>> [apiv2][(partial)header] GET https://serviceusage.googleapis.com/v1/projects/rccgplaceofvictory/services/firebasecrashlytics.googleapis.com x-goog-quota-user=projects/rccgplaceofvictory
[debug] [2025-10-14T14:33:29.388Z] >>> [apiv2][query] GET https://serviceusage.googleapis.com/v1/projects/rccgplaceofvictory/services/firebaseapphosting.googleapis.com [none]
[debug] [2025-10-14T14:33:29.388Z] >>> [apiv2][(partial)header] GET https://serviceusage.googleapis.com/v1/projects/rccgplaceofvictory/services/firebaseapphosting.googleapis.com x-goog-quota-user=projects/rccgplaceofvictory
[debug] [2025-10-14T14:33:29.389Z] >>> [apiv2][query] GET https://serviceusage.googleapis.com/v1/projects/rccgplaceofvictory/services/firebaseio.com [none]
[debug] [2025-10-14T14:33:29.389Z] >>> [apiv2][(partial)header] GET https://serviceusage.googleapis.com/v1/projects/rccgplaceofvictory/services/firebaseio.com x-goog-quota-user=projects/rccgplaceofvictory
[debug] [2025-10-14T14:33:29.536Z] <<< [apiv2][status] GET https://serviceusage.googleapis.com/v1/projects/rccgplaceofvictory/services/firebasecrashlytics.googleapis.com 200
[debug] [2025-10-14T14:33:29.536Z] <<< [apiv2][body] GET https://serviceusage.googleapis.com/v1/projects/rccgplaceofvictory/services/firebasecrashlytics.googleapis.com [omitted]
[debug] [2025-10-14T14:33:29.536Z] <<< [apiv2][status] GET https://serviceusage.googleapis.com/v1/projects/rccgplaceofvictory/services/firebasecrashlytics.googleapis.com 200
[debug] [2025-10-14T14:33:29.536Z] <<< [apiv2][body] GET https://serviceusage.googleapis.com/v1/projects/rccgplaceofvictory/services/firebasecrashlytics.googleapis.com [omitted]
[debug] [2025-10-14T14:33:29.543Z] <<< [apiv2][status] GET https://serviceusage.googleapis.com/v1/projects/rccgplaceofvictory/services/firebaseapphosting.googleapis.com 200
[debug] [2025-10-14T14:33:29.543Z] <<< [apiv2][body] GET https://serviceusage.googleapis.com/v1/projects/rccgplaceofvictory/services/firebaseapphosting.googleapis.com [omitted]
[debug] [2025-10-14T14:33:29.555Z] <<< [apiv2][status] GET https://serviceusage.googleapis.com/v1/projects/rccgplaceofvictory/services/firebasedataconnect.googleapis.com 200
[debug] [2025-10-14T14:33:29.555Z] <<< [apiv2][body] GET https://serviceusage.googleapis.com/v1/projects/rccgplaceofvictory/services/firebasedataconnect.googleapis.com [omitted]
[debug] [2025-10-14T14:33:29.556Z] <<< [apiv2][status] GET https://serviceusage.googleapis.com/v1/projects/rccgplaceofvictory/services/cloudfunctions.googleapis.com 200
[debug] [2025-10-14T14:33:29.556Z] <<< [apiv2][body] GET https://serviceusage.googleapis.com/v1/projects/rccgplaceofvictory/services/cloudfunctions.googleapis.com [omitted]
[debug] [2025-10-14T14:33:29.560Z] <<< [apiv2][status] GET https://serviceusage.googleapis.com/v1/projects/rccgplaceofvictory/services/firebaseapphosting.googleapis.com 200
[debug] [2025-10-14T14:33:29.560Z] <<< [apiv2][body] GET https://serviceusage.googleapis.com/v1/projects/rccgplaceofvictory/services/firebaseapphosting.googleapis.com [omitted]
[debug] [2025-10-14T14:33:29.562Z] <<< [apiv2][status] GET https://serviceusage.googleapis.com/v1/projects/rccgplaceofvictory/services/firebasedataconnect.googleapis.com 200
[debug] [2025-10-14T14:33:29.562Z] <<< [apiv2][body] GET https://serviceusage.googleapis.com/v1/projects/rccgplaceofvictory/services/firebasedataconnect.googleapis.com [omitted]
[debug] [2025-10-14T14:33:29.592Z] > command requires scopes: ["email","openid","https://www.googleapis.com/auth/cloudplatformprojects.readonly","https://www.googleapis.com/auth/firebase","https://www.googleapis.com/auth/cloud-platform"]
[debug] [2025-10-14T14:33:29.592Z] > authorizing via signed-in user (chamellion555@gmail.com)
[debug] [2025-10-14T14:33:29.593Z] <<< [apiv2][status] GET https://serviceusage.googleapis.com/v1/projects/rccgplaceofvictory/services/cloudfunctions.googleapis.com 200
[debug] [2025-10-14T14:33:29.593Z] <<< [apiv2][body] GET https://serviceusage.googleapis.com/v1/projects/rccgplaceofvictory/services/cloudfunctions.googleapis.com [omitted]
[debug] [2025-10-14T14:33:29.635Z] > command requires scopes: ["email","openid","https://www.googleapis.com/auth/cloudplatformprojects.readonly","https://www.googleapis.com/auth/firebase","https://www.googleapis.com/auth/cloud-platform"]
[debug] [2025-10-14T14:33:29.635Z] > authorizing via signed-in user (chamellion555@gmail.com)
[debug] [2025-10-14T14:33:29.693Z] <<< [apiv2][status] GET https://serviceusage.googleapis.com/v1/projects/rccgplaceofvictory/services/firebasecrashlytics.googleapis.com 200
[debug] [2025-10-14T14:33:29.693Z] <<< [apiv2][body] GET https://serviceusage.googleapis.com/v1/projects/rccgplaceofvictory/services/firebasecrashlytics.googleapis.com [omitted]
[debug] [2025-10-14T14:33:29.698Z] <<< [apiv2][status] GET https://serviceusage.googleapis.com/v1/projects/rccgplaceofvictory/services/firebasedataconnect.googleapis.com 200
[debug] [2025-10-14T14:33:29.698Z] <<< [apiv2][body] GET https://serviceusage.googleapis.com/v1/projects/rccgplaceofvictory/services/firebasedataconnect.googleapis.com [omitted]
[debug] [2025-10-14T14:33:29.763Z] > command requires scopes: ["email","openid","https://www.googleapis.com/auth/cloudplatformprojects.readonly","https://www.googleapis.com/auth/firebase","https://www.googleapis.com/auth/cloud-platform"]
[debug] [2025-10-14T14:33:29.763Z] > authorizing via signed-in user (chamellion555@gmail.com)
[debug] [2025-10-14T14:33:29.767Z] > command requires scopes: ["email","openid","https://www.googleapis.com/auth/cloudplatformprojects.readonly","https://www.googleapis.com/auth/firebase","https://www.googleapis.com/auth/cloud-platform"]
[debug] [2025-10-14T14:33:29.768Z] > authorizing via signed-in user (chamellion555@gmail.com)
[debug] [2025-10-14T14:33:29.768Z] > command requires scopes: ["email","openid","https://www.googleapis.com/auth/cloudplatformprojects.readonly","https://www.googleapis.com/auth/firebase","https://www.googleapis.com/auth/cloud-platform"]
[debug] [2025-10-14T14:33:29.768Z] > authorizing via signed-in user (chamellion555@gmail.com)
[debug] [2025-10-14T14:33:29.803Z] > command requires scopes: ["email","openid","https://www.googleapis.com/auth/cloudplatformprojects.readonly","https://www.googleapis.com/auth/firebase","https://www.googleapis.com/auth/cloud-platform"]
[debug] [2025-10-14T14:33:29.803Z] > authorizing via signed-in user (chamellion555@gmail.com)
[debug] [2025-10-14T14:33:29.804Z] > command requires scopes: ["email","openid","https://www.googleapis.com/auth/cloudplatformprojects.readonly","https://www.googleapis.com/auth/firebase","https://www.googleapis.com/auth/cloud-platform"]
[debug] [2025-10-14T14:33:29.804Z] > authorizing via signed-in user (chamellion555@gmail.com)
[debug] [2025-10-14T14:33:29.808Z] > command requires scopes: ["email","openid","https://www.googleapis.com/auth/cloudplatformprojects.readonly","https://www.googleapis.com/auth/firebase","https://www.googleapis.com/auth/cloud-platform"]
[debug] [2025-10-14T14:33:29.808Z] > authorizing via signed-in user (chamellion555@gmail.com)
[debug] [2025-10-14T14:33:29.910Z] <<< [apiv2][status] GET https://serviceusage.googleapis.com/v1/projects/rccgplaceofvictory/services/ 200
[debug] [2025-10-14T14:33:29.910Z] <<< [apiv2][body] GET https://serviceusage.googleapis.com/v1/projects/rccgplaceofvictory/services/ [omitted]
[debug] [2025-10-14T14:33:29.945Z] > command requires scopes: ["email","openid","https://www.googleapis.com/auth/cloudplatformprojects.readonly","https://www.googleapis.com/auth/firebase","https://www.googleapis.com/auth/cloud-platform"]
[debug] [2025-10-14T14:33:29.945Z] > authorizing via signed-in user (chamellion555@gmail.com)
[debug] [2025-10-14T14:33:29.979Z] > command requires scopes: ["email","openid","https://www.googleapis.com/auth/cloudplatformprojects.readonly","https://www.googleapis.com/auth/firebase","https://www.googleapis.com/auth/cloud-platform"]
[debug] [2025-10-14T14:33:29.980Z] > authorizing via signed-in user (chamellion555@gmail.com)
[debug] [2025-10-14T14:33:29.989Z] <<< [apiv2][status] GET https://serviceusage.googleapis.com/v1/projects/rccgplaceofvictory/services/firebaseio.com 403
[debug] [2025-10-14T14:33:29.990Z] <<< [apiv2][body] GET https://serviceusage.googleapis.com/v1/projects/rccgplaceofvictory/services/firebaseio.com [omitted]
[debug] [2025-10-14T14:33:30.041Z] <<< [apiv2][status] GET https://serviceusage.googleapis.com/v1/projects/rccgplaceofvictory/services/ 200
[debug] [2025-10-14T14:33:30.041Z] <<< [apiv2][body] GET https://serviceusage.googleapis.com/v1/projects/rccgplaceofvictory/services/ [omitted]
[debug] [2025-10-14T14:33:30.043Z] <<< [apiv2][status] GET https://serviceusage.googleapis.com/v1/projects/rccgplaceofvictory/services/firebaseio.com 403
[debug] [2025-10-14T14:33:30.044Z] <<< [apiv2][body] GET https://serviceusage.googleapis.com/v1/projects/rccgplaceofvictory/services/firebaseio.com [omitted]
[debug] [2025-10-14T14:33:30.063Z] <<< [apiv2][status] GET https://serviceusage.googleapis.com/v1/projects/rccgplaceofvictory/services/ 200
[debug] [2025-10-14T14:33:30.063Z] <<< [apiv2][body] GET https://serviceusage.googleapis.com/v1/projects/rccgplaceofvictory/services/ [omitted]
[debug] [2025-10-14T14:33:30.111Z] <<< [apiv2][status] GET https://serviceusage.googleapis.com/v1/projects/rccgplaceofvictory/services/firebaseapphosting.googleapis.com 200
[debug] [2025-10-14T14:33:30.111Z] <<< [apiv2][body] GET https://serviceusage.googleapis.com/v1/projects/rccgplaceofvictory/services/firebaseapphosting.googleapis.com [omitted]
[debug] [2025-10-14T14:33:30.137Z] <<< [apiv2][status] GET https://serviceusage.googleapis.com/v1/projects/rccgplaceofvictory/services/firebasedataconnect.googleapis.com 200
[debug] [2025-10-14T14:33:30.137Z] <<< [apiv2][body] GET https://serviceusage.googleapis.com/v1/projects/rccgplaceofvictory/services/firebasedataconnect.googleapis.com [omitted]
[debug] [2025-10-14T14:33:30.150Z] <<< [apiv2][status] GET https://serviceusage.googleapis.com/v1/projects/rccgplaceofvictory/services/cloudfunctions.googleapis.com 200
[debug] [2025-10-14T14:33:30.150Z] <<< [apiv2][body] GET https://serviceusage.googleapis.com/v1/projects/rccgplaceofvictory/services/cloudfunctions.googleapis.com [omitted]
[debug] [2025-10-14T14:33:30.152Z] <<< [apiv2][status] GET https://serviceusage.googleapis.com/v1/projects/rccgplaceofvictory/services/firebasecrashlytics.googleapis.com 200
[debug] [2025-10-14T14:33:30.152Z] <<< [apiv2][body] GET https://serviceusage.googleapis.com/v1/projects/rccgplaceofvictory/services/firebasecrashlytics.googleapis.com [omitted]
[debug] [2025-10-14T14:33:30.175Z] <<< [apiv2][status] GET https://serviceusage.googleapis.com/v1/projects/rccgplaceofvictory/services/cloudfunctions.googleapis.com 200
[debug] [2025-10-14T14:33:30.175Z] <<< [apiv2][body] GET https://serviceusage.googleapis.com/v1/projects/rccgplaceofvictory/services/cloudfunctions.googleapis.com [omitted]
[debug] [2025-10-14T14:33:30.190Z] > command requires scopes: ["email","openid","https://www.googleapis.com/auth/cloudplatformprojects.readonly","https://www.googleapis.com/auth/firebase","https://www.googleapis.com/auth/cloud-platform"]
[debug] [2025-10-14T14:33:30.190Z] > authorizing via signed-in user (chamellion555@gmail.com)
[debug] [2025-10-14T14:33:30.191Z] <<< [apiv2][status] GET https://serviceusage.googleapis.com/v1/projects/rccgplaceofvictory/services/firebaseapphosting.googleapis.com 200
[debug] [2025-10-14T14:33:30.191Z] <<< [apiv2][body] GET https://serviceusage.googleapis.com/v1/projects/rccgplaceofvictory/services/firebaseapphosting.googleapis.com [omitted]
[debug] [2025-10-14T14:33:30.227Z] > command requires scopes: ["email","openid","https://www.googleapis.com/auth/cloudplatformprojects.readonly","https://www.googleapis.com/auth/firebase","https://www.googleapis.com/auth/cloud-platform"]
[debug] [2025-10-14T14:33:30.227Z] > authorizing via signed-in user (chamellion555@gmail.com)
[debug] [2025-10-14T14:33:30.264Z] <<< [apiv2][status] GET https://serviceusage.googleapis.com/v1/projects/rccgplaceofvictory/services/ 200
[debug] [2025-10-14T14:33:30.264Z] <<< [apiv2][body] GET https://serviceusage.googleapis.com/v1/projects/rccgplaceofvictory/services/ [omitted]
[debug] [2025-10-14T14:33:30.300Z] > command requires scopes: ["email","openid","https://www.googleapis.com/auth/cloudplatformprojects.readonly","https://www.googleapis.com/auth/firebase","https://www.googleapis.com/auth/cloud-platform"]
[debug] [2025-10-14T14:33:30.300Z] > authorizing via signed-in user (chamellion555@gmail.com)
[debug] [2025-10-14T14:33:30.354Z] > command requires scopes: ["email","openid","https://www.googleapis.com/auth/cloudplatformprojects.readonly","https://www.googleapis.com/auth/firebase","https://www.googleapis.com/auth/cloud-platform"]
[debug] [2025-10-14T14:33:30.354Z] > authorizing via signed-in user (chamellion555@gmail.com)
[debug] [2025-10-14T14:45:20.695Z] Checked if tokens are valid: true, expires at: 1760456007085
[debug] [2025-10-14T14:45:20.697Z] Checked if tokens are valid: true, expires at: 1760456007085
[debug] [2025-10-14T14:45:20.698Z] Checked if tokens are valid: true, expires at: 1760456007085
[debug] [2025-10-14T14:45:20.698Z] Checked if tokens are valid: true, expires at: 1760456007085
[debug] [2025-10-14T14:45:20.698Z] Checked if tokens are valid: true, expires at: 1760456007085
[debug] [2025-10-14T14:45:20.698Z] Checked if tokens are valid: true, expires at: 1760456007085
[debug] [2025-10-14T14:45:20.698Z] Checked if tokens are valid: true, expires at: 1760456007085
[debug] [2025-10-14T14:45:20.698Z] Checked if tokens are valid: true, expires at: 1760456007085
[debug] [2025-10-14T14:45:20.698Z] Checked if tokens are valid: true, expires at: 1760456007085
[debug] [2025-10-14T14:45:20.698Z] Checked if tokens are valid: true, expires at: 1760456007085
[debug] [2025-10-14T14:45:20.700Z] Checked if tokens are valid: true, expires at: 1760456007085
[debug] [2025-10-14T14:45:20.700Z] Checked if tokens are valid: true, expires at: 1760456007085
[debug] [2025-10-14T14:45:20.701Z] >>> [apiv2][query] GET https://serviceusage.googleapis.com/v1/projects/rccgplaceofvictory/services/ [none]
[debug] [2025-10-14T14:45:20.701Z] >>> [apiv2][(partial)header] GET https://serviceusage.googleapis.com/v1/projects/rccgplaceofvictory/services/ x-goog-quota-user=projects/rccgplaceofvictory
[debug] [2025-10-14T14:45:20.722Z] >>> [apiv2][query] GET https://serviceusage.googleapis.com/v1/projects/rccgplaceofvictory/services/firebasedataconnect.googleapis.com [none]
[debug] [2025-10-14T14:45:20.722Z] >>> [apiv2][(partial)header] GET https://serviceusage.googleapis.com/v1/projects/rccgplaceofvictory/services/firebasedataconnect.googleapis.com x-goog-quota-user=projects/rccgplaceofvictory
[debug] [2025-10-14T14:45:20.723Z] >>> [apiv2][query] GET https://serviceusage.googleapis.com/v1/projects/rccgplaceofvictory/services/cloudfunctions.googleapis.com [none]
[debug] [2025-10-14T14:45:20.723Z] >>> [apiv2][(partial)header] GET https://serviceusage.googleapis.com/v1/projects/rccgplaceofvictory/services/cloudfunctions.googleapis.com x-goog-quota-user=projects/rccgplaceofvictory
[debug] [2025-10-14T14:45:20.724Z] >>> [apiv2][query] GET https://serviceusage.googleapis.com/v1/projects/rccgplaceofvictory/services/firebasecrashlytics.googleapis.com [none]
[debug] [2025-10-14T14:45:20.724Z] >>> [apiv2][(partial)header] GET https://serviceusage.googleapis.com/v1/projects/rccgplaceofvictory/services/firebasecrashlytics.googleapis.com x-goog-quota-user=projects/rccgplaceofvictory
[debug] [2025-10-14T14:45:20.724Z] >>> [apiv2][query] GET https://serviceusage.googleapis.com/v1/projects/rccgplaceofvictory/services/firebaseapphosting.googleapis.com [none]
[debug] [2025-10-14T14:45:20.724Z] >>> [apiv2][(partial)header] GET https://serviceusage.googleapis.com/v1/projects/rccgplaceofvictory/services/firebaseapphosting.googleapis.com x-goog-quota-user=projects/rccgplaceofvictory
[debug] [2025-10-14T14:45:20.724Z] >>> [apiv2][query] GET https://serviceusage.googleapis.com/v1/projects/rccgplaceofvictory/services/firebaseio.com [none]
[debug] [2025-10-14T14:45:20.724Z] >>> [apiv2][(partial)header] GET https://serviceusage.googleapis.com/v1/projects/rccgplaceofvictory/services/firebaseio.com x-goog-quota-user=projects/rccgplaceofvictory
[debug] [2025-10-14T14:45:20.701Z] Checked if tokens are valid: true, expires at: 1760456007085
[debug] [2025-10-14T14:45:20.734Z] Checked if tokens are valid: true, expires at: 1760456007085
[debug] [2025-10-14T14:45:20.734Z] Checked if tokens are valid: true, expires at: 1760456007085
[debug] [2025-10-14T14:45:20.735Z] Checked if tokens are valid: true, expires at: 1760456007085
[debug] [2025-10-14T14:45:20.735Z] Checked if tokens are valid: true, expires at: 1760456007085
[debug] [2025-10-14T14:45:20.735Z] Checked if tokens are valid: true, expires at: 1760456007085
[debug] [2025-10-14T14:45:20.735Z] Checked if tokens are valid: true, expires at: 1760456007085
[debug] [2025-10-14T14:45:20.735Z] Checked if tokens are valid: true, expires at: 1760456007085
[debug] [2025-10-14T14:45:20.735Z] Checked if tokens are valid: true, expires at: 1760456007085
[debug] [2025-10-14T14:45:20.735Z] Checked if tokens are valid: true, expires at: 1760456007085
[debug] [2025-10-14T14:45:20.735Z] Checked if tokens are valid: true, expires at: 1760456007085
[debug] [2025-10-14T14:45:20.735Z] Checked if tokens are valid: true, expires at: 1760456007085
[debug] [2025-10-14T14:45:20.735Z] Checked if tokens are valid: true, expires at: 1760456007085
[debug] [2025-10-14T14:45:20.735Z] >>> [apiv2][query] GET https://serviceusage.googleapis.com/v1/projects/rccgplaceofvictory/services/ [none]
[debug] [2025-10-14T14:45:20.735Z] >>> [apiv2][(partial)header] GET https://serviceusage.googleapis.com/v1/projects/rccgplaceofvictory/services/ x-goog-quota-user=projects/rccgplaceofvictory
[debug] [2025-10-14T14:45:20.736Z] >>> [apiv2][query] GET https://serviceusage.googleapis.com/v1/projects/rccgplaceofvictory/services/firebasedataconnect.googleapis.com [none]
[debug] [2025-10-14T14:45:20.736Z] >>> [apiv2][(partial)header] GET https://serviceusage.googleapis.com/v1/projects/rccgplaceofvictory/services/firebasedataconnect.googleapis.com x-goog-quota-user=projects/rccgplaceofvictory
[debug] [2025-10-14T14:45:20.737Z] >>> [apiv2][query] GET https://serviceusage.googleapis.com/v1/projects/rccgplaceofvictory/services/cloudfunctions.googleapis.com [none]
[debug] [2025-10-14T14:45:20.737Z] >>> [apiv2][(partial)header] GET https://serviceusage.googleapis.com/v1/projects/rccgplaceofvictory/services/cloudfunctions.googleapis.com x-goog-quota-user=projects/rccgplaceofvictory
[debug] [2025-10-14T14:45:20.737Z] >>> [apiv2][query] GET https://serviceusage.googleapis.com/v1/projects/rccgplaceofvictory/services/firebasecrashlytics.googleapis.com [none]
[debug] [2025-10-14T14:45:20.737Z] >>> [apiv2][(partial)header] GET https://serviceusage.googleapis.com/v1/projects/rccgplaceofvictory/services/firebasecrashlytics.googleapis.com x-goog-quota-user=projects/rccgplaceofvictory
[debug] [2025-10-14T14:45:20.738Z] >>> [apiv2][query] GET https://serviceusage.googleapis.com/v1/projects/rccgplaceofvictory/services/firebaseapphosting.googleapis.com [none]
[debug] [2025-10-14T14:45:20.738Z] >>> [apiv2][(partial)header] GET https://serviceusage.googleapis.com/v1/projects/rccgplaceofvictory/services/firebaseapphosting.googleapis.com x-goog-quota-user=projects/rccgplaceofvictory
[debug] [2025-10-14T14:45:20.738Z] >>> [apiv2][query] GET https://serviceusage.googleapis.com/v1/projects/rccgplaceofvictory/services/firebaseio.com [none]
[debug] [2025-10-14T14:45:20.738Z] >>> [apiv2][(partial)header] GET https://serviceusage.googleapis.com/v1/projects/rccgplaceofvictory/services/firebaseio.com x-goog-quota-user=projects/rccgplaceofvictory
[debug] [2025-10-14T14:45:20.755Z] Checked if tokens are valid: true, expires at: 1760456007085
[debug] [2025-10-14T14:45:20.756Z] Checked if tokens are valid: true, expires at: 1760456007085
[debug] [2025-10-14T14:45:20.757Z] Checked if tokens are valid: true, expires at: 1760456007085
[debug] [2025-10-14T14:45:20.757Z] Checked if tokens are valid: true, expires at: 1760456007085
[debug] [2025-10-14T14:45:20.759Z] Checked if tokens are valid: true, expires at: 1760456007085
[debug] [2025-10-14T14:45:20.759Z] Checked if tokens are valid: true, expires at: 1760456007085
[debug] [2025-10-14T14:45:20.760Z] Checked if tokens are valid: true, expires at: 1760456007085
[debug] [2025-10-14T14:45:20.760Z] Checked if tokens are valid: true, expires at: 1760456007085
[debug] [2025-10-14T14:45:20.760Z] Checked if tokens are valid: true, expires at: 1760456007085
[debug] [2025-10-14T14:45:20.760Z] Checked if tokens are valid: true, expires at: 1760456007085
[debug] [2025-10-14T14:45:20.761Z] Checked if tokens are valid: true, expires at: 1760456007085
[debug] [2025-10-14T14:45:20.761Z] Checked if tokens are valid: true, expires at: 1760456007085
[debug] [2025-10-14T14:45:20.761Z] >>> [apiv2][query] GET https://serviceusage.googleapis.com/v1/projects/rccgplaceofvictory/services/ [none]
[debug] [2025-10-14T14:45:20.761Z] >>> [apiv2][(partial)header] GET https://serviceusage.googleapis.com/v1/projects/rccgplaceofvictory/services/ x-goog-quota-user=projects/rccgplaceofvictory
[debug] [2025-10-14T14:45:20.766Z] >>> [apiv2][query] GET https://serviceusage.googleapis.com/v1/projects/rccgplaceofvictory/services/firebasedataconnect.googleapis.com [none]
[debug] [2025-10-14T14:45:20.766Z] >>> [apiv2][(partial)header] GET https://serviceusage.googleapis.com/v1/projects/rccgplaceofvictory/services/firebasedataconnect.googleapis.com x-goog-quota-user=projects/rccgplaceofvictory
[debug] [2025-10-14T14:45:20.769Z] >>> [apiv2][query] GET https://serviceusage.googleapis.com/v1/projects/rccgplaceofvictory/services/cloudfunctions.googleapis.com [none]
[debug] [2025-10-14T14:45:20.769Z] >>> [apiv2][(partial)header] GET https://serviceusage.googleapis.com/v1/projects/rccgplaceofvictory/services/cloudfunctions.googleapis.com x-goog-quota-user=projects/rccgplaceofvictory
[debug] [2025-10-14T14:45:20.770Z] >>> [apiv2][query] GET https://serviceusage.googleapis.com/v1/projects/rccgplaceofvictory/services/firebasecrashlytics.googleapis.com [none]
[debug] [2025-10-14T14:45:20.770Z] >>> [apiv2][(partial)header] GET https://serviceusage.googleapis.com/v1/projects/rccgplaceofvictory/services/firebasecrashlytics.googleapis.com x-goog-quota-user=projects/rccgplaceofvictory
[debug] [2025-10-14T14:45:20.771Z] >>> [apiv2][query] GET https://serviceusage.googleapis.com/v1/projects/rccgplaceofvictory/services/firebaseapphosting.googleapis.com [none]
[debug] [2025-10-14T14:45:20.771Z] >>> [apiv2][(partial)header] GET https://serviceusage.googleapis.com/v1/projects/rccgplaceofvictory/services/firebaseapphosting.googleapis.com x-goog-quota-user=projects/rccgplaceofvictory
[debug] [2025-10-14T14:45:20.771Z] >>> [apiv2][query] GET https://serviceusage.googleapis.com/v1/projects/rccgplaceofvictory/services/firebaseio.com [none]
[debug] [2025-10-14T14:45:20.771Z] >>> [apiv2][(partial)header] GET https://serviceusage.googleapis.com/v1/projects/rccgplaceofvictory/services/firebaseio.com x-goog-quota-user=projects/rccgplaceofvictory
[debug] [2025-10-14T14:45:21.332Z] Checked if tokens are valid: true, expires at: 1760456007085
[debug] [2025-10-14T14:45:21.332Z] Checked if tokens are valid: true, expires at: 1760456007085
[debug] [2025-10-14T14:45:21.332Z] Checked if tokens are valid: true, expires at: 1760456007085
[debug] [2025-10-14T14:45:21.332Z] Checked if tokens are valid: true, expires at: 1760456007085
[debug] [2025-10-14T14:45:21.333Z] Checked if tokens are valid: true, expires at: 1760456007085
[debug] [2025-10-14T14:45:21.333Z] Checked if tokens are valid: true, expires at: 1760456007085
[debug] [2025-10-14T14:45:21.333Z] Checked if tokens are valid: true, expires at: 1760456007085
[debug] [2025-10-14T14:45:21.333Z] Checked if tokens are valid: true, expires at: 1760456007085
[debug] [2025-10-14T14:45:21.333Z] Checked if tokens are valid: true, expires at: 1760456007085
[debug] [2025-10-14T14:45:21.333Z] Checked if tokens are valid: true, expires at: 1760456007085
[debug] [2025-10-14T14:45:21.333Z] Checked if tokens are valid: true, expires at: 1760456007085
[debug] [2025-10-14T14:45:21.333Z] Checked if tokens are valid: true, expires at: 1760456007085
[debug] [2025-10-14T14:45:21.333Z] >>> [apiv2][query] GET https://serviceusage.googleapis.com/v1/projects/rccgplaceofvictory/services/ [none]
[debug] [2025-10-14T14:45:21.333Z] >>> [apiv2][(partial)header] GET https://serviceusage.googleapis.com/v1/projects/rccgplaceofvictory/services/ x-goog-quota-user=projects/rccgplaceofvictory
[debug] [2025-10-14T14:45:21.334Z] >>> [apiv2][query] GET https://serviceusage.googleapis.com/v1/projects/rccgplaceofvictory/services/firebasedataconnect.googleapis.com [none]
[debug] [2025-10-14T14:45:21.334Z] >>> [apiv2][(partial)header] GET https://serviceusage.googleapis.com/v1/projects/rccgplaceofvictory/services/firebasedataconnect.googleapis.com x-goog-quota-user=projects/rccgplaceofvictory
[debug] [2025-10-14T14:45:21.335Z] >>> [apiv2][query] GET https://serviceusage.googleapis.com/v1/projects/rccgplaceofvictory/services/cloudfunctions.googleapis.com [none]
[debug] [2025-10-14T14:45:21.335Z] >>> [apiv2][(partial)header] GET https://serviceusage.googleapis.com/v1/projects/rccgplaceofvictory/services/cloudfunctions.googleapis.com x-goog-quota-user=projects/rccgplaceofvictory
[debug] [2025-10-14T14:45:21.336Z] >>> [apiv2][query] GET https://serviceusage.googleapis.com/v1/projects/rccgplaceofvictory/services/firebasecrashlytics.googleapis.com [none]
[debug] [2025-10-14T14:45:21.336Z] >>> [apiv2][(partial)header] GET https://serviceusage.googleapis.com/v1/projects/rccgplaceofvictory/services/firebasecrashlytics.googleapis.com x-goog-quota-user=projects/rccgplaceofvictory
[debug] [2025-10-14T14:45:21.337Z] >>> [apiv2][query] GET https://serviceusage.googleapis.com/v1/projects/rccgplaceofvictory/services/firebaseapphosting.googleapis.com [none]
[debug] [2025-10-14T14:45:21.337Z] >>> [apiv2][(partial)header] GET https://serviceusage.googleapis.com/v1/projects/rccgplaceofvictory/services/firebaseapphosting.googleapis.com x-goog-quota-user=projects/rccgplaceofvictory
[debug] [2025-10-14T14:45:21.337Z] >>> [apiv2][query] GET https://serviceusage.googleapis.com/v1/projects/rccgplaceofvictory/services/firebaseio.com [none]
[debug] [2025-10-14T14:45:21.337Z] >>> [apiv2][(partial)header] GET https://serviceusage.googleapis.com/v1/projects/rccgplaceofvictory/services/firebaseio.com x-goog-quota-user=projects/rccgplaceofvictory
[debug] [2025-10-14T14:45:21.341Z] Checked if tokens are valid: true, expires at: 1760456007085
[debug] [2025-10-14T14:45:21.341Z] Checked if tokens are valid: true, expires at: 1760456007085
[debug] [2025-10-14T14:45:21.341Z] Checked if tokens are valid: true, expires at: 1760456007085
[debug] [2025-10-14T14:45:21.341Z] Checked if tokens are valid: true, expires at: 1760456007085
[debug] [2025-10-14T14:45:21.341Z] Checked if tokens are valid: true, expires at: 1760456007085
[debug] [2025-10-14T14:45:21.341Z] Checked if tokens are valid: true, expires at: 1760456007085
[debug] [2025-10-14T14:45:21.341Z] Checked if tokens are valid: true, expires at: 1760456007085
[debug] [2025-10-14T14:45:21.341Z] Checked if tokens are valid: true, expires at: 1760456007085
[debug] [2025-10-14T14:45:21.341Z] Checked if tokens are valid: true, expires at: 1760456007085
[debug] [2025-10-14T14:45:21.341Z] Checked if tokens are valid: true, expires at: 1760456007085
[debug] [2025-10-14T14:45:21.341Z] Checked if tokens are valid: true, expires at: 1760456007085
[debug] [2025-10-14T14:45:21.341Z] Checked if tokens are valid: true, expires at: 1760456007085
[debug] [2025-10-14T14:45:21.342Z] Checked if tokens are valid: true, expires at: 1760456007085
[debug] [2025-10-14T14:45:21.342Z] Checked if tokens are valid: true, expires at: 1760456007085
[debug] [2025-10-14T14:45:21.342Z] Checked if tokens are valid: true, expires at: 1760456007085
[debug] [2025-10-14T14:45:21.342Z] Checked if tokens are valid: true, expires at: 1760456007085
[debug] [2025-10-14T14:45:21.342Z] Checked if tokens are valid: true, expires at: 1760456007085
[debug] [2025-10-14T14:45:21.342Z] Checked if tokens are valid: true, expires at: 1760456007085
[debug] [2025-10-14T14:45:21.342Z] Checked if tokens are valid: true, expires at: 1760456007085
[debug] [2025-10-14T14:45:21.342Z] Checked if tokens are valid: true, expires at: 1760456007085
[debug] [2025-10-14T14:45:21.342Z] Checked if tokens are valid: true, expires at: 1760456007085
[debug] [2025-10-14T14:45:21.342Z] Checked if tokens are valid: true, expires at: 1760456007085
[debug] [2025-10-14T14:45:21.342Z] Checked if tokens are valid: true, expires at: 1760456007085
[debug] [2025-10-14T14:45:21.342Z] Checked if tokens are valid: true, expires at: 1760456007085
[debug] [2025-10-14T14:45:21.342Z] >>> [apiv2][query] GET https://serviceusage.googleapis.com/v1/projects/rccgplaceofvictory/services/ [none]
[debug] [2025-10-14T14:45:21.342Z] >>> [apiv2][(partial)header] GET https://serviceusage.googleapis.com/v1/projects/rccgplaceofvictory/services/ x-goog-quota-user=projects/rccgplaceofvictory
[debug] [2025-10-14T14:45:21.343Z] >>> [apiv2][query] GET https://serviceusage.googleapis.com/v1/projects/rccgplaceofvictory/services/firebasedataconnect.googleapis.com [none]
[debug] [2025-10-14T14:45:21.343Z] >>> [apiv2][(partial)header] GET https://serviceusage.googleapis.com/v1/projects/rccgplaceofvictory/services/firebasedataconnect.googleapis.com x-goog-quota-user=projects/rccgplaceofvictory
[debug] [2025-10-14T14:45:21.344Z] >>> [apiv2][query] GET https://serviceusage.googleapis.com/v1/projects/rccgplaceofvictory/services/cloudfunctions.googleapis.com [none]
[debug] [2025-10-14T14:45:21.344Z] >>> [apiv2][(partial)header] GET https://serviceusage.googleapis.com/v1/projects/rccgplaceofvictory/services/cloudfunctions.googleapis.com x-goog-quota-user=projects/rccgplaceofvictory
[debug] [2025-10-14T14:45:21.344Z] >>> [apiv2][query] GET https://serviceusage.googleapis.com/v1/projects/rccgplaceofvictory/services/firebasecrashlytics.googleapis.com [none]
[debug] [2025-10-14T14:45:21.344Z] >>> [apiv2][(partial)header] GET https://serviceusage.googleapis.com/v1/projects/rccgplaceofvictory/services/firebasecrashlytics.googleapis.com x-goog-quota-user=projects/rccgplaceofvictory
[debug] [2025-10-14T14:45:21.345Z] >>> [apiv2][query] GET https://serviceusage.googleapis.com/v1/projects/rccgplaceofvictory/services/firebaseapphosting.googleapis.com [none]
[debug] [2025-10-14T14:45:21.345Z] >>> [apiv2][(partial)header] GET https://serviceusage.googleapis.com/v1/projects/rccgplaceofvictory/services/firebaseapphosting.googleapis.com x-goog-quota-user=projects/rccgplaceofvictory
[debug] [2025-10-14T14:45:21.345Z] >>> [apiv2][query] GET https://serviceusage.googleapis.com/v1/projects/rccgplaceofvictory/services/firebaseio.com [none]
[debug] [2025-10-14T14:45:21.345Z] >>> [apiv2][(partial)header] GET https://serviceusage.googleapis.com/v1/projects/rccgplaceofvictory/services/firebaseio.com x-goog-quota-user=projects/rccgplaceofvictory
[debug] [2025-10-14T14:45:21.346Z] >>> [apiv2][query] GET https://serviceusage.googleapis.com/v1/projects/rccgplaceofvictory/services/ [none]
[debug] [2025-10-14T14:45:21.346Z] >>> [apiv2][(partial)header] GET https://serviceusage.googleapis.com/v1/projects/rccgplaceofvictory/services/ x-goog-quota-user=projects/rccgplaceofvictory
[debug] [2025-10-14T14:45:21.346Z] >>> [apiv2][query] GET https://serviceusage.googleapis.com/v1/projects/rccgplaceofvictory/services/firebasedataconnect.googleapis.com [none]
[debug] [2025-10-14T14:45:21.346Z] >>> [apiv2][(partial)header] GET https://serviceusage.googleapis.com/v1/projects/rccgplaceofvictory/services/firebasedataconnect.googleapis.com x-goog-quota-user=projects/rccgplaceofvictory
[debug] [2025-10-14T14:45:21.346Z] >>> [apiv2][query] GET https://serviceusage.googleapis.com/v1/projects/rccgplaceofvictory/services/cloudfunctions.googleapis.com [none]
[debug] [2025-10-14T14:45:21.347Z] >>> [apiv2][(partial)header] GET https://serviceusage.googleapis.com/v1/projects/rccgplaceofvictory/services/cloudfunctions.googleapis.com x-goog-quota-user=projects/rccgplaceofvictory
[debug] [2025-10-14T14:45:21.347Z] >>> [apiv2][query] GET https://serviceusage.googleapis.com/v1/projects/rccgplaceofvictory/services/firebasecrashlytics.googleapis.com [none]
[debug] [2025-10-14T14:45:21.347Z] >>> [apiv2][(partial)header] GET https://serviceusage.googleapis.com/v1/projects/rccgplaceofvictory/services/firebasecrashlytics.googleapis.com x-goog-quota-user=projects/rccgplaceofvictory
[debug] [2025-10-14T14:45:21.348Z] >>> [apiv2][query] GET https://serviceusage.googleapis.com/v1/projects/rccgplaceofvictory/services/firebaseapphosting.googleapis.com [none]
[debug] [2025-10-14T14:45:21.348Z] >>> [apiv2][(partial)header] GET https://serviceusage.googleapis.com/v1/projects/rccgplaceofvictory/services/firebaseapphosting.googleapis.com x-goog-quota-user=projects/rccgplaceofvictory
[debug] [2025-10-14T14:45:21.348Z] >>> [apiv2][query] GET https://serviceusage.googleapis.com/v1/projects/rccgplaceofvictory/services/firebaseio.com [none]
[debug] [2025-10-14T14:45:21.348Z] >>> [apiv2][(partial)header] GET https://serviceusage.googleapis.com/v1/projects/rccgplaceofvictory/services/firebaseio.com x-goog-quota-user=projects/rccgplaceofvictory
[debug] [2025-10-14T14:45:21.438Z] Checked if tokens are valid: true, expires at: 1760456007085
[debug] [2025-10-14T14:45:21.438Z] Checked if tokens are valid: true, expires at: 1760456007085
[debug] [2025-10-14T14:45:21.438Z] Checked if tokens are valid: true, expires at: 1760456007085
[debug] [2025-10-14T14:45:21.438Z] Checked if tokens are valid: true, expires at: 1760456007085
[debug] [2025-10-14T14:45:21.438Z] Checked if tokens are valid: true, expires at: 1760456007085
[debug] [2025-10-14T14:45:21.438Z] Checked if tokens are valid: true, expires at: 1760456007085
[debug] [2025-10-14T14:45:21.438Z] Checked if tokens are valid: true, expires at: 1760456007085
[debug] [2025-10-14T14:45:21.438Z] Checked if tokens are valid: true, expires at: 1760456007085
[debug] [2025-10-14T14:45:21.438Z] Checked if tokens are valid: true, expires at: 1760456007085
[debug] [2025-10-14T14:45:21.438Z] Checked if tokens are valid: true, expires at: 1760456007085
[debug] [2025-10-14T14:45:21.438Z] Checked if tokens are valid: true, expires at: 1760456007085
[debug] [2025-10-14T14:45:21.438Z] Checked if tokens are valid: true, expires at: 1760456007085
[debug] [2025-10-14T14:45:21.438Z] >>> [apiv2][query] GET https://serviceusage.googleapis.com/v1/projects/rccgplaceofvictory/services/ [none]
[debug] [2025-10-14T14:45:21.438Z] >>> [apiv2][(partial)header] GET https://serviceusage.googleapis.com/v1/projects/rccgplaceofvictory/services/ x-goog-quota-user=projects/rccgplaceofvictory
[debug] [2025-10-14T14:45:21.439Z] >>> [apiv2][query] GET https://serviceusage.googleapis.com/v1/projects/rccgplaceofvictory/services/firebasedataconnect.googleapis.com [none]
[debug] [2025-10-14T14:45:21.439Z] >>> [apiv2][(partial)header] GET https://serviceusage.googleapis.com/v1/projects/rccgplaceofvictory/services/firebasedataconnect.googleapis.com x-goog-quota-user=projects/rccgplaceofvictory
[debug] [2025-10-14T14:45:21.439Z] >>> [apiv2][query] GET https://serviceusage.googleapis.com/v1/projects/rccgplaceofvictory/services/cloudfunctions.googleapis.com [none]
[debug] [2025-10-14T14:45:21.440Z] >>> [apiv2][(partial)header] GET https://serviceusage.googleapis.com/v1/projects/rccgplaceofvictory/services/cloudfunctions.googleapis.com x-goog-quota-user=projects/rccgplaceofvictory
[debug] [2025-10-14T14:45:21.440Z] >>> [apiv2][query] GET https://serviceusage.googleapis.com/v1/projects/rccgplaceofvictory/services/firebasecrashlytics.googleapis.com [none]
[debug] [2025-10-14T14:45:21.440Z] >>> [apiv2][(partial)header] GET https://serviceusage.googleapis.com/v1/projects/rccgplaceofvictory/services/firebasecrashlytics.googleapis.com x-goog-quota-user=projects/rccgplaceofvictory
[debug] [2025-10-14T14:45:21.440Z] >>> [apiv2][query] GET https://serviceusage.googleapis.com/v1/projects/rccgplaceofvictory/services/firebaseapphosting.googleapis.com [none]
[debug] [2025-10-14T14:45:21.440Z] >>> [apiv2][(partial)header] GET https://serviceusage.googleapis.com/v1/projects/rccgplaceofvictory/services/firebaseapphosting.googleapis.com x-goog-quota-user=projects/rccgplaceofvictory
[debug] [2025-10-14T14:45:21.441Z] >>> [apiv2][query] GET https://serviceusage.googleapis.com/v1/projects/rccgplaceofvictory/services/firebaseio.com [none]
[debug] [2025-10-14T14:45:21.441Z] >>> [apiv2][(partial)header] GET https://serviceusage.googleapis.com/v1/projects/rccgplaceofvictory/services/firebaseio.com x-goog-quota-user=projects/rccgplaceofvictory
[debug] [2025-10-14T14:45:21.442Z] Checked if tokens are valid: true, expires at: 1760456007085
[debug] [2025-10-14T14:45:21.442Z] Checked if tokens are valid: true, expires at: 1760456007085
[debug] [2025-10-14T14:45:21.442Z] Checked if tokens are valid: true, expires at: 1760456007085
[debug] [2025-10-14T14:45:21.442Z] Checked if tokens are valid: true, expires at: 1760456007085
[debug] [2025-10-14T14:45:21.442Z] Checked if tokens are valid: true, expires at: 1760456007085
[debug] [2025-10-14T14:45:21.442Z] Checked if tokens are valid: true, expires at: 1760456007085
[debug] [2025-10-14T14:45:21.442Z] Checked if tokens are valid: true, expires at: 1760456007085
[debug] [2025-10-14T14:45:21.442Z] Checked if tokens are valid: true, expires at: 1760456007085
[debug] [2025-10-14T14:45:21.442Z] Checked if tokens are valid: true, expires at: 1760456007085
[debug] [2025-10-14T14:45:21.442Z] Checked if tokens are valid: true, expires at: 1760456007085
[debug] [2025-10-14T14:45:21.442Z] Checked if tokens are valid: true, expires at: 1760456007085
[debug] [2025-10-14T14:45:21.442Z] Checked if tokens are valid: true, expires at: 1760456007085
[debug] [2025-10-14T14:45:21.442Z] >>> [apiv2][query] GET https://serviceusage.googleapis.com/v1/projects/rccgplaceofvictory/services/ [none]
[debug] [2025-10-14T14:45:21.442Z] >>> [apiv2][(partial)header] GET https://serviceusage.googleapis.com/v1/projects/rccgplaceofvictory/services/ x-goog-quota-user=projects/rccgplaceofvictory
[debug] [2025-10-14T14:45:21.443Z] >>> [apiv2][query] GET https://serviceusage.googleapis.com/v1/projects/rccgplaceofvictory/services/firebasedataconnect.googleapis.com [none]
[debug] [2025-10-14T14:45:21.443Z] >>> [apiv2][(partial)header] GET https://serviceusage.googleapis.com/v1/projects/rccgplaceofvictory/services/firebasedataconnect.googleapis.com x-goog-quota-user=projects/rccgplaceofvictory
[debug] [2025-10-14T14:45:21.443Z] >>> [apiv2][query] GET https://serviceusage.googleapis.com/v1/projects/rccgplaceofvictory/services/cloudfunctions.googleapis.com [none]
[debug] [2025-10-14T14:45:21.443Z] >>> [apiv2][(partial)header] GET https://serviceusage.googleapis.com/v1/projects/rccgplaceofvictory/services/cloudfunctions.googleapis.com x-goog-quota-user=projects/rccgplaceofvictory
[debug] [2025-10-14T14:45:21.443Z] >>> [apiv2][query] GET https://serviceusage.googleapis.com/v1/projects/rccgplaceofvictory/services/firebasecrashlytics.googleapis.com [none]
[debug] [2025-10-14T14:45:21.443Z] >>> [apiv2][(partial)header] GET https://serviceusage.googleapis.com/v1/projects/rccgplaceofvictory/services/firebasecrashlytics.googleapis.com x-goog-quota-user=projects/rccgplaceofvictory
[debug] [2025-10-14T14:45:21.444Z] >>> [apiv2][query] GET https://serviceusage.googleapis.com/v1/projects/rccgplaceofvictory/services/firebaseapphosting.googleapis.com [none]
[debug] [2025-10-14T14:45:21.444Z] >>> [apiv2][(partial)header] GET https://serviceusage.googleapis.com/v1/projects/rccgplaceofvictory/services/firebaseapphosting.googleapis.com x-goog-quota-user=projects/rccgplaceofvictory
[debug] [2025-10-14T14:45:21.444Z] >>> [apiv2][query] GET https://serviceusage.googleapis.com/v1/projects/rccgplaceofvictory/services/firebaseio.com [none]
[debug] [2025-10-14T14:45:21.444Z] >>> [apiv2][(partial)header] GET https://serviceusage.googleapis.com/v1/projects/rccgplaceofvictory/services/firebaseio.com x-goog-quota-user=projects/rccgplaceofvictory
[debug] [2025-10-14T14:45:21.448Z] <<< [apiv2][status] GET https://serviceusage.googleapis.com/v1/projects/rccgplaceofvictory/services/firebaseio.com 403
[debug] [2025-10-14T14:45:21.448Z] <<< [apiv2][body] GET https://serviceusage.googleapis.com/v1/projects/rccgplaceofvictory/services/firebaseio.com [omitted]
[debug] [2025-10-14T14:45:21.557Z] <<< [apiv2][status] GET https://serviceusage.googleapis.com/v1/projects/rccgplaceofvictory/services/firebasecrashlytics.googleapis.com 200
[debug] [2025-10-14T14:45:21.557Z] <<< [apiv2][body] GET https://serviceusage.googleapis.com/v1/projects/rccgplaceofvictory/services/firebasecrashlytics.googleapis.com [omitted]
[debug] [2025-10-14T14:45:21.575Z] <<< [apiv2][status] GET https://serviceusage.googleapis.com/v1/projects/rccgplaceofvictory/services/cloudfunctions.googleapis.com 200
[debug] [2025-10-14T14:45:21.576Z] <<< [apiv2][body] GET https://serviceusage.googleapis.com/v1/projects/rccgplaceofvictory/services/cloudfunctions.googleapis.com [omitted]
[debug] [2025-10-14T14:45:21.576Z] <<< [apiv2][status] GET https://serviceusage.googleapis.com/v1/projects/rccgplaceofvictory/services/firebasedataconnect.googleapis.com 200
[debug] [2025-10-14T14:45:21.576Z] <<< [apiv2][body] GET https://serviceusage.googleapis.com/v1/projects/rccgplaceofvictory/services/firebasedataconnect.googleapis.com [omitted]
[debug] [2025-10-14T14:45:21.576Z] <<< [apiv2][status] GET https://serviceusage.googleapis.com/v1/projects/rccgplaceofvictory/services/firebaseapphosting.googleapis.com 200
[debug] [2025-10-14T14:45:21.576Z] <<< [apiv2][body] GET https://serviceusage.googleapis.com/v1/projects/rccgplaceofvictory/services/firebaseapphosting.googleapis.com [omitted]
[debug] [2025-10-14T14:45:21.581Z] <<< [apiv2][status] GET https://serviceusage.googleapis.com/v1/projects/rccgplaceofvictory/services/ 200
[debug] [2025-10-14T14:45:21.581Z] <<< [apiv2][body] GET https://serviceusage.googleapis.com/v1/projects/rccgplaceofvictory/services/ [omitted]
[debug] [2025-10-14T14:45:22.026Z] <<< [apiv2][status] GET https://serviceusage.googleapis.com/v1/projects/rccgplaceofvictory/services/firebaseio.com 403
[debug] [2025-10-14T14:45:22.026Z] <<< [apiv2][body] GET https://serviceusage.googleapis.com/v1/projects/rccgplaceofvictory/services/firebaseio.com [omitted]
[debug] [2025-10-14T14:45:22.029Z] <<< [apiv2][status] GET https://serviceusage.googleapis.com/v1/projects/rccgplaceofvictory/services/firebaseio.com 403
[debug] [2025-10-14T14:45:22.029Z] <<< [apiv2][body] GET https://serviceusage.googleapis.com/v1/projects/rccgplaceofvictory/services/firebaseio.com [omitted]
[debug] [2025-10-14T14:45:22.030Z] <<< [apiv2][status] GET https://serviceusage.googleapis.com/v1/projects/rccgplaceofvictory/services/firebaseio.com 403
[debug] [2025-10-14T14:45:22.030Z] <<< [apiv2][body] GET https://serviceusage.googleapis.com/v1/projects/rccgplaceofvictory/services/firebaseio.com [omitted]
[debug] [2025-10-14T14:45:22.030Z] <<< [apiv2][status] GET https://serviceusage.googleapis.com/v1/projects/rccgplaceofvictory/services/firebaseio.com 403
[debug] [2025-10-14T14:45:22.030Z] <<< [apiv2][body] GET https://serviceusage.googleapis.com/v1/projects/rccgplaceofvictory/services/firebaseio.com [omitted]
[debug] [2025-10-14T14:45:22.030Z] <<< [apiv2][status] GET https://serviceusage.googleapis.com/v1/projects/rccgplaceofvictory/services/firebaseio.com 403
[debug] [2025-10-14T14:45:22.030Z] <<< [apiv2][body] GET https://serviceusage.googleapis.com/v1/projects/rccgplaceofvictory/services/firebaseio.com [omitted]
[debug] [2025-10-14T14:45:22.077Z] <<< [apiv2][status] GET https://serviceusage.googleapis.com/v1/projects/rccgplaceofvictory/services/ 200
[debug] [2025-10-14T14:45:22.077Z] <<< [apiv2][body] GET https://serviceusage.googleapis.com/v1/projects/rccgplaceofvictory/services/ [omitted]
[debug] [2025-10-14T14:45:22.112Z] <<< [apiv2][status] GET https://serviceusage.googleapis.com/v1/projects/rccgplaceofvictory/services/firebaseio.com 403
[debug] [2025-10-14T14:45:22.112Z] <<< [apiv2][body] GET https://serviceusage.googleapis.com/v1/projects/rccgplaceofvictory/services/firebaseio.com [omitted]
[debug] [2025-10-14T14:45:22.129Z] <<< [apiv2][status] GET https://serviceusage.googleapis.com/v1/projects/rccgplaceofvictory/services/firebaseio.com 403
[debug] [2025-10-14T14:45:22.129Z] <<< [apiv2][body] GET https://serviceusage.googleapis.com/v1/projects/rccgplaceofvictory/services/firebaseio.com [omitted]
[debug] [2025-10-14T14:45:22.215Z] <<< [apiv2][status] GET https://serviceusage.googleapis.com/v1/projects/rccgplaceofvictory/services/ 200
[debug] [2025-10-14T14:45:22.215Z] <<< [apiv2][body] GET https://serviceusage.googleapis.com/v1/projects/rccgplaceofvictory/services/ [omitted]
[debug] [2025-10-14T14:45:22.236Z] <<< [apiv2][status] GET https://serviceusage.googleapis.com/v1/projects/rccgplaceofvictory/services/ 200
[debug] [2025-10-14T14:45:22.236Z] <<< [apiv2][body] GET https://serviceusage.googleapis.com/v1/projects/rccgplaceofvictory/services/ [omitted]
[debug] [2025-10-14T14:45:22.247Z] <<< [apiv2][status] GET https://serviceusage.googleapis.com/v1/projects/rccgplaceofvictory/services/firebasecrashlytics.googleapis.com 200
[debug] [2025-10-14T14:45:22.247Z] <<< [apiv2][body] GET https://serviceusage.googleapis.com/v1/projects/rccgplaceofvictory/services/firebasecrashlytics.googleapis.com [omitted]
[debug] [2025-10-14T14:45:22.249Z] <<< [apiv2][status] GET https://serviceusage.googleapis.com/v1/projects/rccgplaceofvictory/services/firebasecrashlytics.googleapis.com 200
[debug] [2025-10-14T14:45:22.249Z] <<< [apiv2][body] GET https://serviceusage.googleapis.com/v1/projects/rccgplaceofvictory/services/firebasecrashlytics.googleapis.com [omitted]
[debug] [2025-10-14T14:45:22.263Z] <<< [apiv2][status] GET https://serviceusage.googleapis.com/v1/projects/rccgplaceofvictory/services/firebasecrashlytics.googleapis.com 200
[debug] [2025-10-14T14:45:22.263Z] <<< [apiv2][body] GET https://serviceusage.googleapis.com/v1/projects/rccgplaceofvictory/services/firebasecrashlytics.googleapis.com [omitted]
[debug] [2025-10-14T14:45:22.263Z] <<< [apiv2][status] GET https://serviceusage.googleapis.com/v1/projects/rccgplaceofvictory/services/cloudfunctions.googleapis.com 200
[debug] [2025-10-14T14:45:22.263Z] <<< [apiv2][body] GET https://serviceusage.googleapis.com/v1/projects/rccgplaceofvictory/services/cloudfunctions.googleapis.com [omitted]
[debug] [2025-10-14T14:45:22.265Z] <<< [apiv2][status] GET https://serviceusage.googleapis.com/v1/projects/rccgplaceofvictory/services/firebasecrashlytics.googleapis.com 200
[debug] [2025-10-14T14:45:22.265Z] <<< [apiv2][body] GET https://serviceusage.googleapis.com/v1/projects/rccgplaceofvictory/services/firebasecrashlytics.googleapis.com [omitted]
[debug] [2025-10-14T14:45:22.266Z] <<< [apiv2][status] GET https://serviceusage.googleapis.com/v1/projects/rccgplaceofvictory/services/firebasedataconnect.googleapis.com 200
[debug] [2025-10-14T14:45:22.266Z] <<< [apiv2][body] GET https://serviceusage.googleapis.com/v1/projects/rccgplaceofvictory/services/firebasedataconnect.googleapis.com [omitted]
[debug] [2025-10-14T14:45:22.277Z] <<< [apiv2][status] GET https://serviceusage.googleapis.com/v1/projects/rccgplaceofvictory/services/firebasecrashlytics.googleapis.com 200
[debug] [2025-10-14T14:45:22.277Z] <<< [apiv2][body] GET https://serviceusage.googleapis.com/v1/projects/rccgplaceofvictory/services/firebasecrashlytics.googleapis.com [omitted]
[debug] [2025-10-14T14:45:22.277Z] <<< [apiv2][status] GET https://serviceusage.googleapis.com/v1/projects/rccgplaceofvictory/services/firebaseapphosting.googleapis.com 200
[debug] [2025-10-14T14:45:22.277Z] <<< [apiv2][body] GET https://serviceusage.googleapis.com/v1/projects/rccgplaceofvictory/services/firebaseapphosting.googleapis.com [omitted]
[debug] [2025-10-14T14:45:22.279Z] <<< [apiv2][status] GET https://serviceusage.googleapis.com/v1/projects/rccgplaceofvictory/services/firebasedataconnect.googleapis.com 200
[debug] [2025-10-14T14:45:22.279Z] <<< [apiv2][body] GET https://serviceusage.googleapis.com/v1/projects/rccgplaceofvictory/services/firebasedataconnect.googleapis.com [omitted]
[debug] [2025-10-14T14:45:22.283Z] <<< [apiv2][status] GET https://serviceusage.googleapis.com/v1/projects/rccgplaceofvictory/services/firebasecrashlytics.googleapis.com 200
[debug] [2025-10-14T14:45:22.283Z] <<< [apiv2][body] GET https://serviceusage.googleapis.com/v1/projects/rccgplaceofvictory/services/firebasecrashlytics.googleapis.com [omitted]
[debug] [2025-10-14T14:45:22.284Z] <<< [apiv2][status] GET https://serviceusage.googleapis.com/v1/projects/rccgplaceofvictory/services/firebasecrashlytics.googleapis.com 200
[debug] [2025-10-14T14:45:22.284Z] <<< [apiv2][body] GET https://serviceusage.googleapis.com/v1/projects/rccgplaceofvictory/services/firebasecrashlytics.googleapis.com [omitted]
[debug] [2025-10-14T14:45:22.285Z] <<< [apiv2][status] GET https://serviceusage.googleapis.com/v1/projects/rccgplaceofvictory/services/cloudfunctions.googleapis.com 200
[debug] [2025-10-14T14:45:22.285Z] <<< [apiv2][body] GET https://serviceusage.googleapis.com/v1/projects/rccgplaceofvictory/services/cloudfunctions.googleapis.com [omitted]
[debug] [2025-10-14T14:45:22.285Z] <<< [apiv2][status] GET https://serviceusage.googleapis.com/v1/projects/rccgplaceofvictory/services/cloudfunctions.googleapis.com 200
[debug] [2025-10-14T14:45:22.285Z] <<< [apiv2][body] GET https://serviceusage.googleapis.com/v1/projects/rccgplaceofvictory/services/cloudfunctions.googleapis.com [omitted]
[debug] [2025-10-14T14:45:22.288Z] <<< [apiv2][status] GET https://serviceusage.googleapis.com/v1/projects/rccgplaceofvictory/services/cloudfunctions.googleapis.com 200
[debug] [2025-10-14T14:45:22.288Z] <<< [apiv2][body] GET https://serviceusage.googleapis.com/v1/projects/rccgplaceofvictory/services/cloudfunctions.googleapis.com [omitted]
[debug] [2025-10-14T14:45:22.288Z] <<< [apiv2][status] GET https://serviceusage.googleapis.com/v1/projects/rccgplaceofvictory/services/firebaseapphosting.googleapis.com 200
[debug] [2025-10-14T14:45:22.288Z] <<< [apiv2][body] GET https://serviceusage.googleapis.com/v1/projects/rccgplaceofvictory/services/firebaseapphosting.googleapis.com [omitted]
[debug] [2025-10-14T14:45:22.289Z] <<< [apiv2][status] GET https://serviceusage.googleapis.com/v1/projects/rccgplaceofvictory/services/firebasedataconnect.googleapis.com 200
[debug] [2025-10-14T14:45:22.289Z] <<< [apiv2][body] GET https://serviceusage.googleapis.com/v1/projects/rccgplaceofvictory/services/firebasedataconnect.googleapis.com [omitted]
[debug] [2025-10-14T14:45:22.292Z] <<< [apiv2][status] GET https://serviceusage.googleapis.com/v1/projects/rccgplaceofvictory/services/firebasedataconnect.googleapis.com 200
[debug] [2025-10-14T14:45:22.292Z] <<< [apiv2][body] GET https://serviceusage.googleapis.com/v1/projects/rccgplaceofvictory/services/firebasedataconnect.googleapis.com [omitted]
[debug] [2025-10-14T14:45:22.292Z] <<< [apiv2][status] GET https://serviceusage.googleapis.com/v1/projects/rccgplaceofvictory/services/firebaseapphosting.googleapis.com 200
[debug] [2025-10-14T14:45:22.292Z] <<< [apiv2][body] GET https://serviceusage.googleapis.com/v1/projects/rccgplaceofvictory/services/firebaseapphosting.googleapis.com [omitted]
[debug] [2025-10-14T14:45:22.293Z] <<< [apiv2][status] GET https://serviceusage.googleapis.com/v1/projects/rccgplaceofvictory/services/firebasedataconnect.googleapis.com 200
[debug] [2025-10-14T14:45:22.293Z] <<< [apiv2][body] GET https://serviceusage.googleapis.com/v1/projects/rccgplaceofvictory/services/firebasedataconnect.googleapis.com [omitted]
[debug] [2025-10-14T14:45:22.297Z] <<< [apiv2][status] GET https://serviceusage.googleapis.com/v1/projects/rccgplaceofvictory/services/firebasedataconnect.googleapis.com 200
[debug] [2025-10-14T14:45:22.297Z] <<< [apiv2][body] GET https://serviceusage.googleapis.com/v1/projects/rccgplaceofvictory/services/firebasedataconnect.googleapis.com [omitted]
[debug] [2025-10-14T14:45:22.297Z] <<< [apiv2][status] GET https://serviceusage.googleapis.com/v1/projects/rccgplaceofvictory/services/firebaseapphosting.googleapis.com 200
[debug] [2025-10-14T14:45:22.297Z] <<< [apiv2][body] GET https://serviceusage.googleapis.com/v1/projects/rccgplaceofvictory/services/firebaseapphosting.googleapis.com [omitted]
[debug] [2025-10-14T14:45:22.299Z] <<< [apiv2][status] GET https://serviceusage.googleapis.com/v1/projects/rccgplaceofvictory/services/firebasedataconnect.googleapis.com 200
[debug] [2025-10-14T14:45:22.299Z] <<< [apiv2][body] GET https://serviceusage.googleapis.com/v1/projects/rccgplaceofvictory/services/firebasedataconnect.googleapis.com [omitted]
[debug] [2025-10-14T14:45:22.302Z] <<< [apiv2][status] GET https://serviceusage.googleapis.com/v1/projects/rccgplaceofvictory/services/firebaseapphosting.googleapis.com 200
[debug] [2025-10-14T14:45:22.302Z] <<< [apiv2][body] GET https://serviceusage.googleapis.com/v1/projects/rccgplaceofvictory/services/firebaseapphosting.googleapis.com [omitted]
[debug] [2025-10-14T14:45:22.308Z] <<< [apiv2][status] GET https://serviceusage.googleapis.com/v1/projects/rccgplaceofvictory/services/firebaseapphosting.googleapis.com 200
[debug] [2025-10-14T14:45:22.308Z] <<< [apiv2][body] GET https://serviceusage.googleapis.com/v1/projects/rccgplaceofvictory/services/firebaseapphosting.googleapis.com [omitted]
[debug] [2025-10-14T14:45:22.311Z] <<< [apiv2][status] GET https://serviceusage.googleapis.com/v1/projects/rccgplaceofvictory/services/firebaseapphosting.googleapis.com 200
[debug] [2025-10-14T14:45:22.311Z] <<< [apiv2][body] GET https://serviceusage.googleapis.com/v1/projects/rccgplaceofvictory/services/firebaseapphosting.googleapis.com [omitted]
[debug] [2025-10-14T14:45:22.314Z] <<< [apiv2][status] GET https://serviceusage.googleapis.com/v1/projects/rccgplaceofvictory/services/cloudfunctions.googleapis.com 200
[debug] [2025-10-14T14:45:22.314Z] <<< [apiv2][body] GET https://serviceusage.googleapis.com/v1/projects/rccgplaceofvictory/services/cloudfunctions.googleapis.com [omitted]
[debug] [2025-10-14T14:45:22.315Z] > command requires scopes: ["email","openid","https://www.googleapis.com/auth/cloudplatformprojects.readonly","https://www.googleapis.com/auth/firebase","https://www.googleapis.com/auth/cloud-platform"]
[debug] [2025-10-14T14:45:22.316Z] > authorizing via signed-in user (chamellion555@gmail.com)
[debug] [2025-10-14T14:45:22.321Z] <<< [apiv2][status] GET https://serviceusage.googleapis.com/v1/projects/rccgplaceofvictory/services/cloudfunctions.googleapis.com 200
[debug] [2025-10-14T14:45:22.321Z] <<< [apiv2][body] GET https://serviceusage.googleapis.com/v1/projects/rccgplaceofvictory/services/cloudfunctions.googleapis.com [omitted]
[debug] [2025-10-14T14:45:22.322Z] <<< [apiv2][status] GET https://serviceusage.googleapis.com/v1/projects/rccgplaceofvictory/services/cloudfunctions.googleapis.com 200
[debug] [2025-10-14T14:45:22.322Z] <<< [apiv2][body] GET https://serviceusage.googleapis.com/v1/projects/rccgplaceofvictory/services/cloudfunctions.googleapis.com [omitted]
[debug] [2025-10-14T14:45:22.353Z] > command requires scopes: ["email","openid","https://www.googleapis.com/auth/cloudplatformprojects.readonly","https://www.googleapis.com/auth/firebase","https://www.googleapis.com/auth/cloud-platform"]
[debug] [2025-10-14T14:45:22.353Z] > authorizing via signed-in user (chamellion555@gmail.com)
[debug] [2025-10-14T14:45:22.384Z] > command requires scopes: ["email","openid","https://www.googleapis.com/auth/cloudplatformprojects.readonly","https://www.googleapis.com/auth/firebase","https://www.googleapis.com/auth/cloud-platform"]
[debug] [2025-10-14T14:45:22.384Z] > authorizing via signed-in user (chamellion555@gmail.com)
[debug] [2025-10-14T14:45:22.420Z] > command requires scopes: ["email","openid","https://www.googleapis.com/auth/cloudplatformprojects.readonly","https://www.googleapis.com/auth/firebase","https://www.googleapis.com/auth/cloud-platform"]
[debug] [2025-10-14T14:45:22.420Z] > authorizing via signed-in user (chamellion555@gmail.com)
[debug] [2025-10-14T14:45:22.422Z] > command requires scopes: ["email","openid","https://www.googleapis.com/auth/cloudplatformprojects.readonly","https://www.googleapis.com/auth/firebase","https://www.googleapis.com/auth/cloud-platform"]
[debug] [2025-10-14T14:45:22.422Z] > authorizing via signed-in user (chamellion555@gmail.com)
[debug] [2025-10-14T14:45:22.453Z] <<< [apiv2][status] GET https://serviceusage.googleapis.com/v1/projects/rccgplaceofvictory/services/ 200
[debug] [2025-10-14T14:45:22.453Z] <<< [apiv2][body] GET https://serviceusage.googleapis.com/v1/projects/rccgplaceofvictory/services/ [omitted]
[debug] [2025-10-14T14:45:22.462Z] > command requires scopes: ["email","openid","https://www.googleapis.com/auth/cloudplatformprojects.readonly","https://www.googleapis.com/auth/firebase","https://www.googleapis.com/auth/cloud-platform"]
[debug] [2025-10-14T14:45:22.462Z] > authorizing via signed-in user (chamellion555@gmail.com)
[debug] [2025-10-14T14:45:22.486Z] > command requires scopes: ["email","openid","https://www.googleapis.com/auth/cloudplatformprojects.readonly","https://www.googleapis.com/auth/firebase","https://www.googleapis.com/auth/cloud-platform"]
[debug] [2025-10-14T14:45:22.486Z] > authorizing via signed-in user (chamellion555@gmail.com)
[debug] [2025-10-14T14:45:22.504Z] <<< [apiv2][status] GET https://serviceusage.googleapis.com/v1/projects/rccgplaceofvictory/services/ 200
[debug] [2025-10-14T14:45:22.505Z] <<< [apiv2][body] GET https://serviceusage.googleapis.com/v1/projects/rccgplaceofvictory/services/ [omitted]
[debug] [2025-10-14T14:45:22.506Z] <<< [apiv2][status] GET https://serviceusage.googleapis.com/v1/projects/rccgplaceofvictory/services/ 200
[debug] [2025-10-14T14:45:22.506Z] <<< [apiv2][body] GET https://serviceusage.googleapis.com/v1/projects/rccgplaceofvictory/services/ [omitted]
[debug] [2025-10-14T14:45:22.518Z] > command requires scopes: ["email","openid","https://www.googleapis.com/auth/cloudplatformprojects.readonly","https://www.googleapis.com/auth/firebase","https://www.googleapis.com/auth/cloud-platform"]
[debug] [2025-10-14T14:45:22.518Z] > authorizing via signed-in user (chamellion555@gmail.com)
[debug] [2025-10-14T14:45:22.537Z] <<< [apiv2][status] GET https://serviceusage.googleapis.com/v1/projects/rccgplaceofvictory/services/ 200
[debug] [2025-10-14T14:45:22.537Z] <<< [apiv2][body] GET https://serviceusage.googleapis.com/v1/projects/rccgplaceofvictory/services/ [omitted]
[debug] [2025-10-14T14:45:22.540Z] > command requires scopes: ["email","openid","https://www.googleapis.com/auth/cloudplatformprojects.readonly","https://www.googleapis.com/auth/firebase","https://www.googleapis.com/auth/cloud-platform"]
[debug] [2025-10-14T14:45:22.540Z] > authorizing via signed-in user (chamellion555@gmail.com)
[debug] [2025-10-14T14:45:22.542Z] > command requires scopes: ["email","openid","https://www.googleapis.com/auth/cloudplatformprojects.readonly","https://www.googleapis.com/auth/firebase","https://www.googleapis.com/auth/cloud-platform"]
[debug] [2025-10-14T14:45:22.542Z] > authorizing via signed-in user (chamellion555@gmail.com)
[debug] [2025-10-14T14:45:22.577Z] > command requires scopes: ["email","openid","https://www.googleapis.com/auth/cloudplatformprojects.readonly","https://www.googleapis.com/auth/firebase","https://www.googleapis.com/auth/cloud-platform"]
[debug] [2025-10-14T14:45:22.577Z] > authorizing via signed-in user (chamellion555@gmail.com)
[debug] [2025-10-14T14:45:22.580Z] > command requires scopes: ["email","openid","https://www.googleapis.com/auth/cloudplatformprojects.readonly","https://www.googleapis.com/auth/firebase","https://www.googleapis.com/auth/cloud-platform"]
[debug] [2025-10-14T14:45:22.580Z] > authorizing via signed-in user (chamellion555@gmail.com)
[debug] [2025-10-14T14:45:22.615Z] > command requires scopes: ["email","openid","https://www.googleapis.com/auth/cloudplatformprojects.readonly","https://www.googleapis.com/auth/firebase","https://www.googleapis.com/auth/cloud-platform"]
[debug] [2025-10-14T14:45:22.615Z] > authorizing via signed-in user (chamellion555@gmail.com)
[debug] [2025-10-14T14:45:22.655Z] > command requires scopes: ["email","openid","https://www.googleapis.com/auth/cloudplatformprojects.readonly","https://www.googleapis.com/auth/firebase","https://www.googleapis.com/auth/cloud-platform"]
[debug] [2025-10-14T14:45:22.655Z] > authorizing via signed-in user (chamellion555@gmail.com)
[debug] [2025-10-14T18:57:06.953Z] Checked if tokens are valid: false, expires at: 1760456007085
[debug] [2025-10-14T18:57:06.955Z] Checked if tokens are valid: false, expires at: 1760456007085
[debug] [2025-10-14T18:57:06.955Z] > refreshing access token with scopes: []
[debug] [2025-10-14T18:57:06.957Z] >>> [apiv2][query] POST https://www.googleapis.com/oauth2/v3/token [none]
[debug] [2025-10-14T18:57:06.957Z] >>> [apiv2][body] POST https://www.googleapis.com/oauth2/v3/token [omitted]
[debug] [2025-10-14T18:57:06.981Z] Checked if tokens are valid: false, expires at: 1760456007085
[debug] [2025-10-14T18:57:06.981Z] Checked if tokens are valid: false, expires at: 1760456007085
[debug] [2025-10-14T18:57:06.981Z] > refreshing access token with scopes: []
[debug] [2025-10-14T18:57:06.982Z] >>> [apiv2][query] POST https://www.googleapis.com/oauth2/v3/token [none]
[debug] [2025-10-14T18:57:06.982Z] >>> [apiv2][body] POST https://www.googleapis.com/oauth2/v3/token [omitted]
[debug] [2025-10-14T18:57:06.983Z] Checked if tokens are valid: false, expires at: 1760456007085
[debug] [2025-10-14T18:57:06.983Z] Checked if tokens are valid: false, expires at: 1760456007085
[debug] [2025-10-14T18:57:06.983Z] > refreshing access token with scopes: []
[debug] [2025-10-14T18:57:06.984Z] >>> [apiv2][query] POST https://www.googleapis.com/oauth2/v3/token [none]
[debug] [2025-10-14T18:57:06.984Z] >>> [apiv2][body] POST https://www.googleapis.com/oauth2/v3/token [omitted]
[debug] [2025-10-14T18:57:06.985Z] Checked if tokens are valid: false, expires at: 1760456007085
[debug] [2025-10-14T18:57:06.985Z] Checked if tokens are valid: false, expires at: 1760456007085
[debug] [2025-10-14T18:57:06.985Z] > refreshing access token with scopes: []
[debug] [2025-10-14T18:57:06.985Z] >>> [apiv2][query] POST https://www.googleapis.com/oauth2/v3/token [none]
[debug] [2025-10-14T18:57:06.985Z] >>> [apiv2][body] POST https://www.googleapis.com/oauth2/v3/token [omitted]
[debug] [2025-10-14T18:57:06.985Z] Checked if tokens are valid: false, expires at: 1760456007085
[debug] [2025-10-14T18:57:06.985Z] Checked if tokens are valid: false, expires at: 1760456007085
[debug] [2025-10-14T18:57:06.986Z] > refreshing access token with scopes: []
[debug] [2025-10-14T18:57:06.986Z] >>> [apiv2][query] POST https://www.googleapis.com/oauth2/v3/token [none]
[debug] [2025-10-14T18:57:06.986Z] >>> [apiv2][body] POST https://www.googleapis.com/oauth2/v3/token [omitted]
[debug] [2025-10-14T18:57:06.986Z] Checked if tokens are valid: false, expires at: 1760456007085
[debug] [2025-10-14T18:57:06.986Z] Checked if tokens are valid: false, expires at: 1760456007085
[debug] [2025-10-14T18:57:06.986Z] > refreshing access token with scopes: []
[debug] [2025-10-14T18:57:06.986Z] >>> [apiv2][query] POST https://www.googleapis.com/oauth2/v3/token [none]
[debug] [2025-10-14T18:57:06.986Z] >>> [apiv2][body] POST https://www.googleapis.com/oauth2/v3/token [omitted]
[debug] [2025-10-14T18:57:06.964Z] Checked if tokens are valid: false, expires at: 1760456007085
[debug] [2025-10-14T18:57:06.966Z] Checked if tokens are valid: false, expires at: 1760456007085
[debug] [2025-10-14T18:57:06.966Z] > refreshing access token with scopes: []
[debug] [2025-10-14T18:57:06.967Z] >>> [apiv2][query] POST https://www.googleapis.com/oauth2/v3/token [none]
[debug] [2025-10-14T18:57:06.967Z] >>> [apiv2][body] POST https://www.googleapis.com/oauth2/v3/token [omitted]
[debug] [2025-10-14T18:57:06.989Z] Checked if tokens are valid: false, expires at: 1760456007085
[debug] [2025-10-14T18:57:06.989Z] Checked if tokens are valid: false, expires at: 1760456007085
[debug] [2025-10-14T18:57:06.989Z] > refreshing access token with scopes: []
[debug] [2025-10-14T18:57:06.990Z] >>> [apiv2][query] POST https://www.googleapis.com/oauth2/v3/token [none]
[debug] [2025-10-14T18:57:06.990Z] >>> [apiv2][body] POST https://www.googleapis.com/oauth2/v3/token [omitted]
[debug] [2025-10-14T18:57:06.991Z] Checked if tokens are valid: false, expires at: 1760456007085
[debug] [2025-10-14T18:57:06.991Z] Checked if tokens are valid: false, expires at: 1760456007085
[debug] [2025-10-14T18:57:06.991Z] > refreshing access token with scopes: []
[debug] [2025-10-14T18:57:06.991Z] >>> [apiv2][query] POST https://www.googleapis.com/oauth2/v3/token [none]
[debug] [2025-10-14T18:57:06.991Z] >>> [apiv2][body] POST https://www.googleapis.com/oauth2/v3/token [omitted]
[debug] [2025-10-14T18:57:06.992Z] Checked if tokens are valid: false, expires at: 1760456007085
[debug] [2025-10-14T18:57:06.992Z] Checked if tokens are valid: false, expires at: 1760456007085
[debug] [2025-10-14T18:57:06.992Z] > refreshing access token with scopes: []
[debug] [2025-10-14T18:57:06.992Z] >>> [apiv2][query] POST https://www.googleapis.com/oauth2/v3/token [none]
[debug] [2025-10-14T18:57:06.992Z] >>> [apiv2][body] POST https://www.googleapis.com/oauth2/v3/token [omitted]
[debug] [2025-10-14T18:57:06.993Z] Checked if tokens are valid: false, expires at: 1760456007085
[debug] [2025-10-14T18:57:06.993Z] Checked if tokens are valid: false, expires at: 1760456007085
[debug] [2025-10-14T18:57:06.993Z] > refreshing access token with scopes: []
[debug] [2025-10-14T18:57:06.994Z] >>> [apiv2][query] POST https://www.googleapis.com/oauth2/v3/token [none]
[debug] [2025-10-14T18:57:06.994Z] >>> [apiv2][body] POST https://www.googleapis.com/oauth2/v3/token [omitted]
[debug] [2025-10-14T18:57:06.994Z] Checked if tokens are valid: false, expires at: 1760456007085
[debug] [2025-10-14T18:57:06.994Z] Checked if tokens are valid: false, expires at: 1760456007085
[debug] [2025-10-14T18:57:06.994Z] > refreshing access token with scopes: []
[debug] [2025-10-14T18:57:06.995Z] >>> [apiv2][query] POST https://www.googleapis.com/oauth2/v3/token [none]
[debug] [2025-10-14T18:57:06.995Z] >>> [apiv2][body] POST https://www.googleapis.com/oauth2/v3/token [omitted]
[debug] [2025-10-14T18:57:07.000Z] Checked if tokens are valid: false, expires at: 1760456007085
[debug] [2025-10-14T18:57:07.000Z] Checked if tokens are valid: false, expires at: 1760456007085
[debug] [2025-10-14T18:57:07.000Z] > refreshing access token with scopes: []
[debug] [2025-10-14T18:57:07.001Z] >>> [apiv2][query] POST https://www.googleapis.com/oauth2/v3/token [none]
[debug] [2025-10-14T18:57:07.001Z] >>> [apiv2][body] POST https://www.googleapis.com/oauth2/v3/token [omitted]
[debug] [2025-10-14T18:57:07.002Z] Checked if tokens are valid: false, expires at: 1760456007085
[debug] [2025-10-14T18:57:07.002Z] Checked if tokens are valid: false, expires at: 1760456007085
[debug] [2025-10-14T18:57:07.002Z] > refreshing access token with scopes: []
[debug] [2025-10-14T18:57:07.002Z] >>> [apiv2][query] POST https://www.googleapis.com/oauth2/v3/token [none]
[debug] [2025-10-14T18:57:07.002Z] >>> [apiv2][body] POST https://www.googleapis.com/oauth2/v3/token [omitted]
[debug] [2025-10-14T18:57:07.003Z] Checked if tokens are valid: false, expires at: 1760456007085
[debug] [2025-10-14T18:57:07.003Z] Checked if tokens are valid: false, expires at: 1760456007085
[debug] [2025-10-14T18:57:07.003Z] > refreshing access token with scopes: []
[debug] [2025-10-14T18:57:07.003Z] >>> [apiv2][query] POST https://www.googleapis.com/oauth2/v3/token [none]
[debug] [2025-10-14T18:57:07.003Z] >>> [apiv2][body] POST https://www.googleapis.com/oauth2/v3/token [omitted]
[debug] [2025-10-14T18:57:07.004Z] Checked if tokens are valid: false, expires at: 1760456007085
[debug] [2025-10-14T18:57:07.004Z] Checked if tokens are valid: false, expires at: 1760456007085
[debug] [2025-10-14T18:57:07.004Z] > refreshing access token with scopes: []
[debug] [2025-10-14T18:57:07.004Z] >>> [apiv2][query] POST https://www.googleapis.com/oauth2/v3/token [none]
[debug] [2025-10-14T18:57:07.004Z] >>> [apiv2][body] POST https://www.googleapis.com/oauth2/v3/token [omitted]
[debug] [2025-10-14T18:57:07.005Z] Checked if tokens are valid: false, expires at: 1760456007085
[debug] [2025-10-14T18:57:07.005Z] Checked if tokens are valid: false, expires at: 1760456007085
[debug] [2025-10-14T18:57:07.005Z] > refreshing access token with scopes: []
[debug] [2025-10-14T18:57:07.005Z] >>> [apiv2][query] POST https://www.googleapis.com/oauth2/v3/token [none]
[debug] [2025-10-14T18:57:07.005Z] >>> [apiv2][body] POST https://www.googleapis.com/oauth2/v3/token [omitted]
[debug] [2025-10-14T18:57:07.006Z] Checked if tokens are valid: false, expires at: 1760456007085
[debug] [2025-10-14T18:57:07.006Z] Checked if tokens are valid: false, expires at: 1760456007085
[debug] [2025-10-14T18:57:07.006Z] > refreshing access token with scopes: []
[debug] [2025-10-14T18:57:07.006Z] >>> [apiv2][query] POST https://www.googleapis.com/oauth2/v3/token [none]
[debug] [2025-10-14T18:57:07.006Z] >>> [apiv2][body] POST https://www.googleapis.com/oauth2/v3/token [omitted]
[debug] [2025-10-14T18:57:07.008Z] Checked if tokens are valid: false, expires at: 1760456007085
[debug] [2025-10-14T18:57:07.008Z] Checked if tokens are valid: false, expires at: 1760456007085
[debug] [2025-10-14T18:57:07.008Z] > refreshing access token with scopes: []
[debug] [2025-10-14T18:57:07.008Z] >>> [apiv2][query] POST https://www.googleapis.com/oauth2/v3/token [none]
[debug] [2025-10-14T18:57:07.008Z] >>> [apiv2][body] POST https://www.googleapis.com/oauth2/v3/token [omitted]
[debug] [2025-10-14T18:57:07.009Z] Checked if tokens are valid: false, expires at: 1760456007085
[debug] [2025-10-14T18:57:07.009Z] Checked if tokens are valid: false, expires at: 1760456007085
[debug] [2025-10-14T18:57:07.009Z] > refreshing access token with scopes: []
[debug] [2025-10-14T18:57:07.009Z] >>> [apiv2][query] POST https://www.googleapis.com/oauth2/v3/token [none]
[debug] [2025-10-14T18:57:07.009Z] >>> [apiv2][body] POST https://www.googleapis.com/oauth2/v3/token [omitted]
[debug] [2025-10-14T18:57:07.009Z] Checked if tokens are valid: false, expires at: 1760456007085
[debug] [2025-10-14T18:57:07.009Z] Checked if tokens are valid: false, expires at: 1760456007085
[debug] [2025-10-14T18:57:07.009Z] > refreshing access token with scopes: []
[debug] [2025-10-14T18:57:07.009Z] >>> [apiv2][query] POST https://www.googleapis.com/oauth2/v3/token [none]
[debug] [2025-10-14T18:57:07.009Z] >>> [apiv2][body] POST https://www.googleapis.com/oauth2/v3/token [omitted]
[debug] [2025-10-14T18:57:07.010Z] Checked if tokens are valid: false, expires at: 1760456007085
[debug] [2025-10-14T18:57:07.010Z] Checked if tokens are valid: false, expires at: 1760456007085
[debug] [2025-10-14T18:57:07.010Z] > refreshing access token with scopes: []
[debug] [2025-10-14T18:57:07.010Z] >>> [apiv2][query] POST https://www.googleapis.com/oauth2/v3/token [none]
[debug] [2025-10-14T18:57:07.010Z] >>> [apiv2][body] POST https://www.googleapis.com/oauth2/v3/token [omitted]
[debug] [2025-10-14T18:57:07.011Z] Checked if tokens are valid: false, expires at: 1760456007085
[debug] [2025-10-14T18:57:07.011Z] Checked if tokens are valid: false, expires at: 1760456007085
[debug] [2025-10-14T18:57:07.011Z] > refreshing access token with scopes: []
[debug] [2025-10-14T18:57:07.011Z] >>> [apiv2][query] POST https://www.googleapis.com/oauth2/v3/token [none]
[debug] [2025-10-14T18:57:07.011Z] >>> [apiv2][body] POST https://www.googleapis.com/oauth2/v3/token [omitted]
[debug] [2025-10-14T18:57:07.012Z] Checked if tokens are valid: false, expires at: 1760456007085
[debug] [2025-10-14T18:57:07.012Z] Checked if tokens are valid: false, expires at: 1760456007085
[debug] [2025-10-14T18:57:07.012Z] > refreshing access token with scopes: []
[debug] [2025-10-14T18:57:07.012Z] >>> [apiv2][query] POST https://www.googleapis.com/oauth2/v3/token [none]
[debug] [2025-10-14T18:57:07.012Z] >>> [apiv2][body] POST https://www.googleapis.com/oauth2/v3/token [omitted]
[debug] [2025-10-14T18:57:07.148Z] <<< [apiv2][status] POST https://www.googleapis.com/oauth2/v3/token 200
[debug] [2025-10-14T18:57:07.148Z] <<< [apiv2][body] POST https://www.googleapis.com/oauth2/v3/token [omitted]
[debug] [2025-10-14T18:57:07.166Z] >>> [apiv2][query] GET https://serviceusage.googleapis.com/v1/projects/rccgplaceofvictory/services/firebasedataconnect.googleapis.com [none]
[debug] [2025-10-14T18:57:07.166Z] >>> [apiv2][(partial)header] GET https://serviceusage.googleapis.com/v1/projects/rccgplaceofvictory/services/firebasedataconnect.googleapis.com x-goog-quota-user=projects/rccgplaceofvictory
[debug] [2025-10-14T18:57:07.169Z] <<< [apiv2][status] POST https://www.googleapis.com/oauth2/v3/token 200
[debug] [2025-10-14T18:57:07.169Z] <<< [apiv2][body] POST https://www.googleapis.com/oauth2/v3/token [omitted]
[debug] [2025-10-14T18:57:07.177Z] >>> [apiv2][query] GET https://serviceusage.googleapis.com/v1/projects/rccgplaceofvictory/services/firebaseapphosting.googleapis.com [none]
[debug] [2025-10-14T18:57:07.177Z] >>> [apiv2][(partial)header] GET https://serviceusage.googleapis.com/v1/projects/rccgplaceofvictory/services/firebaseapphosting.googleapis.com x-goog-quota-user=projects/rccgplaceofvictory
[debug] [2025-10-14T18:57:07.179Z] <<< [apiv2][status] POST https://www.googleapis.com/oauth2/v3/token 200
[debug] [2025-10-14T18:57:07.179Z] <<< [apiv2][body] POST https://www.googleapis.com/oauth2/v3/token [omitted]
[debug] [2025-10-14T18:57:07.187Z] >>> [apiv2][query] GET https://serviceusage.googleapis.com/v1/projects/rccgplaceofvictory/services/cloudfunctions.googleapis.com [none]
[debug] [2025-10-14T18:57:07.187Z] >>> [apiv2][(partial)header] GET https://serviceusage.googleapis.com/v1/projects/rccgplaceofvictory/services/cloudfunctions.googleapis.com x-goog-quota-user=projects/rccgplaceofvictory
[debug] [2025-10-14T18:57:07.190Z] <<< [apiv2][status] POST https://www.googleapis.com/oauth2/v3/token 200
[debug] [2025-10-14T18:57:07.190Z] <<< [apiv2][body] POST https://www.googleapis.com/oauth2/v3/token [omitted]
[debug] [2025-10-14T18:57:07.199Z] >>> [apiv2][query] GET https://serviceusage.googleapis.com/v1/projects/rccgplaceofvictory/services/firebasecrashlytics.googleapis.com [none]
[debug] [2025-10-14T18:57:07.199Z] >>> [apiv2][(partial)header] GET https://serviceusage.googleapis.com/v1/projects/rccgplaceofvictory/services/firebasecrashlytics.googleapis.com x-goog-quota-user=projects/rccgplaceofvictory
[debug] [2025-10-14T18:57:07.199Z] <<< [apiv2][status] POST https://www.googleapis.com/oauth2/v3/token 200
[debug] [2025-10-14T18:57:07.199Z] <<< [apiv2][body] POST https://www.googleapis.com/oauth2/v3/token [omitted]
[debug] [2025-10-14T18:57:07.204Z] >>> [apiv2][query] GET https://serviceusage.googleapis.com/v1/projects/rccgplaceofvictory/services/firebaseio.com [none]
[debug] [2025-10-14T18:57:07.204Z] >>> [apiv2][(partial)header] GET https://serviceusage.googleapis.com/v1/projects/rccgplaceofvictory/services/firebaseio.com x-goog-quota-user=projects/rccgplaceofvictory
[debug] [2025-10-14T18:57:07.207Z] <<< [apiv2][status] POST https://www.googleapis.com/oauth2/v3/token 200
[debug] [2025-10-14T18:57:07.207Z] <<< [apiv2][body] POST https://www.googleapis.com/oauth2/v3/token [omitted]
[debug] [2025-10-14T18:57:07.216Z] >>> [apiv2][query] GET https://serviceusage.googleapis.com/v1/projects/rccgplaceofvictory/services/firebaseio.com [none]
[debug] [2025-10-14T18:57:07.216Z] >>> [apiv2][(partial)header] GET https://serviceusage.googleapis.com/v1/projects/rccgplaceofvictory/services/firebaseio.com x-goog-quota-user=projects/rccgplaceofvictory
[debug] [2025-10-14T18:57:07.217Z] <<< [apiv2][status] POST https://www.googleapis.com/oauth2/v3/token 200
[debug] [2025-10-14T18:57:07.217Z] <<< [apiv2][body] POST https://www.googleapis.com/oauth2/v3/token [omitted]
[debug] [2025-10-14T18:57:07.225Z] >>> [apiv2][query] GET https://serviceusage.googleapis.com/v1/projects/rccgplaceofvictory/services/ [none]
[debug] [2025-10-14T18:57:07.225Z] >>> [apiv2][(partial)header] GET https://serviceusage.googleapis.com/v1/projects/rccgplaceofvictory/services/ x-goog-quota-user=projects/rccgplaceofvictory
[debug] [2025-10-14T18:57:07.227Z] <<< [apiv2][status] POST https://www.googleapis.com/oauth2/v3/token 200
[debug] [2025-10-14T18:57:07.227Z] <<< [apiv2][body] POST https://www.googleapis.com/oauth2/v3/token [omitted]
[debug] [2025-10-14T18:57:07.238Z] >>> [apiv2][query] GET https://serviceusage.googleapis.com/v1/projects/rccgplaceofvictory/services/firebasedataconnect.googleapis.com [none]
[debug] [2025-10-14T18:57:07.238Z] >>> [apiv2][(partial)header] GET https://serviceusage.googleapis.com/v1/projects/rccgplaceofvictory/services/firebasedataconnect.googleapis.com x-goog-quota-user=projects/rccgplaceofvictory
[debug] [2025-10-14T18:57:07.240Z] <<< [apiv2][status] POST https://www.googleapis.com/oauth2/v3/token 200
[debug] [2025-10-14T18:57:07.240Z] <<< [apiv2][body] POST https://www.googleapis.com/oauth2/v3/token [omitted]
[debug] [2025-10-14T18:57:07.273Z] >>> [apiv2][query] GET https://serviceusage.googleapis.com/v1/projects/rccgplaceofvictory/services/ [none]
[debug] [2025-10-14T18:57:07.273Z] >>> [apiv2][(partial)header] GET https://serviceusage.googleapis.com/v1/projects/rccgplaceofvictory/services/ x-goog-quota-user=projects/rccgplaceofvictory
[debug] [2025-10-14T18:57:07.277Z] <<< [apiv2][status] POST https://www.googleapis.com/oauth2/v3/token 200
[debug] [2025-10-14T18:57:07.277Z] <<< [apiv2][body] POST https://www.googleapis.com/oauth2/v3/token [omitted]
[debug] [2025-10-14T18:57:07.285Z] >>> [apiv2][query] GET https://serviceusage.googleapis.com/v1/projects/rccgplaceofvictory/services/ [none]
[debug] [2025-10-14T18:57:07.285Z] >>> [apiv2][(partial)header] GET https://serviceusage.googleapis.com/v1/projects/rccgplaceofvictory/services/ x-goog-quota-user=projects/rccgplaceofvictory
[debug] [2025-10-14T18:57:07.286Z] <<< [apiv2][status] POST https://www.googleapis.com/oauth2/v3/token 200
[debug] [2025-10-14T18:57:07.286Z] <<< [apiv2][body] POST https://www.googleapis.com/oauth2/v3/token [omitted]
[debug] [2025-10-14T18:57:07.293Z] >>> [apiv2][query] GET https://serviceusage.googleapis.com/v1/projects/rccgplaceofvictory/services/firebaseapphosting.googleapis.com [none]
[debug] [2025-10-14T18:57:07.293Z] >>> [apiv2][(partial)header] GET https://serviceusage.googleapis.com/v1/projects/rccgplaceofvictory/services/firebaseapphosting.googleapis.com x-goog-quota-user=projects/rccgplaceofvictory
[debug] [2025-10-14T18:57:07.294Z] <<< [apiv2][status] POST https://www.googleapis.com/oauth2/v3/token 200
[debug] [2025-10-14T18:57:07.294Z] <<< [apiv2][body] POST https://www.googleapis.com/oauth2/v3/token [omitted]
[debug] [2025-10-14T18:57:07.301Z] >>> [apiv2][query] GET https://serviceusage.googleapis.com/v1/projects/rccgplaceofvictory/services/firebasecrashlytics.googleapis.com [none]
[debug] [2025-10-14T18:57:07.301Z] >>> [apiv2][(partial)header] GET https://serviceusage.googleapis.com/v1/projects/rccgplaceofvictory/services/firebasecrashlytics.googleapis.com x-goog-quota-user=projects/rccgplaceofvictory
[debug] [2025-10-14T18:57:07.303Z] <<< [apiv2][status] POST https://www.googleapis.com/oauth2/v3/token 200
[debug] [2025-10-14T18:57:07.303Z] <<< [apiv2][body] POST https://www.googleapis.com/oauth2/v3/token [omitted]
[debug] [2025-10-14T18:57:07.311Z] >>> [apiv2][query] GET https://serviceusage.googleapis.com/v1/projects/rccgplaceofvictory/services/firebasedataconnect.googleapis.com [none]
[debug] [2025-10-14T18:57:07.311Z] >>> [apiv2][(partial)header] GET https://serviceusage.googleapis.com/v1/projects/rccgplaceofvictory/services/firebasedataconnect.googleapis.com x-goog-quota-user=projects/rccgplaceofvictory
[debug] [2025-10-14T18:57:07.311Z] <<< [apiv2][status] POST https://www.googleapis.com/oauth2/v3/token 200
[debug] [2025-10-14T18:57:07.311Z] <<< [apiv2][body] POST https://www.googleapis.com/oauth2/v3/token [omitted]
[debug] [2025-10-14T18:57:07.319Z] >>> [apiv2][query] GET https://serviceusage.googleapis.com/v1/projects/rccgplaceofvictory/services/firebasecrashlytics.googleapis.com [none]
[debug] [2025-10-14T18:57:07.319Z] >>> [apiv2][(partial)header] GET https://serviceusage.googleapis.com/v1/projects/rccgplaceofvictory/services/firebasecrashlytics.googleapis.com x-goog-quota-user=projects/rccgplaceofvictory
[debug] [2025-10-14T18:57:07.327Z] <<< [apiv2][status] POST https://www.googleapis.com/oauth2/v3/token 200
[debug] [2025-10-14T18:57:07.327Z] <<< [apiv2][body] POST https://www.googleapis.com/oauth2/v3/token [omitted]
[debug] [2025-10-14T18:57:07.333Z] >>> [apiv2][query] GET https://serviceusage.googleapis.com/v1/projects/rccgplaceofvictory/services/cloudfunctions.googleapis.com [none]
[debug] [2025-10-14T18:57:07.333Z] >>> [apiv2][(partial)header] GET https://serviceusage.googleapis.com/v1/projects/rccgplaceofvictory/services/cloudfunctions.googleapis.com x-goog-quota-user=projects/rccgplaceofvictory
[debug] [2025-10-14T18:57:07.334Z] <<< [apiv2][status] POST https://www.googleapis.com/oauth2/v3/token 200
[debug] [2025-10-14T18:57:07.334Z] <<< [apiv2][body] POST https://www.googleapis.com/oauth2/v3/token [omitted]
[debug] [2025-10-14T18:57:07.342Z] >>> [apiv2][query] GET https://serviceusage.googleapis.com/v1/projects/rccgplaceofvictory/services/cloudfunctions.googleapis.com [none]
[debug] [2025-10-14T18:57:07.342Z] >>> [apiv2][(partial)header] GET https://serviceusage.googleapis.com/v1/projects/rccgplaceofvictory/services/cloudfunctions.googleapis.com x-goog-quota-user=projects/rccgplaceofvictory
[debug] [2025-10-14T18:57:07.342Z] <<< [apiv2][status] POST https://www.googleapis.com/oauth2/v3/token 200
[debug] [2025-10-14T18:57:07.342Z] <<< [apiv2][body] POST https://www.googleapis.com/oauth2/v3/token [omitted]
[debug] [2025-10-14T18:57:07.349Z] >>> [apiv2][query] GET https://serviceusage.googleapis.com/v1/projects/rccgplaceofvictory/services/firebaseio.com [none]
[debug] [2025-10-14T18:57:07.349Z] >>> [apiv2][(partial)header] GET https://serviceusage.googleapis.com/v1/projects/rccgplaceofvictory/services/firebaseio.com x-goog-quota-user=projects/rccgplaceofvictory
[debug] [2025-10-14T18:57:07.351Z] <<< [apiv2][status] POST https://www.googleapis.com/oauth2/v3/token 200
[debug] [2025-10-14T18:57:07.351Z] <<< [apiv2][body] POST https://www.googleapis.com/oauth2/v3/token [omitted]
[debug] [2025-10-14T18:57:07.357Z] >>> [apiv2][query] GET https://serviceusage.googleapis.com/v1/projects/rccgplaceofvictory/services/firebaseapphosting.googleapis.com [none]
[debug] [2025-10-14T18:57:07.357Z] >>> [apiv2][(partial)header] GET https://serviceusage.googleapis.com/v1/projects/rccgplaceofvictory/services/firebaseapphosting.googleapis.com x-goog-quota-user=projects/rccgplaceofvictory
[debug] [2025-10-14T18:57:07.939Z] <<< [apiv2][status] GET https://serviceusage.googleapis.com/v1/projects/rccgplaceofvictory/services/firebaseio.com 403
[debug] [2025-10-14T18:57:07.939Z] <<< [apiv2][body] GET https://serviceusage.googleapis.com/v1/projects/rccgplaceofvictory/services/firebaseio.com [omitted]
[debug] [2025-10-14T18:57:08.035Z] <<< [apiv2][status] GET https://serviceusage.googleapis.com/v1/projects/rccgplaceofvictory/services/firebasedataconnect.googleapis.com 200
[debug] [2025-10-14T18:57:08.035Z] <<< [apiv2][body] GET https://serviceusage.googleapis.com/v1/projects/rccgplaceofvictory/services/firebasedataconnect.googleapis.com [omitted]
[debug] [2025-10-14T18:57:08.051Z] <<< [apiv2][status] GET https://serviceusage.googleapis.com/v1/projects/rccgplaceofvictory/services/firebaseapphosting.googleapis.com 200
[debug] [2025-10-14T18:57:08.051Z] <<< [apiv2][body] GET https://serviceusage.googleapis.com/v1/projects/rccgplaceofvictory/services/firebaseapphosting.googleapis.com [omitted]
[debug] [2025-10-14T18:57:08.068Z] <<< [apiv2][status] GET https://serviceusage.googleapis.com/v1/projects/rccgplaceofvictory/services/firebasecrashlytics.googleapis.com 200
[debug] [2025-10-14T18:57:08.068Z] <<< [apiv2][body] GET https://serviceusage.googleapis.com/v1/projects/rccgplaceofvictory/services/firebasecrashlytics.googleapis.com [omitted]
[debug] [2025-10-14T18:57:08.082Z] <<< [apiv2][status] GET https://serviceusage.googleapis.com/v1/projects/rccgplaceofvictory/services/cloudfunctions.googleapis.com 200
[debug] [2025-10-14T18:57:08.082Z] <<< [apiv2][body] GET https://serviceusage.googleapis.com/v1/projects/rccgplaceofvictory/services/cloudfunctions.googleapis.com [omitted]
[debug] [2025-10-14T18:57:08.304Z] <<< [apiv2][status] GET https://serviceusage.googleapis.com/v1/projects/rccgplaceofvictory/services/ 200
[debug] [2025-10-14T18:57:08.304Z] <<< [apiv2][body] GET https://serviceusage.googleapis.com/v1/projects/rccgplaceofvictory/services/ [omitted]
[debug] [2025-10-14T18:57:08.537Z] <<< [apiv2][status] GET https://serviceusage.googleapis.com/v1/projects/rccgplaceofvictory/services/firebaseio.com 403
[debug] [2025-10-14T18:57:08.537Z] <<< [apiv2][body] GET https://serviceusage.googleapis.com/v1/projects/rccgplaceofvictory/services/firebaseio.com [omitted]
[debug] [2025-10-14T18:57:08.537Z] <<< [apiv2][status] GET https://serviceusage.googleapis.com/v1/projects/rccgplaceofvictory/services/firebaseio.com 403
[debug] [2025-10-14T18:57:08.537Z] <<< [apiv2][body] GET https://serviceusage.googleapis.com/v1/projects/rccgplaceofvictory/services/firebaseio.com [omitted]
[debug] [2025-10-14T18:57:08.762Z] <<< [apiv2][status] GET https://serviceusage.googleapis.com/v1/projects/rccgplaceofvictory/services/firebasedataconnect.googleapis.com 200
[debug] [2025-10-14T18:57:08.762Z] <<< [apiv2][body] GET https://serviceusage.googleapis.com/v1/projects/rccgplaceofvictory/services/firebasedataconnect.googleapis.com [omitted]
[debug] [2025-10-14T18:57:08.764Z] <<< [apiv2][status] GET https://serviceusage.googleapis.com/v1/projects/rccgplaceofvictory/services/firebasedataconnect.googleapis.com 200
[debug] [2025-10-14T18:57:08.764Z] <<< [apiv2][body] GET https://serviceusage.googleapis.com/v1/projects/rccgplaceofvictory/services/firebasedataconnect.googleapis.com [omitted]
[debug] [2025-10-14T18:57:08.775Z] <<< [apiv2][status] GET https://serviceusage.googleapis.com/v1/projects/rccgplaceofvictory/services/firebaseapphosting.googleapis.com 200
[debug] [2025-10-14T18:57:08.775Z] <<< [apiv2][body] GET https://serviceusage.googleapis.com/v1/projects/rccgplaceofvictory/services/firebaseapphosting.googleapis.com [omitted]
[debug] [2025-10-14T18:57:08.780Z] <<< [apiv2][status] GET https://serviceusage.googleapis.com/v1/projects/rccgplaceofvictory/services/firebasecrashlytics.googleapis.com 200
[debug] [2025-10-14T18:57:08.780Z] <<< [apiv2][body] GET https://serviceusage.googleapis.com/v1/projects/rccgplaceofvictory/services/firebasecrashlytics.googleapis.com [omitted]
[debug] [2025-10-14T18:57:08.792Z] <<< [apiv2][status] GET https://serviceusage.googleapis.com/v1/projects/rccgplaceofvictory/services/firebasecrashlytics.googleapis.com 200
[debug] [2025-10-14T18:57:08.793Z] <<< [apiv2][body] GET https://serviceusage.googleapis.com/v1/projects/rccgplaceofvictory/services/firebasecrashlytics.googleapis.com [omitted]
[debug] [2025-10-14T18:57:08.803Z] <<< [apiv2][status] GET https://serviceusage.googleapis.com/v1/projects/rccgplaceofvictory/services/cloudfunctions.googleapis.com 200
[debug] [2025-10-14T18:57:08.803Z] <<< [apiv2][body] GET https://serviceusage.googleapis.com/v1/projects/rccgplaceofvictory/services/cloudfunctions.googleapis.com [omitted]
[debug] [2025-10-14T18:57:08.815Z] <<< [apiv2][status] GET https://serviceusage.googleapis.com/v1/projects/rccgplaceofvictory/services/cloudfunctions.googleapis.com 200
[debug] [2025-10-14T18:57:08.815Z] <<< [apiv2][body] GET https://serviceusage.googleapis.com/v1/projects/rccgplaceofvictory/services/cloudfunctions.googleapis.com [omitted]
[debug] [2025-10-14T18:57:08.826Z] > command requires scopes: ["email","openid","https://www.googleapis.com/auth/cloudplatformprojects.readonly","https://www.googleapis.com/auth/firebase","https://www.googleapis.com/auth/cloud-platform"]
[debug] [2025-10-14T18:57:08.826Z] > authorizing via signed-in user (chamellion555@gmail.com)
[debug] [2025-10-14T18:57:08.848Z] <<< [apiv2][status] GET https://serviceusage.googleapis.com/v1/projects/rccgplaceofvictory/services/firebaseapphosting.googleapis.com 200
[debug] [2025-10-14T18:57:08.848Z] <<< [apiv2][body] GET https://serviceusage.googleapis.com/v1/projects/rccgplaceofvictory/services/firebaseapphosting.googleapis.com [omitted]
[debug] [2025-10-14T18:57:08.876Z] > command requires scopes: ["email","openid","https://www.googleapis.com/auth/cloudplatformprojects.readonly","https://www.googleapis.com/auth/firebase","https://www.googleapis.com/auth/cloud-platform"]
[debug] [2025-10-14T18:57:08.876Z] > authorizing via signed-in user (chamellion555@gmail.com)
[debug] [2025-10-14T18:57:09.274Z] <<< [apiv2][status] GET https://serviceusage.googleapis.com/v1/projects/rccgplaceofvictory/services/ 200
[debug] [2025-10-14T18:57:09.274Z] <<< [apiv2][body] GET https://serviceusage.googleapis.com/v1/projects/rccgplaceofvictory/services/ [omitted]
[debug] [2025-10-14T18:57:09.317Z] > command requires scopes: ["email","openid","https://www.googleapis.com/auth/cloudplatformprojects.readonly","https://www.googleapis.com/auth/firebase","https://www.googleapis.com/auth/cloud-platform"]
[debug] [2025-10-14T18:57:09.317Z] > authorizing via signed-in user (chamellion555@gmail.com)
[debug] [2025-10-14T18:57:09.366Z] > command requires scopes: ["email","openid","https://www.googleapis.com/auth/cloudplatformprojects.readonly","https://www.googleapis.com/auth/firebase","https://www.googleapis.com/auth/cloud-platform"]
[debug] [2025-10-14T18:57:09.366Z] > authorizing via signed-in user (chamellion555@gmail.com)
[debug] [2025-10-14T18:57:09.368Z] <<< [apiv2][status] GET https://serviceusage.googleapis.com/v1/projects/rccgplaceofvictory/services/ 200
[debug] [2025-10-14T18:57:09.368Z] <<< [apiv2][body] GET https://serviceusage.googleapis.com/v1/projects/rccgplaceofvictory/services/ [omitted]
[debug] [2025-10-14T18:57:09.782Z] > command requires scopes: ["email","openid","https://www.googleapis.com/auth/cloudplatformprojects.readonly","https://www.googleapis.com/auth/firebase","https://www.googleapis.com/auth/cloud-platform"]
[debug] [2025-10-14T18:57:09.782Z] > authorizing via signed-in user (chamellion555@gmail.com)
[debug] [2025-10-14T18:57:09.838Z] > command requires scopes: ["email","openid","https://www.googleapis.com/auth/cloudplatformprojects.readonly","https://www.googleapis.com/auth/firebase","https://www.googleapis.com/auth/cloud-platform"]
[debug] [2025-10-14T18:57:09.838Z] > authorizing via signed-in user (chamellion555@gmail.com)
[debug] [2025-10-14T18:57:09.860Z] > command requires scopes: ["email","openid","https://www.googleapis.com/auth/cloudplatformprojects.readonly","https://www.googleapis.com/auth/firebase","https://www.googleapis.com/auth/cloud-platform"]
[debug] [2025-10-14T18:57:09.860Z] > authorizing via signed-in user (chamellion555@gmail.com)
[debug] [2025-10-14T18:57:09.861Z] > command requires scopes: ["email","openid","https://www.googleapis.com/auth/cloudplatformprojects.readonly","https://www.googleapis.com/auth/firebase","https://www.googleapis.com/auth/cloud-platform"]
[debug] [2025-10-14T18:57:09.861Z] > authorizing via signed-in user (chamellion555@gmail.com)
[debug] [2025-10-14T18:57:09.898Z] > command requires scopes: ["email","openid","https://www.googleapis.com/auth/cloudplatformprojects.readonly","https://www.googleapis.com/auth/firebase","https://www.googleapis.com/auth/cloud-platform"]
[debug] [2025-10-14T18:57:09.898Z] > authorizing via signed-in user (chamellion555@gmail.com)
[debug] [2025-10-14T18:57:09.916Z] > command requires scopes: ["email","openid","https://www.googleapis.com/auth/cloudplatformprojects.readonly","https://www.googleapis.com/auth/firebase","https://www.googleapis.com/auth/cloud-platform"]
[debug] [2025-10-14T18:57:09.916Z] > authorizing via signed-in user (chamellion555@gmail.com)
[debug] [2025-10-14T18:57:10.191Z] > command requires scopes: ["email","openid","https://www.googleapis.com/auth/cloudplatformprojects.readonly","https://www.googleapis.com/auth/firebase","https://www.googleapis.com/auth/cloud-platform"]
[debug] [2025-10-14T18:57:10.192Z] > authorizing via signed-in user (chamellion555@gmail.com)
[debug] [2025-10-14T18:57:10.246Z] > command requires scopes: ["email","openid","https://www.googleapis.com/auth/cloudplatformprojects.readonly","https://www.googleapis.com/auth/firebase","https://www.googleapis.com/auth/cloud-platform"]
[debug] [2025-10-14T18:57:10.246Z] > authorizing via signed-in user (chamellion555@gmail.com)
[debug] [2025-10-14T18:57:10.246Z] > command requires scopes: ["email","openid","https://www.googleapis.com/auth/cloudplatformprojects.readonly","https://www.googleapis.com/auth/firebase","https://www.googleapis.com/auth/cloud-platform"]
[debug] [2025-10-14T18:57:10.247Z] > authorizing via signed-in user (chamellion555@gmail.com)
[debug] [2025-10-14T18:57:10.282Z] > command requires scopes: ["email","openid","https://www.googleapis.com/auth/cloudplatformprojects.readonly","https://www.googleapis.com/auth/firebase","https://www.googleapis.com/auth/cloud-platform"]
[debug] [2025-10-14T18:57:10.282Z] > authorizing via signed-in user (chamellion555@gmail.com)
[debug] [2025-10-17T11:01:06.249Z] Checked if tokens are valid: false, expires at: 1760471826351
[debug] [2025-10-17T11:01:06.251Z] Checked if tokens are valid: false, expires at: 1760471826351
[debug] [2025-10-17T11:01:06.251Z] > refreshing access token with scopes: []
[debug] [2025-10-17T11:01:06.252Z] >>> [apiv2][query] POST https://www.googleapis.com/oauth2/v3/token [none]
[debug] [2025-10-17T11:01:06.252Z] >>> [apiv2][body] POST https://www.googleapis.com/oauth2/v3/token [omitted]
[debug] [2025-10-17T11:01:06.273Z] Checked if tokens are valid: false, expires at: 1760471826351
[debug] [2025-10-17T11:01:06.273Z] Checked if tokens are valid: false, expires at: 1760471826351
[debug] [2025-10-17T11:01:06.274Z] > refreshing access token with scopes: []
[debug] [2025-10-17T11:01:06.274Z] >>> [apiv2][query] POST https://www.googleapis.com/oauth2/v3/token [none]
[debug] [2025-10-17T11:01:06.274Z] >>> [apiv2][body] POST https://www.googleapis.com/oauth2/v3/token [omitted]
[debug] [2025-10-17T11:01:06.275Z] Checked if tokens are valid: false, expires at: 1760471826351
[debug] [2025-10-17T11:01:06.275Z] Checked if tokens are valid: false, expires at: 1760471826351
[debug] [2025-10-17T11:01:06.275Z] > refreshing access token with scopes: []
[debug] [2025-10-17T11:01:06.275Z] >>> [apiv2][query] POST https://www.googleapis.com/oauth2/v3/token [none]
[debug] [2025-10-17T11:01:06.275Z] >>> [apiv2][body] POST https://www.googleapis.com/oauth2/v3/token [omitted]
[debug] [2025-10-17T11:01:06.276Z] Checked if tokens are valid: false, expires at: 1760471826351
[debug] [2025-10-17T11:01:06.276Z] Checked if tokens are valid: false, expires at: 1760471826351
[debug] [2025-10-17T11:01:06.276Z] > refreshing access token with scopes: []
[debug] [2025-10-17T11:01:06.276Z] >>> [apiv2][query] POST https://www.googleapis.com/oauth2/v3/token [none]
[debug] [2025-10-17T11:01:06.276Z] >>> [apiv2][body] POST https://www.googleapis.com/oauth2/v3/token [omitted]
[debug] [2025-10-17T11:01:06.277Z] Checked if tokens are valid: false, expires at: 1760471826351
[debug] [2025-10-17T11:01:06.277Z] Checked if tokens are valid: false, expires at: 1760471826351
[debug] [2025-10-17T11:01:06.277Z] > refreshing access token with scopes: []
[debug] [2025-10-17T11:01:06.277Z] >>> [apiv2][query] POST https://www.googleapis.com/oauth2/v3/token [none]
[debug] [2025-10-17T11:01:06.277Z] >>> [apiv2][body] POST https://www.googleapis.com/oauth2/v3/token [omitted]
[debug] [2025-10-17T11:01:06.278Z] Checked if tokens are valid: false, expires at: 1760471826351
[debug] [2025-10-17T11:01:06.278Z] Checked if tokens are valid: false, expires at: 1760471826351
[debug] [2025-10-17T11:01:06.278Z] > refreshing access token with scopes: []
[debug] [2025-10-17T11:01:06.278Z] >>> [apiv2][query] POST https://www.googleapis.com/oauth2/v3/token [none]
[debug] [2025-10-17T11:01:06.278Z] >>> [apiv2][body] POST https://www.googleapis.com/oauth2/v3/token [omitted]
[debug] [2025-10-17T11:01:06.287Z] Checked if tokens are valid: false, expires at: 1760471826351
[debug] [2025-10-17T11:01:06.288Z] Checked if tokens are valid: false, expires at: 1760471826351
[debug] [2025-10-17T11:01:06.288Z] > refreshing access token with scopes: []
[debug] [2025-10-17T11:01:06.288Z] >>> [apiv2][query] POST https://www.googleapis.com/oauth2/v3/token [none]
[debug] [2025-10-17T11:01:06.288Z] >>> [apiv2][body] POST https://www.googleapis.com/oauth2/v3/token [omitted]
[debug] [2025-10-17T11:01:06.288Z] Checked if tokens are valid: false, expires at: 1760471826351
[debug] [2025-10-17T11:01:06.288Z] Checked if tokens are valid: false, expires at: 1760471826351
[debug] [2025-10-17T11:01:06.288Z] > refreshing access token with scopes: []
[debug] [2025-10-17T11:01:06.288Z] >>> [apiv2][query] POST https://www.googleapis.com/oauth2/v3/token [none]
[debug] [2025-10-17T11:01:06.289Z] >>> [apiv2][body] POST https://www.googleapis.com/oauth2/v3/token [omitted]
[debug] [2025-10-17T11:01:06.289Z] Checked if tokens are valid: false, expires at: 1760471826351
[debug] [2025-10-17T11:01:06.289Z] Checked if tokens are valid: false, expires at: 1760471826351
[debug] [2025-10-17T11:01:06.289Z] > refreshing access token with scopes: []
[debug] [2025-10-17T11:01:06.289Z] >>> [apiv2][query] POST https://www.googleapis.com/oauth2/v3/token [none]
[debug] [2025-10-17T11:01:06.289Z] >>> [apiv2][body] POST https://www.googleapis.com/oauth2/v3/token [omitted]
[debug] [2025-10-17T11:01:06.290Z] Checked if tokens are valid: false, expires at: 1760471826351
[debug] [2025-10-17T11:01:06.290Z] Checked if tokens are valid: false, expires at: 1760471826351
[debug] [2025-10-17T11:01:06.290Z] > refreshing access token with scopes: []
[debug] [2025-10-17T11:01:06.290Z] >>> [apiv2][query] POST https://www.googleapis.com/oauth2/v3/token [none]
[debug] [2025-10-17T11:01:06.290Z] >>> [apiv2][body] POST https://www.googleapis.com/oauth2/v3/token [omitted]
[debug] [2025-10-17T11:01:06.291Z] Checked if tokens are valid: false, expires at: 1760471826351
[debug] [2025-10-17T11:01:06.291Z] Checked if tokens are valid: false, expires at: 1760471826351
[debug] [2025-10-17T11:01:06.291Z] > refreshing access token with scopes: []
[debug] [2025-10-17T11:01:06.291Z] >>> [apiv2][query] POST https://www.googleapis.com/oauth2/v3/token [none]
[debug] [2025-10-17T11:01:06.291Z] >>> [apiv2][body] POST https://www.googleapis.com/oauth2/v3/token [omitted]
[debug] [2025-10-17T11:01:06.291Z] Checked if tokens are valid: false, expires at: 1760471826351
[debug] [2025-10-17T11:01:06.291Z] Checked if tokens are valid: false, expires at: 1760471826351
[debug] [2025-10-17T11:01:06.291Z] > refreshing access token with scopes: []
[debug] [2025-10-17T11:01:06.291Z] >>> [apiv2][query] POST https://www.googleapis.com/oauth2/v3/token [none]
[debug] [2025-10-17T11:01:06.291Z] >>> [apiv2][body] POST https://www.googleapis.com/oauth2/v3/token [omitted]
[debug] [2025-10-17T11:01:06.465Z] <<< [apiv2][status] POST https://www.googleapis.com/oauth2/v3/token 200
[debug] [2025-10-17T11:01:06.465Z] <<< [apiv2][body] POST https://www.googleapis.com/oauth2/v3/token [omitted]
[debug] [2025-10-17T11:01:06.480Z] >>> [apiv2][query] GET https://serviceusage.googleapis.com/v1/projects/rccgplaceofvictory/services/firebasedataconnect.googleapis.com [none]
[debug] [2025-10-17T11:01:06.480Z] >>> [apiv2][(partial)header] GET https://serviceusage.googleapis.com/v1/projects/rccgplaceofvictory/services/firebasedataconnect.googleapis.com x-goog-quota-user=projects/rccgplaceofvictory
[debug] [2025-10-17T11:01:06.481Z] <<< [apiv2][status] POST https://www.googleapis.com/oauth2/v3/token 200
[debug] [2025-10-17T11:01:06.481Z] <<< [apiv2][body] POST https://www.googleapis.com/oauth2/v3/token [omitted]
[debug] [2025-10-17T11:01:06.510Z] >>> [apiv2][query] GET https://serviceusage.googleapis.com/v1/projects/rccgplaceofvictory/services/ [none]
[debug] [2025-10-17T11:01:06.510Z] >>> [apiv2][(partial)header] GET https://serviceusage.googleapis.com/v1/projects/rccgplaceofvictory/services/ x-goog-quota-user=projects/rccgplaceofvictory
[debug] [2025-10-17T11:01:06.511Z] <<< [apiv2][status] POST https://www.googleapis.com/oauth2/v3/token 200
[debug] [2025-10-17T11:01:06.511Z] <<< [apiv2][body] POST https://www.googleapis.com/oauth2/v3/token [omitted]
[debug] [2025-10-17T11:01:06.518Z] >>> [apiv2][query] GET https://serviceusage.googleapis.com/v1/projects/rccgplaceofvictory/services/cloudfunctions.googleapis.com [none]
[debug] [2025-10-17T11:01:06.518Z] >>> [apiv2][(partial)header] GET https://serviceusage.googleapis.com/v1/projects/rccgplaceofvictory/services/cloudfunctions.googleapis.com x-goog-quota-user=projects/rccgplaceofvictory
[debug] [2025-10-17T11:01:06.521Z] <<< [apiv2][status] POST https://www.googleapis.com/oauth2/v3/token 200
[debug] [2025-10-17T11:01:06.521Z] <<< [apiv2][body] POST https://www.googleapis.com/oauth2/v3/token [omitted]
[debug] [2025-10-17T11:01:06.544Z] >>> [apiv2][query] GET https://serviceusage.googleapis.com/v1/projects/rccgplaceofvictory/services/ [none]
[debug] [2025-10-17T11:01:06.545Z] >>> [apiv2][(partial)header] GET https://serviceusage.googleapis.com/v1/projects/rccgplaceofvictory/services/ x-goog-quota-user=projects/rccgplaceofvictory
[debug] [2025-10-17T11:01:06.550Z] <<< [apiv2][status] POST https://www.googleapis.com/oauth2/v3/token 200
[debug] [2025-10-17T11:01:06.550Z] <<< [apiv2][body] POST https://www.googleapis.com/oauth2/v3/token [omitted]
[debug] [2025-10-17T11:01:06.556Z] >>> [apiv2][query] GET https://serviceusage.googleapis.com/v1/projects/rccgplaceofvictory/services/firebasecrashlytics.googleapis.com [none]
[debug] [2025-10-17T11:01:06.556Z] >>> [apiv2][(partial)header] GET https://serviceusage.googleapis.com/v1/projects/rccgplaceofvictory/services/firebasecrashlytics.googleapis.com x-goog-quota-user=projects/rccgplaceofvictory
[debug] [2025-10-17T11:01:06.564Z] <<< [apiv2][status] POST https://www.googleapis.com/oauth2/v3/token 200
[debug] [2025-10-17T11:01:06.564Z] <<< [apiv2][body] POST https://www.googleapis.com/oauth2/v3/token [omitted]
[debug] [2025-10-17T11:01:06.572Z] >>> [apiv2][query] GET https://serviceusage.googleapis.com/v1/projects/rccgplaceofvictory/services/cloudfunctions.googleapis.com [none]
[debug] [2025-10-17T11:01:06.572Z] >>> [apiv2][(partial)header] GET https://serviceusage.googleapis.com/v1/projects/rccgplaceofvictory/services/cloudfunctions.googleapis.com x-goog-quota-user=projects/rccgplaceofvictory
[debug] [2025-10-17T11:01:06.573Z] <<< [apiv2][status] POST https://www.googleapis.com/oauth2/v3/token 200
[debug] [2025-10-17T11:01:06.573Z] <<< [apiv2][body] POST https://www.googleapis.com/oauth2/v3/token [omitted]
[debug] [2025-10-17T11:01:06.581Z] >>> [apiv2][query] GET https://serviceusage.googleapis.com/v1/projects/rccgplaceofvictory/services/firebaseio.com [none]
[debug] [2025-10-17T11:01:06.581Z] >>> [apiv2][(partial)header] GET https://serviceusage.googleapis.com/v1/projects/rccgplaceofvictory/services/firebaseio.com x-goog-quota-user=projects/rccgplaceofvictory
[debug] [2025-10-17T11:01:06.583Z] <<< [apiv2][status] POST https://www.googleapis.com/oauth2/v3/token 200
[debug] [2025-10-17T11:01:06.583Z] <<< [apiv2][body] POST https://www.googleapis.com/oauth2/v3/token [omitted]
[debug] [2025-10-17T11:01:06.590Z] >>> [apiv2][query] GET https://serviceusage.googleapis.com/v1/projects/rccgplaceofvictory/services/firebaseapphosting.googleapis.com [none]
[debug] [2025-10-17T11:01:06.590Z] >>> [apiv2][(partial)header] GET https://serviceusage.googleapis.com/v1/projects/rccgplaceofvictory/services/firebaseapphosting.googleapis.com x-goog-quota-user=projects/rccgplaceofvictory
[debug] [2025-10-17T11:01:06.591Z] <<< [apiv2][status] POST https://www.googleapis.com/oauth2/v3/token 200
[debug] [2025-10-17T11:01:06.591Z] <<< [apiv2][body] POST https://www.googleapis.com/oauth2/v3/token [omitted]
[debug] [2025-10-17T11:01:06.597Z] >>> [apiv2][query] GET https://serviceusage.googleapis.com/v1/projects/rccgplaceofvictory/services/firebaseapphosting.googleapis.com [none]
[debug] [2025-10-17T11:01:06.597Z] >>> [apiv2][(partial)header] GET https://serviceusage.googleapis.com/v1/projects/rccgplaceofvictory/services/firebaseapphosting.googleapis.com x-goog-quota-user=projects/rccgplaceofvictory
[debug] [2025-10-17T11:01:06.599Z] <<< [apiv2][status] POST https://www.googleapis.com/oauth2/v3/token 200
[debug] [2025-10-17T11:01:06.599Z] <<< [apiv2][body] POST https://www.googleapis.com/oauth2/v3/token [omitted]
[debug] [2025-10-17T11:01:06.605Z] >>> [apiv2][query] GET https://serviceusage.googleapis.com/v1/projects/rccgplaceofvictory/services/firebasedataconnect.googleapis.com [none]
[debug] [2025-10-17T11:01:06.605Z] >>> [apiv2][(partial)header] GET https://serviceusage.googleapis.com/v1/projects/rccgplaceofvictory/services/firebasedataconnect.googleapis.com x-goog-quota-user=projects/rccgplaceofvictory
[debug] [2025-10-17T11:01:06.606Z] <<< [apiv2][status] POST https://www.googleapis.com/oauth2/v3/token 200
[debug] [2025-10-17T11:01:06.606Z] <<< [apiv2][body] POST https://www.googleapis.com/oauth2/v3/token [omitted]
[debug] [2025-10-17T11:01:06.612Z] >>> [apiv2][query] GET https://serviceusage.googleapis.com/v1/projects/rccgplaceofvictory/services/firebasecrashlytics.googleapis.com [none]
[debug] [2025-10-17T11:01:06.612Z] >>> [apiv2][(partial)header] GET https://serviceusage.googleapis.com/v1/projects/rccgplaceofvictory/services/firebasecrashlytics.googleapis.com x-goog-quota-user=projects/rccgplaceofvictory
[debug] [2025-10-17T11:01:06.613Z] <<< [apiv2][status] POST https://www.googleapis.com/oauth2/v3/token 200
[debug] [2025-10-17T11:01:06.613Z] <<< [apiv2][body] POST https://www.googleapis.com/oauth2/v3/token [omitted]
[debug] [2025-10-17T11:01:06.617Z] >>> [apiv2][query] GET https://serviceusage.googleapis.com/v1/projects/rccgplaceofvictory/services/firebaseio.com [none]
[debug] [2025-10-17T11:01:06.618Z] >>> [apiv2][(partial)header] GET https://serviceusage.googleapis.com/v1/projects/rccgplaceofvictory/services/firebaseio.com x-goog-quota-user=projects/rccgplaceofvictory
[debug] [2025-10-17T11:01:06.793Z] Checked if tokens are valid: true, expires at: 1760702465613
[debug] [2025-10-17T11:01:06.793Z] Checked if tokens are valid: true, expires at: 1760702465613
[debug] [2025-10-17T11:01:06.794Z] Checked if tokens are valid: true, expires at: 1760702465613
[debug] [2025-10-17T11:01:06.794Z] Checked if tokens are valid: true, expires at: 1760702465613
[debug] [2025-10-17T11:01:06.794Z] Checked if tokens are valid: true, expires at: 1760702465613
[debug] [2025-10-17T11:01:06.794Z] Checked if tokens are valid: true, expires at: 1760702465613
[debug] [2025-10-17T11:01:06.794Z] Checked if tokens are valid: true, expires at: 1760702465613
[debug] [2025-10-17T11:01:06.794Z] Checked if tokens are valid: true, expires at: 1760702465613
[debug] [2025-10-17T11:01:06.794Z] Checked if tokens are valid: true, expires at: 1760702465613
[debug] [2025-10-17T11:01:06.794Z] Checked if tokens are valid: true, expires at: 1760702465613
[debug] [2025-10-17T11:01:06.794Z] Checked if tokens are valid: true, expires at: 1760702465613
[debug] [2025-10-17T11:01:06.794Z] Checked if tokens are valid: true, expires at: 1760702465613
[debug] [2025-10-17T11:01:06.794Z] >>> [apiv2][query] GET https://serviceusage.googleapis.com/v1/projects/rccgplaceofvictory/services/ [none]
[debug] [2025-10-17T11:01:06.794Z] >>> [apiv2][(partial)header] GET https://serviceusage.googleapis.com/v1/projects/rccgplaceofvictory/services/ x-goog-quota-user=projects/rccgplaceofvictory
[debug] [2025-10-17T11:01:06.795Z] >>> [apiv2][query] GET https://serviceusage.googleapis.com/v1/projects/rccgplaceofvictory/services/firebasedataconnect.googleapis.com [none]
[debug] [2025-10-17T11:01:06.795Z] >>> [apiv2][(partial)header] GET https://serviceusage.googleapis.com/v1/projects/rccgplaceofvictory/services/firebasedataconnect.googleapis.com x-goog-quota-user=projects/rccgplaceofvictory
[debug] [2025-10-17T11:01:06.795Z] >>> [apiv2][query] GET https://serviceusage.googleapis.com/v1/projects/rccgplaceofvictory/services/cloudfunctions.googleapis.com [none]
[debug] [2025-10-17T11:01:06.795Z] >>> [apiv2][(partial)header] GET https://serviceusage.googleapis.com/v1/projects/rccgplaceofvictory/services/cloudfunctions.googleapis.com x-goog-quota-user=projects/rccgplaceofvictory
[debug] [2025-10-17T11:01:06.795Z] >>> [apiv2][query] GET https://serviceusage.googleapis.com/v1/projects/rccgplaceofvictory/services/firebasecrashlytics.googleapis.com [none]
[debug] [2025-10-17T11:01:06.795Z] >>> [apiv2][(partial)header] GET https://serviceusage.googleapis.com/v1/projects/rccgplaceofvictory/services/firebasecrashlytics.googleapis.com x-goog-quota-user=projects/rccgplaceofvictory
[debug] [2025-10-17T11:01:06.795Z] >>> [apiv2][query] GET https://serviceusage.googleapis.com/v1/projects/rccgplaceofvictory/services/firebaseapphosting.googleapis.com [none]
[debug] [2025-10-17T11:01:06.796Z] >>> [apiv2][(partial)header] GET https://serviceusage.googleapis.com/v1/projects/rccgplaceofvictory/services/firebaseapphosting.googleapis.com x-goog-quota-user=projects/rccgplaceofvictory
[debug] [2025-10-17T11:01:06.796Z] >>> [apiv2][query] GET https://serviceusage.googleapis.com/v1/projects/rccgplaceofvictory/services/firebaseio.com [none]
[debug] [2025-10-17T11:01:06.796Z] >>> [apiv2][(partial)header] GET https://serviceusage.googleapis.com/v1/projects/rccgplaceofvictory/services/firebaseio.com x-goog-quota-user=projects/rccgplaceofvictory
[debug] [2025-10-17T11:01:06.797Z] Checked if tokens are valid: true, expires at: 1760702465613
[debug] [2025-10-17T11:01:06.797Z] Checked if tokens are valid: true, expires at: 1760702465613
[debug] [2025-10-17T11:01:06.797Z] Checked if tokens are valid: true, expires at: 1760702465613
[debug] [2025-10-17T11:01:06.797Z] Checked if tokens are valid: true, expires at: 1760702465613
[debug] [2025-10-17T11:01:06.798Z] Checked if tokens are valid: true, expires at: 1760702465613
[debug] [2025-10-17T11:01:06.798Z] Checked if tokens are valid: true, expires at: 1760702465613
[debug] [2025-10-17T11:01:06.798Z] Checked if tokens are valid: true, expires at: 1760702465613
[debug] [2025-10-17T11:01:06.798Z] Checked if tokens are valid: true, expires at: 1760702465613
[debug] [2025-10-17T11:01:06.798Z] Checked if tokens are valid: true, expires at: 1760702465613
[debug] [2025-10-17T11:01:06.798Z] Checked if tokens are valid: true, expires at: 1760702465613
[debug] [2025-10-17T11:01:06.798Z] Checked if tokens are valid: true, expires at: 1760702465613
[debug] [2025-10-17T11:01:06.798Z] Checked if tokens are valid: true, expires at: 1760702465613
[debug] [2025-10-17T11:01:06.798Z] >>> [apiv2][query] GET https://serviceusage.googleapis.com/v1/projects/rccgplaceofvictory/services/ [none]
[debug] [2025-10-17T11:01:06.798Z] >>> [apiv2][(partial)header] GET https://serviceusage.googleapis.com/v1/projects/rccgplaceofvictory/services/ x-goog-quota-user=projects/rccgplaceofvictory
[debug] [2025-10-17T11:01:06.798Z] >>> [apiv2][query] GET https://serviceusage.googleapis.com/v1/projects/rccgplaceofvictory/services/firebasedataconnect.googleapis.com [none]
[debug] [2025-10-17T11:01:06.798Z] >>> [apiv2][(partial)header] GET https://serviceusage.googleapis.com/v1/projects/rccgplaceofvictory/services/firebasedataconnect.googleapis.com x-goog-quota-user=projects/rccgplaceofvictory
[debug] [2025-10-17T11:01:06.799Z] >>> [apiv2][query] GET https://serviceusage.googleapis.com/v1/projects/rccgplaceofvictory/services/cloudfunctions.googleapis.com [none]
[debug] [2025-10-17T11:01:06.799Z] >>> [apiv2][(partial)header] GET https://serviceusage.googleapis.com/v1/projects/rccgplaceofvictory/services/cloudfunctions.googleapis.com x-goog-quota-user=projects/rccgplaceofvictory
[debug] [2025-10-17T11:01:06.799Z] >>> [apiv2][query] GET https://serviceusage.googleapis.com/v1/projects/rccgplaceofvictory/services/firebasecrashlytics.googleapis.com [none]
[debug] [2025-10-17T11:01:06.799Z] >>> [apiv2][(partial)header] GET https://serviceusage.googleapis.com/v1/projects/rccgplaceofvictory/services/firebasecrashlytics.googleapis.com x-goog-quota-user=projects/rccgplaceofvictory
[debug] [2025-10-17T11:01:06.800Z] >>> [apiv2][query] GET https://serviceusage.googleapis.com/v1/projects/rccgplaceofvictory/services/firebaseapphosting.googleapis.com [none]
[debug] [2025-10-17T11:01:06.800Z] >>> [apiv2][(partial)header] GET https://serviceusage.googleapis.com/v1/projects/rccgplaceofvictory/services/firebaseapphosting.googleapis.com x-goog-quota-user=projects/rccgplaceofvictory
[debug] [2025-10-17T11:01:06.800Z] >>> [apiv2][query] GET https://serviceusage.googleapis.com/v1/projects/rccgplaceofvictory/services/firebaseio.com [none]
[debug] [2025-10-17T11:01:06.800Z] >>> [apiv2][(partial)header] GET https://serviceusage.googleapis.com/v1/projects/rccgplaceofvictory/services/firebaseio.com x-goog-quota-user=projects/rccgplaceofvictory
[debug] [2025-10-17T11:01:06.856Z] Checked if tokens are valid: true, expires at: 1760702465613
[debug] [2025-10-17T11:01:06.856Z] Checked if tokens are valid: true, expires at: 1760702465613
[debug] [2025-10-17T11:01:06.856Z] Checked if tokens are valid: true, expires at: 1760702465613
[debug] [2025-10-17T11:01:06.856Z] Checked if tokens are valid: true, expires at: 1760702465613
[debug] [2025-10-17T11:01:06.856Z] Checked if tokens are valid: true, expires at: 1760702465613
[debug] [2025-10-17T11:01:06.856Z] Checked if tokens are valid: true, expires at: 1760702465613
[debug] [2025-10-17T11:01:06.856Z] Checked if tokens are valid: true, expires at: 1760702465613
[debug] [2025-10-17T11:01:06.856Z] Checked if tokens are valid: true, expires at: 1760702465613
[debug] [2025-10-17T11:01:06.856Z] Checked if tokens are valid: true, expires at: 1760702465613
[debug] [2025-10-17T11:01:06.856Z] Checked if tokens are valid: true, expires at: 1760702465613
[debug] [2025-10-17T11:01:06.856Z] Checked if tokens are valid: true, expires at: 1760702465613
[debug] [2025-10-17T11:01:06.856Z] Checked if tokens are valid: true, expires at: 1760702465613
[debug] [2025-10-17T11:01:06.856Z] >>> [apiv2][query] GET https://serviceusage.googleapis.com/v1/projects/rccgplaceofvictory/services/ [none]
[debug] [2025-10-17T11:01:06.856Z] >>> [apiv2][(partial)header] GET https://serviceusage.googleapis.com/v1/projects/rccgplaceofvictory/services/ x-goog-quota-user=projects/rccgplaceofvictory
[debug] [2025-10-17T11:01:06.857Z] >>> [apiv2][query] GET https://serviceusage.googleapis.com/v1/projects/rccgplaceofvictory/services/firebasedataconnect.googleapis.com [none]
[debug] [2025-10-17T11:01:06.857Z] >>> [apiv2][(partial)header] GET https://serviceusage.googleapis.com/v1/projects/rccgplaceofvictory/services/firebasedataconnect.googleapis.com x-goog-quota-user=projects/rccgplaceofvictory
[debug] [2025-10-17T11:01:06.857Z] >>> [apiv2][query] GET https://serviceusage.googleapis.com/v1/projects/rccgplaceofvictory/services/cloudfunctions.googleapis.com [none]
[debug] [2025-10-17T11:01:06.857Z] >>> [apiv2][(partial)header] GET https://serviceusage.googleapis.com/v1/projects/rccgplaceofvictory/services/cloudfunctions.googleapis.com x-goog-quota-user=projects/rccgplaceofvictory
[debug] [2025-10-17T11:01:06.858Z] >>> [apiv2][query] GET https://serviceusage.googleapis.com/v1/projects/rccgplaceofvictory/services/firebasecrashlytics.googleapis.com [none]
[debug] [2025-10-17T11:01:06.858Z] >>> [apiv2][(partial)header] GET https://serviceusage.googleapis.com/v1/projects/rccgplaceofvictory/services/firebasecrashlytics.googleapis.com x-goog-quota-user=projects/rccgplaceofvictory
[debug] [2025-10-17T11:01:06.858Z] >>> [apiv2][query] GET https://serviceusage.googleapis.com/v1/projects/rccgplaceofvictory/services/firebaseapphosting.googleapis.com [none]
[debug] [2025-10-17T11:01:06.858Z] >>> [apiv2][(partial)header] GET https://serviceusage.googleapis.com/v1/projects/rccgplaceofvictory/services/firebaseapphosting.googleapis.com x-goog-quota-user=projects/rccgplaceofvictory
[debug] [2025-10-17T11:01:06.858Z] >>> [apiv2][query] GET https://serviceusage.googleapis.com/v1/projects/rccgplaceofvictory/services/firebaseio.com [none]
[debug] [2025-10-17T11:01:06.858Z] >>> [apiv2][(partial)header] GET https://serviceusage.googleapis.com/v1/projects/rccgplaceofvictory/services/firebaseio.com x-goog-quota-user=projects/rccgplaceofvictory
[debug] [2025-10-17T11:01:06.860Z] Checked if tokens are valid: true, expires at: 1760702465613
[debug] [2025-10-17T11:01:06.860Z] Checked if tokens are valid: true, expires at: 1760702465613
[debug] [2025-10-17T11:01:06.860Z] Checked if tokens are valid: true, expires at: 1760702465613
[debug] [2025-10-17T11:01:06.860Z] Checked if tokens are valid: true, expires at: 1760702465613
[debug] [2025-10-17T11:01:06.860Z] Checked if tokens are valid: true, expires at: 1760702465613
[debug] [2025-10-17T11:01:06.860Z] Checked if tokens are valid: true, expires at: 1760702465613
[debug] [2025-10-17T11:01:06.860Z] Checked if tokens are valid: true, expires at: 1760702465613
[debug] [2025-10-17T11:01:06.860Z] Checked if tokens are valid: true, expires at: 1760702465613
[debug] [2025-10-17T11:01:06.860Z] Checked if tokens are valid: true, expires at: 1760702465613
[debug] [2025-10-17T11:01:06.860Z] Checked if tokens are valid: true, expires at: 1760702465613
[debug] [2025-10-17T11:01:06.860Z] Checked if tokens are valid: true, expires at: 1760702465613
[debug] [2025-10-17T11:01:06.860Z] Checked if tokens are valid: true, expires at: 1760702465613
[debug] [2025-10-17T11:01:06.860Z] Checked if tokens are valid: true, expires at: 1760702465613
[debug] [2025-10-17T11:01:06.860Z] Checked if tokens are valid: true, expires at: 1760702465613
[debug] [2025-10-17T11:01:06.860Z] Checked if tokens are valid: true, expires at: 1760702465613
[debug] [2025-10-17T11:01:06.860Z] Checked if tokens are valid: true, expires at: 1760702465613
[debug] [2025-10-17T11:01:06.860Z] Checked if tokens are valid: true, expires at: 1760702465613
[debug] [2025-10-17T11:01:06.860Z] Checked if tokens are valid: true, expires at: 1760702465613
[debug] [2025-10-17T11:01:06.860Z] Checked if tokens are valid: true, expires at: 1760702465613
[debug] [2025-10-17T11:01:06.860Z] Checked if tokens are valid: true, expires at: 1760702465613
[debug] [2025-10-17T11:01:06.860Z] Checked if tokens are valid: true, expires at: 1760702465613
[debug] [2025-10-17T11:01:06.861Z] Checked if tokens are valid: true, expires at: 1760702465613
[debug] [2025-10-17T11:01:06.861Z] Checked if tokens are valid: true, expires at: 1760702465613
[debug] [2025-10-17T11:01:06.861Z] Checked if tokens are valid: true, expires at: 1760702465613
[debug] [2025-10-17T11:01:06.861Z] >>> [apiv2][query] GET https://serviceusage.googleapis.com/v1/projects/rccgplaceofvictory/services/ [none]
[debug] [2025-10-17T11:01:06.861Z] >>> [apiv2][(partial)header] GET https://serviceusage.googleapis.com/v1/projects/rccgplaceofvictory/services/ x-goog-quota-user=projects/rccgplaceofvictory
[debug] [2025-10-17T11:01:06.861Z] >>> [apiv2][query] GET https://serviceusage.googleapis.com/v1/projects/rccgplaceofvictory/services/firebasedataconnect.googleapis.com [none]
[debug] [2025-10-17T11:01:06.861Z] >>> [apiv2][(partial)header] GET https://serviceusage.googleapis.com/v1/projects/rccgplaceofvictory/services/firebasedataconnect.googleapis.com x-goog-quota-user=projects/rccgplaceofvictory
[debug] [2025-10-17T11:01:06.861Z] >>> [apiv2][query] GET https://serviceusage.googleapis.com/v1/projects/rccgplaceofvictory/services/cloudfunctions.googleapis.com [none]
[debug] [2025-10-17T11:01:06.861Z] >>> [apiv2][(partial)header] GET https://serviceusage.googleapis.com/v1/projects/rccgplaceofvictory/services/cloudfunctions.googleapis.com x-goog-quota-user=projects/rccgplaceofvictory
[debug] [2025-10-17T11:01:06.862Z] >>> [apiv2][query] GET https://serviceusage.googleapis.com/v1/projects/rccgplaceofvictory/services/firebasecrashlytics.googleapis.com [none]
[debug] [2025-10-17T11:01:06.862Z] >>> [apiv2][(partial)header] GET https://serviceusage.googleapis.com/v1/projects/rccgplaceofvictory/services/firebasecrashlytics.googleapis.com x-goog-quota-user=projects/rccgplaceofvictory
[debug] [2025-10-17T11:01:06.862Z] >>> [apiv2][query] GET https://serviceusage.googleapis.com/v1/projects/rccgplaceofvictory/services/firebaseapphosting.googleapis.com [none]
[debug] [2025-10-17T11:01:06.862Z] >>> [apiv2][(partial)header] GET https://serviceusage.googleapis.com/v1/projects/rccgplaceofvictory/services/firebaseapphosting.googleapis.com x-goog-quota-user=projects/rccgplaceofvictory
[debug] [2025-10-17T11:01:06.862Z] >>> [apiv2][query] GET https://serviceusage.googleapis.com/v1/projects/rccgplaceofvictory/services/firebaseio.com [none]
[debug] [2025-10-17T11:01:06.862Z] >>> [apiv2][(partial)header] GET https://serviceusage.googleapis.com/v1/projects/rccgplaceofvictory/services/firebaseio.com x-goog-quota-user=projects/rccgplaceofvictory
[debug] [2025-10-17T11:01:06.863Z] >>> [apiv2][query] GET https://serviceusage.googleapis.com/v1/projects/rccgplaceofvictory/services/ [none]
[debug] [2025-10-17T11:01:06.863Z] >>> [apiv2][(partial)header] GET https://serviceusage.googleapis.com/v1/projects/rccgplaceofvictory/services/ x-goog-quota-user=projects/rccgplaceofvictory
[debug] [2025-10-17T11:01:06.863Z] >>> [apiv2][query] GET https://serviceusage.googleapis.com/v1/projects/rccgplaceofvictory/services/firebasedataconnect.googleapis.com [none]
[debug] [2025-10-17T11:01:06.863Z] >>> [apiv2][(partial)header] GET https://serviceusage.googleapis.com/v1/projects/rccgplaceofvictory/services/firebasedataconnect.googleapis.com x-goog-quota-user=projects/rccgplaceofvictory
[debug] [2025-10-17T11:01:06.863Z] >>> [apiv2][query] GET https://serviceusage.googleapis.com/v1/projects/rccgplaceofvictory/services/cloudfunctions.googleapis.com [none]
[debug] [2025-10-17T11:01:06.863Z] >>> [apiv2][(partial)header] GET https://serviceusage.googleapis.com/v1/projects/rccgplaceofvictory/services/cloudfunctions.googleapis.com x-goog-quota-user=projects/rccgplaceofvictory
[debug] [2025-10-17T11:01:06.864Z] >>> [apiv2][query] GET https://serviceusage.googleapis.com/v1/projects/rccgplaceofvictory/services/firebasecrashlytics.googleapis.com [none]
[debug] [2025-10-17T11:01:06.864Z] >>> [apiv2][(partial)header] GET https://serviceusage.googleapis.com/v1/projects/rccgplaceofvictory/services/firebasecrashlytics.googleapis.com x-goog-quota-user=projects/rccgplaceofvictory
[debug] [2025-10-17T11:01:06.864Z] >>> [apiv2][query] GET https://serviceusage.googleapis.com/v1/projects/rccgplaceofvictory/services/firebaseapphosting.googleapis.com [none]
[debug] [2025-10-17T11:01:06.864Z] >>> [apiv2][(partial)header] GET https://serviceusage.googleapis.com/v1/projects/rccgplaceofvictory/services/firebaseapphosting.googleapis.com x-goog-quota-user=projects/rccgplaceofvictory
[debug] [2025-10-17T11:01:06.864Z] >>> [apiv2][query] GET https://serviceusage.googleapis.com/v1/projects/rccgplaceofvictory/services/firebaseio.com [none]
[debug] [2025-10-17T11:01:06.864Z] >>> [apiv2][(partial)header] GET https://serviceusage.googleapis.com/v1/projects/rccgplaceofvictory/services/firebaseio.com x-goog-quota-user=projects/rccgplaceofvictory
[debug] [2025-10-17T11:01:07.315Z] <<< [apiv2][status] GET https://serviceusage.googleapis.com/v1/projects/rccgplaceofvictory/services/firebaseio.com 403
[debug] [2025-10-17T11:01:07.316Z] <<< [apiv2][body] GET https://serviceusage.googleapis.com/v1/projects/rccgplaceofvictory/services/firebaseio.com [omitted]
[debug] [2025-10-17T11:01:07.512Z] <<< [apiv2][status] GET https://serviceusage.googleapis.com/v1/projects/rccgplaceofvictory/services/firebaseio.com 403
[debug] [2025-10-17T11:01:07.512Z] <<< [apiv2][body] GET https://serviceusage.googleapis.com/v1/projects/rccgplaceofvictory/services/firebaseio.com [omitted]
[debug] [2025-10-17T11:01:07.524Z] <<< [apiv2][status] GET https://serviceusage.googleapis.com/v1/projects/rccgplaceofvictory/services/firebasecrashlytics.googleapis.com 200
[debug] [2025-10-17T11:01:07.524Z] <<< [apiv2][body] GET https://serviceusage.googleapis.com/v1/projects/rccgplaceofvictory/services/firebasecrashlytics.googleapis.com [omitted]
[debug] [2025-10-17T11:01:07.530Z] <<< [apiv2][status] GET https://serviceusage.googleapis.com/v1/projects/rccgplaceofvictory/services/firebasedataconnect.googleapis.com 200
[debug] [2025-10-17T11:01:07.531Z] <<< [apiv2][body] GET https://serviceusage.googleapis.com/v1/projects/rccgplaceofvictory/services/firebasedataconnect.googleapis.com [omitted]
[debug] [2025-10-17T11:01:07.533Z] <<< [apiv2][status] GET https://serviceusage.googleapis.com/v1/projects/rccgplaceofvictory/services/firebaseapphosting.googleapis.com 200
[debug] [2025-10-17T11:01:07.533Z] <<< [apiv2][body] GET https://serviceusage.googleapis.com/v1/projects/rccgplaceofvictory/services/firebaseapphosting.googleapis.com [omitted]
[debug] [2025-10-17T11:01:07.538Z] <<< [apiv2][status] GET https://serviceusage.googleapis.com/v1/projects/rccgplaceofvictory/services/cloudfunctions.googleapis.com 200
[debug] [2025-10-17T11:01:07.538Z] <<< [apiv2][body] GET https://serviceusage.googleapis.com/v1/projects/rccgplaceofvictory/services/cloudfunctions.googleapis.com [omitted]
[debug] [2025-10-17T11:01:07.667Z] <<< [apiv2][status] GET https://serviceusage.googleapis.com/v1/projects/rccgplaceofvictory/services/ 200
[debug] [2025-10-17T11:01:07.667Z] <<< [apiv2][body] GET https://serviceusage.googleapis.com/v1/projects/rccgplaceofvictory/services/ [omitted]
[debug] [2025-10-17T11:01:07.844Z] <<< [apiv2][status] GET https://serviceusage.googleapis.com/v1/projects/rccgplaceofvictory/services/firebaseio.com 403
[debug] [2025-10-17T11:01:07.844Z] <<< [apiv2][body] GET https://serviceusage.googleapis.com/v1/projects/rccgplaceofvictory/services/firebaseio.com [omitted]
[debug] [2025-10-17T11:01:07.845Z] <<< [apiv2][status] GET https://serviceusage.googleapis.com/v1/projects/rccgplaceofvictory/services/firebasedataconnect.googleapis.com 200
[debug] [2025-10-17T11:01:07.845Z] <<< [apiv2][body] GET https://serviceusage.googleapis.com/v1/projects/rccgplaceofvictory/services/firebasedataconnect.googleapis.com [omitted]
[debug] [2025-10-17T11:01:07.846Z] <<< [apiv2][status] GET https://serviceusage.googleapis.com/v1/projects/rccgplaceofvictory/services/cloudfunctions.googleapis.com 200
[debug] [2025-10-17T11:01:07.846Z] <<< [apiv2][body] GET https://serviceusage.googleapis.com/v1/projects/rccgplaceofvictory/services/cloudfunctions.googleapis.com [omitted]
[debug] [2025-10-17T11:01:07.848Z] <<< [apiv2][status] GET https://serviceusage.googleapis.com/v1/projects/rccgplaceofvictory/services/firebaseio.com 403
[debug] [2025-10-17T11:01:07.848Z] <<< [apiv2][body] GET https://serviceusage.googleapis.com/v1/projects/rccgplaceofvictory/services/firebaseio.com [omitted]
[debug] [2025-10-17T11:01:07.848Z] <<< [apiv2][status] GET https://serviceusage.googleapis.com/v1/projects/rccgplaceofvictory/services/firebasecrashlytics.googleapis.com 200
[debug] [2025-10-17T11:01:07.848Z] <<< [apiv2][body] GET https://serviceusage.googleapis.com/v1/projects/rccgplaceofvictory/services/firebasecrashlytics.googleapis.com [omitted]
[debug] [2025-10-17T11:01:07.848Z] <<< [apiv2][status] GET https://serviceusage.googleapis.com/v1/projects/rccgplaceofvictory/services/firebaseio.com 403
[debug] [2025-10-17T11:01:07.848Z] <<< [apiv2][body] GET https://serviceusage.googleapis.com/v1/projects/rccgplaceofvictory/services/firebaseio.com [omitted]
[debug] [2025-10-17T11:01:07.867Z] <<< [apiv2][status] GET https://serviceusage.googleapis.com/v1/projects/rccgplaceofvictory/services/firebaseio.com 403
[debug] [2025-10-17T11:01:07.867Z] <<< [apiv2][body] GET https://serviceusage.googleapis.com/v1/projects/rccgplaceofvictory/services/firebaseio.com [omitted]
[debug] [2025-10-17T11:01:07.881Z] <<< [apiv2][status] GET https://serviceusage.googleapis.com/v1/projects/rccgplaceofvictory/services/firebaseio.com 403
[debug] [2025-10-17T11:01:07.881Z] <<< [apiv2][body] GET https://serviceusage.googleapis.com/v1/projects/rccgplaceofvictory/services/firebaseio.com [omitted]
[debug] [2025-10-17T11:01:07.887Z] > command requires scopes: ["email","openid","https://www.googleapis.com/auth/cloudplatformprojects.readonly","https://www.googleapis.com/auth/firebase","https://www.googleapis.com/auth/cloud-platform"]
[debug] [2025-10-17T11:01:07.887Z] > authorizing via signed-in user (chamellion555@gmail.com)
[debug] [2025-10-17T11:01:07.926Z] > command requires scopes: ["email","openid","https://www.googleapis.com/auth/cloudplatformprojects.readonly","https://www.googleapis.com/auth/firebase","https://www.googleapis.com/auth/cloud-platform"]
[debug] [2025-10-17T11:01:07.926Z] > authorizing via signed-in user (chamellion555@gmail.com)
[debug] [2025-10-17T11:01:08.207Z] <<< [apiv2][status] GET https://serviceusage.googleapis.com/v1/projects/rccgplaceofvictory/services/firebasedataconnect.googleapis.com 200
[debug] [2025-10-17T11:01:08.207Z] <<< [apiv2][body] GET https://serviceusage.googleapis.com/v1/projects/rccgplaceofvictory/services/firebasedataconnect.googleapis.com [omitted]
[debug] [2025-10-17T11:01:08.208Z] <<< [apiv2][status] GET https://serviceusage.googleapis.com/v1/projects/rccgplaceofvictory/services/firebasedataconnect.googleapis.com 200
[debug] [2025-10-17T11:01:08.208Z] <<< [apiv2][body] GET https://serviceusage.googleapis.com/v1/projects/rccgplaceofvictory/services/firebasedataconnect.googleapis.com [omitted]
[debug] [2025-10-17T11:01:08.212Z] <<< [apiv2][status] GET https://serviceusage.googleapis.com/v1/projects/rccgplaceofvictory/services/firebasecrashlytics.googleapis.com 200
[debug] [2025-10-17T11:01:08.212Z] <<< [apiv2][body] GET https://serviceusage.googleapis.com/v1/projects/rccgplaceofvictory/services/firebasecrashlytics.googleapis.com [omitted]
[debug] [2025-10-17T11:01:08.212Z] <<< [apiv2][status] GET https://serviceusage.googleapis.com/v1/projects/rccgplaceofvictory/services/firebasecrashlytics.googleapis.com 200
[debug] [2025-10-17T11:01:08.212Z] <<< [apiv2][body] GET https://serviceusage.googleapis.com/v1/projects/rccgplaceofvictory/services/firebasecrashlytics.googleapis.com [omitted]
[debug] [2025-10-17T11:01:08.217Z] <<< [apiv2][status] GET https://serviceusage.googleapis.com/v1/projects/rccgplaceofvictory/services/firebasecrashlytics.googleapis.com 200
[debug] [2025-10-17T11:01:08.217Z] <<< [apiv2][body] GET https://serviceusage.googleapis.com/v1/projects/rccgplaceofvictory/services/firebasecrashlytics.googleapis.com [omitted]
[debug] [2025-10-17T11:01:08.224Z] <<< [apiv2][status] GET https://serviceusage.googleapis.com/v1/projects/rccgplaceofvictory/services/firebasecrashlytics.googleapis.com 200
[debug] [2025-10-17T11:01:08.224Z] <<< [apiv2][body] GET https://serviceusage.googleapis.com/v1/projects/rccgplaceofvictory/services/firebasecrashlytics.googleapis.com [omitted]
[debug] [2025-10-17T11:01:08.227Z] <<< [apiv2][status] GET https://serviceusage.googleapis.com/v1/projects/rccgplaceofvictory/services/cloudfunctions.googleapis.com 200
[debug] [2025-10-17T11:01:08.227Z] <<< [apiv2][body] GET https://serviceusage.googleapis.com/v1/projects/rccgplaceofvictory/services/cloudfunctions.googleapis.com [omitted]
[debug] [2025-10-17T11:01:08.236Z] <<< [apiv2][status] GET https://serviceusage.googleapis.com/v1/projects/rccgplaceofvictory/services/firebaseapphosting.googleapis.com 200
[debug] [2025-10-17T11:01:08.236Z] <<< [apiv2][body] GET https://serviceusage.googleapis.com/v1/projects/rccgplaceofvictory/services/firebaseapphosting.googleapis.com [omitted]
[debug] [2025-10-17T11:01:08.236Z] <<< [apiv2][status] GET https://serviceusage.googleapis.com/v1/projects/rccgplaceofvictory/services/cloudfunctions.googleapis.com 200
[debug] [2025-10-17T11:01:08.236Z] <<< [apiv2][body] GET https://serviceusage.googleapis.com/v1/projects/rccgplaceofvictory/services/cloudfunctions.googleapis.com [omitted]
[debug] [2025-10-17T11:01:08.557Z] <<< [apiv2][status] GET https://serviceusage.googleapis.com/v1/projects/rccgplaceofvictory/services/firebaseapphosting.googleapis.com 200
[debug] [2025-10-17T11:01:08.557Z] <<< [apiv2][body] GET https://serviceusage.googleapis.com/v1/projects/rccgplaceofvictory/services/firebaseapphosting.googleapis.com [omitted]
[debug] [2025-10-17T11:01:08.558Z] <<< [apiv2][status] GET https://serviceusage.googleapis.com/v1/projects/rccgplaceofvictory/services/firebaseapphosting.googleapis.com 200
[debug] [2025-10-17T11:01:08.558Z] <<< [apiv2][body] GET https://serviceusage.googleapis.com/v1/projects/rccgplaceofvictory/services/firebaseapphosting.googleapis.com [omitted]
[debug] [2025-10-17T11:01:08.558Z] <<< [apiv2][status] GET https://serviceusage.googleapis.com/v1/projects/rccgplaceofvictory/services/cloudfunctions.googleapis.com 200
[debug] [2025-10-17T11:01:08.558Z] <<< [apiv2][body] GET https://serviceusage.googleapis.com/v1/projects/rccgplaceofvictory/services/cloudfunctions.googleapis.com [omitted]
[debug] [2025-10-17T11:01:08.558Z] <<< [apiv2][status] GET https://serviceusage.googleapis.com/v1/projects/rccgplaceofvictory/services/firebasedataconnect.googleapis.com 200
[debug] [2025-10-17T11:01:08.559Z] <<< [apiv2][body] GET https://serviceusage.googleapis.com/v1/projects/rccgplaceofvictory/services/firebasedataconnect.googleapis.com [omitted]
[debug] [2025-10-17T11:01:08.559Z] <<< [apiv2][status] GET https://serviceusage.googleapis.com/v1/projects/rccgplaceofvictory/services/firebasecrashlytics.googleapis.com 200
[debug] [2025-10-17T11:01:08.559Z] <<< [apiv2][body] GET https://serviceusage.googleapis.com/v1/projects/rccgplaceofvictory/services/firebasecrashlytics.googleapis.com [omitted]
[debug] [2025-10-17T11:01:08.559Z] <<< [apiv2][status] GET https://serviceusage.googleapis.com/v1/projects/rccgplaceofvictory/services/firebasedataconnect.googleapis.com 200
[debug] [2025-10-17T11:01:08.559Z] <<< [apiv2][body] GET https://serviceusage.googleapis.com/v1/projects/rccgplaceofvictory/services/firebasedataconnect.googleapis.com [omitted]
[debug] [2025-10-17T11:01:08.559Z] <<< [apiv2][status] GET https://serviceusage.googleapis.com/v1/projects/rccgplaceofvictory/services/firebasedataconnect.googleapis.com 200
[debug] [2025-10-17T11:01:08.559Z] <<< [apiv2][body] GET https://serviceusage.googleapis.com/v1/projects/rccgplaceofvictory/services/firebasedataconnect.googleapis.com [omitted]
[debug] [2025-10-17T11:01:08.559Z] <<< [apiv2][status] GET https://serviceusage.googleapis.com/v1/projects/rccgplaceofvictory/services/firebaseapphosting.googleapis.com 200
[debug] [2025-10-17T11:01:08.559Z] <<< [apiv2][body] GET https://serviceusage.googleapis.com/v1/projects/rccgplaceofvictory/services/firebaseapphosting.googleapis.com [omitted]
[debug] [2025-10-17T11:01:08.559Z] <<< [apiv2][status] GET https://serviceusage.googleapis.com/v1/projects/rccgplaceofvictory/services/firebaseapphosting.googleapis.com 200
[debug] [2025-10-17T11:01:08.559Z] <<< [apiv2][body] GET https://serviceusage.googleapis.com/v1/projects/rccgplaceofvictory/services/firebaseapphosting.googleapis.com [omitted]
[debug] [2025-10-17T11:01:08.560Z] <<< [apiv2][status] GET https://serviceusage.googleapis.com/v1/projects/rccgplaceofvictory/services/cloudfunctions.googleapis.com 200
[debug] [2025-10-17T11:01:08.560Z] <<< [apiv2][body] GET https://serviceusage.googleapis.com/v1/projects/rccgplaceofvictory/services/cloudfunctions.googleapis.com [omitted]
[debug] [2025-10-17T11:01:08.560Z] <<< [apiv2][status] GET https://serviceusage.googleapis.com/v1/projects/rccgplaceofvictory/services/firebaseapphosting.googleapis.com 200
[debug] [2025-10-17T11:01:08.560Z] <<< [apiv2][body] GET https://serviceusage.googleapis.com/v1/projects/rccgplaceofvictory/services/firebaseapphosting.googleapis.com [omitted]
[debug] [2025-10-17T11:01:08.560Z] <<< [apiv2][status] GET https://serviceusage.googleapis.com/v1/projects/rccgplaceofvictory/services/ 200
[debug] [2025-10-17T11:01:08.560Z] <<< [apiv2][body] GET https://serviceusage.googleapis.com/v1/projects/rccgplaceofvictory/services/ [omitted]
[debug] [2025-10-17T11:01:08.560Z] <<< [apiv2][status] GET https://serviceusage.googleapis.com/v1/projects/rccgplaceofvictory/services/cloudfunctions.googleapis.com 200
[debug] [2025-10-17T11:01:08.560Z] <<< [apiv2][body] GET https://serviceusage.googleapis.com/v1/projects/rccgplaceofvictory/services/cloudfunctions.googleapis.com [omitted]
[debug] [2025-10-17T11:01:08.564Z] <<< [apiv2][status] GET https://serviceusage.googleapis.com/v1/projects/rccgplaceofvictory/services/ 200
[debug] [2025-10-17T11:01:08.564Z] <<< [apiv2][body] GET https://serviceusage.googleapis.com/v1/projects/rccgplaceofvictory/services/ [omitted]
[debug] [2025-10-17T11:01:08.601Z] > command requires scopes: ["email","openid","https://www.googleapis.com/auth/cloudplatformprojects.readonly","https://www.googleapis.com/auth/firebase","https://www.googleapis.com/auth/cloud-platform"]
[debug] [2025-10-17T11:01:08.601Z] > authorizing via signed-in user (chamellion555@gmail.com)
[debug] [2025-10-17T11:01:08.636Z] > command requires scopes: ["email","openid","https://www.googleapis.com/auth/cloudplatformprojects.readonly","https://www.googleapis.com/auth/firebase","https://www.googleapis.com/auth/cloud-platform"]
[debug] [2025-10-17T11:01:08.636Z] > authorizing via signed-in user (chamellion555@gmail.com)
[debug] [2025-10-17T11:01:08.640Z] <<< [apiv2][status] GET https://serviceusage.googleapis.com/v1/projects/rccgplaceofvictory/services/ 200
[debug] [2025-10-17T11:01:08.640Z] <<< [apiv2][body] GET https://serviceusage.googleapis.com/v1/projects/rccgplaceofvictory/services/ [omitted]
[debug] [2025-10-17T11:01:08.641Z] <<< [apiv2][status] GET https://serviceusage.googleapis.com/v1/projects/rccgplaceofvictory/services/ 200
[debug] [2025-10-17T11:01:08.641Z] <<< [apiv2][body] GET https://serviceusage.googleapis.com/v1/projects/rccgplaceofvictory/services/ [omitted]
[debug] [2025-10-17T11:01:08.678Z] <<< [apiv2][status] GET https://serviceusage.googleapis.com/v1/projects/rccgplaceofvictory/services/ 200
[debug] [2025-10-17T11:01:08.678Z] <<< [apiv2][body] GET https://serviceusage.googleapis.com/v1/projects/rccgplaceofvictory/services/ [omitted]
[debug] [2025-10-17T11:01:08.736Z] > command requires scopes: ["email","openid","https://www.googleapis.com/auth/cloudplatformprojects.readonly","https://www.googleapis.com/auth/firebase","https://www.googleapis.com/auth/cloud-platform"]
[debug] [2025-10-17T11:01:08.736Z] > authorizing via signed-in user (chamellion555@gmail.com)
[debug] [2025-10-17T11:01:08.738Z] > command requires scopes: ["email","openid","https://www.googleapis.com/auth/cloudplatformprojects.readonly","https://www.googleapis.com/auth/firebase","https://www.googleapis.com/auth/cloud-platform"]
[debug] [2025-10-17T11:01:08.739Z] > authorizing via signed-in user (chamellion555@gmail.com)
[debug] [2025-10-17T11:01:08.770Z] <<< [apiv2][status] GET https://serviceusage.googleapis.com/v1/projects/rccgplaceofvictory/services/ 200
[debug] [2025-10-17T11:01:08.770Z] <<< [apiv2][body] GET https://serviceusage.googleapis.com/v1/projects/rccgplaceofvictory/services/ [omitted]
[debug] [2025-10-17T11:01:08.771Z] > command requires scopes: ["email","openid","https://www.googleapis.com/auth/cloudplatformprojects.readonly","https://www.googleapis.com/auth/firebase","https://www.googleapis.com/auth/cloud-platform"]
[debug] [2025-10-17T11:01:08.771Z] > authorizing via signed-in user (chamellion555@gmail.com)
[debug] [2025-10-17T11:01:08.772Z] > command requires scopes: ["email","openid","https://www.googleapis.com/auth/cloudplatformprojects.readonly","https://www.googleapis.com/auth/firebase","https://www.googleapis.com/auth/cloud-platform"]
[debug] [2025-10-17T11:01:08.772Z] > authorizing via signed-in user (chamellion555@gmail.com)
[debug] [2025-10-17T11:01:08.776Z] > command requires scopes: ["email","openid","https://www.googleapis.com/auth/cloudplatformprojects.readonly","https://www.googleapis.com/auth/firebase","https://www.googleapis.com/auth/cloud-platform"]
[debug] [2025-10-17T11:01:08.776Z] > authorizing via signed-in user (chamellion555@gmail.com)
[debug] [2025-10-17T11:01:08.883Z] > command requires scopes: ["email","openid","https://www.googleapis.com/auth/cloudplatformprojects.readonly","https://www.googleapis.com/auth/firebase","https://www.googleapis.com/auth/cloud-platform"]
[debug] [2025-10-17T11:01:08.883Z] > authorizing via signed-in user (chamellion555@gmail.com)
[debug] [2025-10-17T11:01:08.884Z] > command requires scopes: ["email","openid","https://www.googleapis.com/auth/cloudplatformprojects.readonly","https://www.googleapis.com/auth/firebase","https://www.googleapis.com/auth/cloud-platform"]
[debug] [2025-10-17T11:01:08.884Z] > authorizing via signed-in user (chamellion555@gmail.com)
[debug] [2025-10-17T11:01:08.926Z] > command requires scopes: ["email","openid","https://www.googleapis.com/auth/cloudplatformprojects.readonly","https://www.googleapis.com/auth/firebase","https://www.googleapis.com/auth/cloud-platform"]
[debug] [2025-10-17T11:01:08.926Z] > authorizing via signed-in user (chamellion555@gmail.com)
[debug] [2025-10-17T13:26:09.221Z] Checked if tokens are valid: false, expires at: 1760702465613
[debug] [2025-10-17T13:26:09.222Z] Checked if tokens are valid: false, expires at: 1760702465613
[debug] [2025-10-17T13:26:09.223Z] > refreshing access token with scopes: []
[debug] [2025-10-17T13:26:09.223Z] >>> [apiv2][query] POST https://www.googleapis.com/oauth2/v3/token [none]
[debug] [2025-10-17T13:26:09.223Z] >>> [apiv2][body] POST https://www.googleapis.com/oauth2/v3/token [omitted]
[debug] [2025-10-17T13:26:09.246Z] Checked if tokens are valid: false, expires at: 1760702465613
[debug] [2025-10-17T13:26:09.246Z] Checked if tokens are valid: false, expires at: 1760702465613
[debug] [2025-10-17T13:26:09.246Z] > refreshing access token with scopes: []
[debug] [2025-10-17T13:26:09.246Z] >>> [apiv2][query] POST https://www.googleapis.com/oauth2/v3/token [none]
[debug] [2025-10-17T13:26:09.246Z] >>> [apiv2][body] POST https://www.googleapis.com/oauth2/v3/token [omitted]
[debug] [2025-10-17T13:26:09.247Z] Checked if tokens are valid: false, expires at: 1760702465613
[debug] [2025-10-17T13:26:09.247Z] Checked if tokens are valid: false, expires at: 1760702465613
[debug] [2025-10-17T13:26:09.247Z] > refreshing access token with scopes: []
[debug] [2025-10-17T13:26:09.248Z] >>> [apiv2][query] POST https://www.googleapis.com/oauth2/v3/token [none]
[debug] [2025-10-17T13:26:09.248Z] >>> [apiv2][body] POST https://www.googleapis.com/oauth2/v3/token [omitted]
[debug] [2025-10-17T13:26:09.249Z] Checked if tokens are valid: false, expires at: 1760702465613
[debug] [2025-10-17T13:26:09.249Z] Checked if tokens are valid: false, expires at: 1760702465613
[debug] [2025-10-17T13:26:09.249Z] > refreshing access token with scopes: []
[debug] [2025-10-17T13:26:09.249Z] >>> [apiv2][query] POST https://www.googleapis.com/oauth2/v3/token [none]
[debug] [2025-10-17T13:26:09.249Z] >>> [apiv2][body] POST https://www.googleapis.com/oauth2/v3/token [omitted]
[debug] [2025-10-17T13:26:09.250Z] Checked if tokens are valid: false, expires at: 1760702465613
[debug] [2025-10-17T13:26:09.250Z] Checked if tokens are valid: false, expires at: 1760702465613
[debug] [2025-10-17T13:26:09.250Z] > refreshing access token with scopes: []
[debug] [2025-10-17T13:26:09.250Z] >>> [apiv2][query] POST https://www.googleapis.com/oauth2/v3/token [none]
[debug] [2025-10-17T13:26:09.250Z] >>> [apiv2][body] POST https://www.googleapis.com/oauth2/v3/token [omitted]
[debug] [2025-10-17T13:26:09.251Z] Checked if tokens are valid: false, expires at: 1760702465613
[debug] [2025-10-17T13:26:09.251Z] Checked if tokens are valid: false, expires at: 1760702465613
[debug] [2025-10-17T13:26:09.251Z] > refreshing access token with scopes: []
[debug] [2025-10-17T13:26:09.251Z] >>> [apiv2][query] POST https://www.googleapis.com/oauth2/v3/token [none]
[debug] [2025-10-17T13:26:09.251Z] >>> [apiv2][body] POST https://www.googleapis.com/oauth2/v3/token [omitted]
[debug] [2025-10-17T13:26:09.263Z] Checked if tokens are valid: false, expires at: 1760702465613
[debug] [2025-10-17T13:26:09.263Z] Checked if tokens are valid: false, expires at: 1760702465613
[debug] [2025-10-17T13:26:09.263Z] > refreshing access token with scopes: []
[debug] [2025-10-17T13:26:09.263Z] >>> [apiv2][query] POST https://www.googleapis.com/oauth2/v3/token [none]
[debug] [2025-10-17T13:26:09.263Z] >>> [apiv2][body] POST https://www.googleapis.com/oauth2/v3/token [omitted]
[debug] [2025-10-17T13:26:09.263Z] Checked if tokens are valid: false, expires at: 1760702465613
[debug] [2025-10-17T13:26:09.264Z] Checked if tokens are valid: false, expires at: 1760702465613
[debug] [2025-10-17T13:26:09.264Z] > refreshing access token with scopes: []
[debug] [2025-10-17T13:26:09.264Z] >>> [apiv2][query] POST https://www.googleapis.com/oauth2/v3/token [none]
[debug] [2025-10-17T13:26:09.264Z] >>> [apiv2][body] POST https://www.googleapis.com/oauth2/v3/token [omitted]
[debug] [2025-10-17T13:26:09.266Z] Checked if tokens are valid: false, expires at: 1760702465613
[debug] [2025-10-17T13:26:09.266Z] Checked if tokens are valid: false, expires at: 1760702465613
[debug] [2025-10-17T13:26:09.266Z] > refreshing access token with scopes: []
[debug] [2025-10-17T13:26:09.266Z] >>> [apiv2][query] POST https://www.googleapis.com/oauth2/v3/token [none]
[debug] [2025-10-17T13:26:09.266Z] >>> [apiv2][body] POST https://www.googleapis.com/oauth2/v3/token [omitted]
[debug] [2025-10-17T13:26:09.267Z] Checked if tokens are valid: false, expires at: 1760702465613
[debug] [2025-10-17T13:26:09.267Z] Checked if tokens are valid: false, expires at: 1760702465613
[debug] [2025-10-17T13:26:09.267Z] > refreshing access token with scopes: []
[debug] [2025-10-17T13:26:09.267Z] >>> [apiv2][query] POST https://www.googleapis.com/oauth2/v3/token [none]
[debug] [2025-10-17T13:26:09.267Z] >>> [apiv2][body] POST https://www.googleapis.com/oauth2/v3/token [omitted]
[debug] [2025-10-17T13:26:09.268Z] Checked if tokens are valid: false, expires at: 1760702465613
[debug] [2025-10-17T13:26:09.268Z] Checked if tokens are valid: false, expires at: 1760702465613
[debug] [2025-10-17T13:26:09.268Z] > refreshing access token with scopes: []
[debug] [2025-10-17T13:26:09.268Z] >>> [apiv2][query] POST https://www.googleapis.com/oauth2/v3/token [none]
[debug] [2025-10-17T13:26:09.268Z] >>> [apiv2][body] POST https://www.googleapis.com/oauth2/v3/token [omitted]
[debug] [2025-10-17T13:26:09.269Z] Checked if tokens are valid: false, expires at: 1760702465613
[debug] [2025-10-17T13:26:09.269Z] Checked if tokens are valid: false, expires at: 1760702465613
[debug] [2025-10-17T13:26:09.269Z] > refreshing access token with scopes: []
[debug] [2025-10-17T13:26:09.269Z] >>> [apiv2][query] POST https://www.googleapis.com/oauth2/v3/token [none]
[debug] [2025-10-17T13:26:09.269Z] >>> [apiv2][body] POST https://www.googleapis.com/oauth2/v3/token [omitted]
[debug] [2025-10-17T13:26:09.271Z] Checked if tokens are valid: false, expires at: 1760702465613
[debug] [2025-10-17T13:26:09.271Z] Checked if tokens are valid: false, expires at: 1760702465613
[debug] [2025-10-17T13:26:09.271Z] > refreshing access token with scopes: []
[debug] [2025-10-17T13:26:09.271Z] >>> [apiv2][query] POST https://www.googleapis.com/oauth2/v3/token [none]
[debug] [2025-10-17T13:26:09.271Z] >>> [apiv2][body] POST https://www.googleapis.com/oauth2/v3/token [omitted]
[debug] [2025-10-17T13:26:09.272Z] Checked if tokens are valid: false, expires at: 1760702465613
[debug] [2025-10-17T13:26:09.272Z] Checked if tokens are valid: false, expires at: 1760702465613
[debug] [2025-10-17T13:26:09.272Z] > refreshing access token with scopes: []
[debug] [2025-10-17T13:26:09.272Z] >>> [apiv2][query] POST https://www.googleapis.com/oauth2/v3/token [none]
[debug] [2025-10-17T13:26:09.272Z] >>> [apiv2][body] POST https://www.googleapis.com/oauth2/v3/token [omitted]
[debug] [2025-10-17T13:26:09.272Z] Checked if tokens are valid: false, expires at: 1760702465613
[debug] [2025-10-17T13:26:09.272Z] Checked if tokens are valid: false, expires at: 1760702465613
[debug] [2025-10-17T13:26:09.272Z] > refreshing access token with scopes: []
[debug] [2025-10-17T13:26:09.272Z] >>> [apiv2][query] POST https://www.googleapis.com/oauth2/v3/token [none]
[debug] [2025-10-17T13:26:09.272Z] >>> [apiv2][body] POST https://www.googleapis.com/oauth2/v3/token [omitted]
[debug] [2025-10-17T13:26:09.273Z] Checked if tokens are valid: false, expires at: 1760702465613
[debug] [2025-10-17T13:26:09.273Z] Checked if tokens are valid: false, expires at: 1760702465613
[debug] [2025-10-17T13:26:09.273Z] > refreshing access token with scopes: []
[debug] [2025-10-17T13:26:09.273Z] >>> [apiv2][query] POST https://www.googleapis.com/oauth2/v3/token [none]
[debug] [2025-10-17T13:26:09.273Z] >>> [apiv2][body] POST https://www.googleapis.com/oauth2/v3/token [omitted]
[debug] [2025-10-17T13:26:09.273Z] Checked if tokens are valid: false, expires at: 1760702465613
[debug] [2025-10-17T13:26:09.273Z] Checked if tokens are valid: false, expires at: 1760702465613
[debug] [2025-10-17T13:26:09.273Z] > refreshing access token with scopes: []
[debug] [2025-10-17T13:26:09.273Z] >>> [apiv2][query] POST https://www.googleapis.com/oauth2/v3/token [none]
[debug] [2025-10-17T13:26:09.273Z] >>> [apiv2][body] POST https://www.googleapis.com/oauth2/v3/token [omitted]
[debug] [2025-10-17T13:26:09.274Z] Checked if tokens are valid: false, expires at: 1760702465613
[debug] [2025-10-17T13:26:09.274Z] Checked if tokens are valid: false, expires at: 1760702465613
[debug] [2025-10-17T13:26:09.274Z] > refreshing access token with scopes: []
[debug] [2025-10-17T13:26:09.274Z] >>> [apiv2][query] POST https://www.googleapis.com/oauth2/v3/token [none]
[debug] [2025-10-17T13:26:09.274Z] >>> [apiv2][body] POST https://www.googleapis.com/oauth2/v3/token [omitted]
[debug] [2025-10-17T13:26:09.409Z] <<< [apiv2][status] POST https://www.googleapis.com/oauth2/v3/token 200
[debug] [2025-10-17T13:26:09.409Z] <<< [apiv2][body] POST https://www.googleapis.com/oauth2/v3/token [omitted]
[debug] [2025-10-17T13:26:09.421Z] >>> [apiv2][query] GET https://serviceusage.googleapis.com/v1/projects/rccgplaceofvictory/services/firebasedataconnect.googleapis.com [none]
[debug] [2025-10-17T13:26:09.421Z] >>> [apiv2][(partial)header] GET https://serviceusage.googleapis.com/v1/projects/rccgplaceofvictory/services/firebasedataconnect.googleapis.com x-goog-quota-user=projects/rccgplaceofvictory
[debug] [2025-10-17T13:26:09.423Z] <<< [apiv2][status] POST https://www.googleapis.com/oauth2/v3/token 200
[debug] [2025-10-17T13:26:09.423Z] <<< [apiv2][body] POST https://www.googleapis.com/oauth2/v3/token [omitted]
[debug] [2025-10-17T13:26:09.432Z] >>> [apiv2][query] GET https://serviceusage.googleapis.com/v1/projects/rccgplaceofvictory/services/firebasecrashlytics.googleapis.com [none]
[debug] [2025-10-17T13:26:09.432Z] >>> [apiv2][(partial)header] GET https://serviceusage.googleapis.com/v1/projects/rccgplaceofvictory/services/firebasecrashlytics.googleapis.com x-goog-quota-user=projects/rccgplaceofvictory
[debug] [2025-10-17T13:26:09.434Z] <<< [apiv2][status] POST https://www.googleapis.com/oauth2/v3/token 200
[debug] [2025-10-17T13:26:09.434Z] <<< [apiv2][body] POST https://www.googleapis.com/oauth2/v3/token [omitted]
[debug] [2025-10-17T13:26:09.442Z] >>> [apiv2][query] GET https://serviceusage.googleapis.com/v1/projects/rccgplaceofvictory/services/firebaseapphosting.googleapis.com [none]
[debug] [2025-10-17T13:26:09.442Z] >>> [apiv2][(partial)header] GET https://serviceusage.googleapis.com/v1/projects/rccgplaceofvictory/services/firebaseapphosting.googleapis.com x-goog-quota-user=projects/rccgplaceofvictory
[debug] [2025-10-17T13:26:09.444Z] <<< [apiv2][status] POST https://www.googleapis.com/oauth2/v3/token 200
[debug] [2025-10-17T13:26:09.444Z] <<< [apiv2][body] POST https://www.googleapis.com/oauth2/v3/token [omitted]
[debug] [2025-10-17T13:26:09.452Z] >>> [apiv2][query] GET https://serviceusage.googleapis.com/v1/projects/rccgplaceofvictory/services/firebasecrashlytics.googleapis.com [none]
[debug] [2025-10-17T13:26:09.452Z] >>> [apiv2][(partial)header] GET https://serviceusage.googleapis.com/v1/projects/rccgplaceofvictory/services/firebasecrashlytics.googleapis.com x-goog-quota-user=projects/rccgplaceofvictory
[debug] [2025-10-17T13:26:09.456Z] <<< [apiv2][status] POST https://www.googleapis.com/oauth2/v3/token 200
[debug] [2025-10-17T13:26:09.456Z] <<< [apiv2][body] POST https://www.googleapis.com/oauth2/v3/token [omitted]
[debug] [2025-10-17T13:26:09.463Z] >>> [apiv2][query] GET https://serviceusage.googleapis.com/v1/projects/rccgplaceofvictory/services/cloudfunctions.googleapis.com [none]
[debug] [2025-10-17T13:26:09.463Z] >>> [apiv2][(partial)header] GET https://serviceusage.googleapis.com/v1/projects/rccgplaceofvictory/services/cloudfunctions.googleapis.com x-goog-quota-user=projects/rccgplaceofvictory
[debug] [2025-10-17T13:26:09.464Z] <<< [apiv2][status] POST https://www.googleapis.com/oauth2/v3/token 200
[debug] [2025-10-17T13:26:09.464Z] <<< [apiv2][body] POST https://www.googleapis.com/oauth2/v3/token [omitted]
[debug] [2025-10-17T13:26:09.472Z] >>> [apiv2][query] GET https://serviceusage.googleapis.com/v1/projects/rccgplaceofvictory/services/firebaseio.com [none]
[debug] [2025-10-17T13:26:09.472Z] >>> [apiv2][(partial)header] GET https://serviceusage.googleapis.com/v1/projects/rccgplaceofvictory/services/firebaseio.com x-goog-quota-user=projects/rccgplaceofvictory
[debug] [2025-10-17T13:26:09.472Z] <<< [apiv2][status] POST https://www.googleapis.com/oauth2/v3/token 200
[debug] [2025-10-17T13:26:09.472Z] <<< [apiv2][body] POST https://www.googleapis.com/oauth2/v3/token [omitted]
[debug] [2025-10-17T13:26:09.479Z] >>> [apiv2][query] GET https://serviceusage.googleapis.com/v1/projects/rccgplaceofvictory/services/ [none]
[debug] [2025-10-17T13:26:09.479Z] >>> [apiv2][(partial)header] GET https://serviceusage.googleapis.com/v1/projects/rccgplaceofvictory/services/ x-goog-quota-user=projects/rccgplaceofvictory
[debug] [2025-10-17T13:26:09.481Z] <<< [apiv2][status] POST https://www.googleapis.com/oauth2/v3/token 200
[debug] [2025-10-17T13:26:09.481Z] <<< [apiv2][body] POST https://www.googleapis.com/oauth2/v3/token [omitted]
[debug] [2025-10-17T13:26:09.488Z] >>> [apiv2][query] GET https://serviceusage.googleapis.com/v1/projects/rccgplaceofvictory/services/firebaseapphosting.googleapis.com [none]
[debug] [2025-10-17T13:26:09.488Z] >>> [apiv2][(partial)header] GET https://serviceusage.googleapis.com/v1/projects/rccgplaceofvictory/services/firebaseapphosting.googleapis.com x-goog-quota-user=projects/rccgplaceofvictory
[debug] [2025-10-17T13:26:09.489Z] <<< [apiv2][status] POST https://www.googleapis.com/oauth2/v3/token 200
[debug] [2025-10-17T13:26:09.490Z] <<< [apiv2][body] POST https://www.googleapis.com/oauth2/v3/token [omitted]
[debug] [2025-10-17T13:26:09.497Z] >>> [apiv2][query] GET https://serviceusage.googleapis.com/v1/projects/rccgplaceofvictory/services/firebasedataconnect.googleapis.com [none]
[debug] [2025-10-17T13:26:09.497Z] >>> [apiv2][(partial)header] GET https://serviceusage.googleapis.com/v1/projects/rccgplaceofvictory/services/firebasedataconnect.googleapis.com x-goog-quota-user=projects/rccgplaceofvictory
[debug] [2025-10-17T13:26:09.498Z] <<< [apiv2][status] POST https://www.googleapis.com/oauth2/v3/token 200
[debug] [2025-10-17T13:26:09.498Z] <<< [apiv2][body] POST https://www.googleapis.com/oauth2/v3/token [omitted]
[debug] [2025-10-17T13:26:09.507Z] >>> [apiv2][query] GET https://serviceusage.googleapis.com/v1/projects/rccgplaceofvictory/services/ [none]
[debug] [2025-10-17T13:26:09.507Z] >>> [apiv2][(partial)header] GET https://serviceusage.googleapis.com/v1/projects/rccgplaceofvictory/services/ x-goog-quota-user=projects/rccgplaceofvictory
[debug] [2025-10-17T13:26:09.508Z] <<< [apiv2][status] POST https://www.googleapis.com/oauth2/v3/token 200
[debug] [2025-10-17T13:26:09.508Z] <<< [apiv2][body] POST https://www.googleapis.com/oauth2/v3/token [omitted]
[debug] [2025-10-17T13:26:09.514Z] >>> [apiv2][query] GET https://serviceusage.googleapis.com/v1/projects/rccgplaceofvictory/services/firebaseio.com [none]
[debug] [2025-10-17T13:26:09.514Z] >>> [apiv2][(partial)header] GET https://serviceusage.googleapis.com/v1/projects/rccgplaceofvictory/services/firebaseio.com x-goog-quota-user=projects/rccgplaceofvictory
[debug] [2025-10-17T13:26:09.515Z] <<< [apiv2][status] POST https://www.googleapis.com/oauth2/v3/token 200
[debug] [2025-10-17T13:26:09.515Z] <<< [apiv2][body] POST https://www.googleapis.com/oauth2/v3/token [omitted]
[debug] [2025-10-17T13:26:09.522Z] >>> [apiv2][query] GET https://serviceusage.googleapis.com/v1/projects/rccgplaceofvictory/services/ [none]
[debug] [2025-10-17T13:26:09.522Z] >>> [apiv2][(partial)header] GET https://serviceusage.googleapis.com/v1/projects/rccgplaceofvictory/services/ x-goog-quota-user=projects/rccgplaceofvictory
[debug] [2025-10-17T13:26:09.524Z] <<< [apiv2][status] POST https://www.googleapis.com/oauth2/v3/token 200
[debug] [2025-10-17T13:26:09.524Z] <<< [apiv2][body] POST https://www.googleapis.com/oauth2/v3/token [omitted]
[debug] [2025-10-17T13:26:09.533Z] >>> [apiv2][query] GET https://serviceusage.googleapis.com/v1/projects/rccgplaceofvictory/services/firebasecrashlytics.googleapis.com [none]
[debug] [2025-10-17T13:26:09.533Z] >>> [apiv2][(partial)header] GET https://serviceusage.googleapis.com/v1/projects/rccgplaceofvictory/services/firebasecrashlytics.googleapis.com x-goog-quota-user=projects/rccgplaceofvictory
[debug] [2025-10-17T13:26:09.534Z] <<< [apiv2][status] POST https://www.googleapis.com/oauth2/v3/token 200
[debug] [2025-10-17T13:26:09.534Z] <<< [apiv2][body] POST https://www.googleapis.com/oauth2/v3/token [omitted]
[debug] [2025-10-17T13:26:09.541Z] >>> [apiv2][query] GET https://serviceusage.googleapis.com/v1/projects/rccgplaceofvictory/services/firebaseio.com [none]
[debug] [2025-10-17T13:26:09.541Z] >>> [apiv2][(partial)header] GET https://serviceusage.googleapis.com/v1/projects/rccgplaceofvictory/services/firebaseio.com x-goog-quota-user=projects/rccgplaceofvictory
[debug] [2025-10-17T13:26:09.542Z] <<< [apiv2][status] POST https://www.googleapis.com/oauth2/v3/token 200
[debug] [2025-10-17T13:26:09.542Z] <<< [apiv2][body] POST https://www.googleapis.com/oauth2/v3/token [omitted]
[debug] [2025-10-17T13:26:09.549Z] >>> [apiv2][query] GET https://serviceusage.googleapis.com/v1/projects/rccgplaceofvictory/services/firebasedataconnect.googleapis.com [none]
[debug] [2025-10-17T13:26:09.549Z] >>> [apiv2][(partial)header] GET https://serviceusage.googleapis.com/v1/projects/rccgplaceofvictory/services/firebasedataconnect.googleapis.com x-goog-quota-user=projects/rccgplaceofvictory
[debug] [2025-10-17T13:26:09.550Z] <<< [apiv2][status] POST https://www.googleapis.com/oauth2/v3/token 200
[debug] [2025-10-17T13:26:09.550Z] <<< [apiv2][body] POST https://www.googleapis.com/oauth2/v3/token [omitted]
[debug] [2025-10-17T13:26:09.558Z] >>> [apiv2][query] GET https://serviceusage.googleapis.com/v1/projects/rccgplaceofvictory/services/firebaseapphosting.googleapis.com [none]
[debug] [2025-10-17T13:26:09.558Z] >>> [apiv2][(partial)header] GET https://serviceusage.googleapis.com/v1/projects/rccgplaceofvictory/services/firebaseapphosting.googleapis.com x-goog-quota-user=projects/rccgplaceofvictory
[debug] [2025-10-17T13:26:09.559Z] <<< [apiv2][status] POST https://www.googleapis.com/oauth2/v3/token 200
[debug] [2025-10-17T13:26:09.559Z] <<< [apiv2][body] POST https://www.googleapis.com/oauth2/v3/token [omitted]
[debug] [2025-10-17T13:26:09.567Z] >>> [apiv2][query] GET https://serviceusage.googleapis.com/v1/projects/rccgplaceofvictory/services/cloudfunctions.googleapis.com [none]
[debug] [2025-10-17T13:26:09.567Z] >>> [apiv2][(partial)header] GET https://serviceusage.googleapis.com/v1/projects/rccgplaceofvictory/services/cloudfunctions.googleapis.com x-goog-quota-user=projects/rccgplaceofvictory
[debug] [2025-10-17T13:26:09.568Z] <<< [apiv2][status] POST https://www.googleapis.com/oauth2/v3/token 200
[debug] [2025-10-17T13:26:09.568Z] <<< [apiv2][body] POST https://www.googleapis.com/oauth2/v3/token [omitted]
[debug] [2025-10-17T13:26:09.575Z] >>> [apiv2][query] GET https://serviceusage.googleapis.com/v1/projects/rccgplaceofvictory/services/cloudfunctions.googleapis.com [none]
[debug] [2025-10-17T13:26:09.575Z] >>> [apiv2][(partial)header] GET https://serviceusage.googleapis.com/v1/projects/rccgplaceofvictory/services/cloudfunctions.googleapis.com x-goog-quota-user=projects/rccgplaceofvictory
[debug] [2025-10-17T13:26:10.430Z] <<< [apiv2][status] GET https://serviceusage.googleapis.com/v1/projects/rccgplaceofvictory/services/firebaseio.com 403
[debug] [2025-10-17T13:26:10.430Z] <<< [apiv2][body] GET https://serviceusage.googleapis.com/v1/projects/rccgplaceofvictory/services/firebaseio.com [omitted]
[debug] [2025-10-17T13:26:10.490Z] <<< [apiv2][status] GET https://serviceusage.googleapis.com/v1/projects/rccgplaceofvictory/services/firebaseio.com 403
[debug] [2025-10-17T13:26:10.490Z] <<< [apiv2][body] GET https://serviceusage.googleapis.com/v1/projects/rccgplaceofvictory/services/firebaseio.com [omitted]
[debug] [2025-10-17T13:26:10.552Z] <<< [apiv2][status] GET https://serviceusage.googleapis.com/v1/projects/rccgplaceofvictory/services/firebasecrashlytics.googleapis.com 200
[debug] [2025-10-17T13:26:10.553Z] <<< [apiv2][body] GET https://serviceusage.googleapis.com/v1/projects/rccgplaceofvictory/services/firebasecrashlytics.googleapis.com [omitted]
[debug] [2025-10-17T13:26:10.575Z] <<< [apiv2][status] GET https://serviceusage.googleapis.com/v1/projects/rccgplaceofvictory/services/firebasedataconnect.googleapis.com 200
[debug] [2025-10-17T13:26:10.575Z] <<< [apiv2][body] GET https://serviceusage.googleapis.com/v1/projects/rccgplaceofvictory/services/firebasedataconnect.googleapis.com [omitted]
[debug] [2025-10-17T13:26:10.576Z] <<< [apiv2][status] GET https://serviceusage.googleapis.com/v1/projects/rccgplaceofvictory/services/firebaseapphosting.googleapis.com 200
[debug] [2025-10-17T13:26:10.576Z] <<< [apiv2][body] GET https://serviceusage.googleapis.com/v1/projects/rccgplaceofvictory/services/firebaseapphosting.googleapis.com [omitted]
[debug] [2025-10-17T13:26:10.618Z] <<< [apiv2][status] GET https://serviceusage.googleapis.com/v1/projects/rccgplaceofvictory/services/firebaseapphosting.googleapis.com 200
[debug] [2025-10-17T13:26:10.619Z] <<< [apiv2][body] GET https://serviceusage.googleapis.com/v1/projects/rccgplaceofvictory/services/firebaseapphosting.googleapis.com [omitted]
[debug] [2025-10-17T13:26:10.622Z] <<< [apiv2][status] GET https://serviceusage.googleapis.com/v1/projects/rccgplaceofvictory/services/cloudfunctions.googleapis.com 200
[debug] [2025-10-17T13:26:10.623Z] <<< [apiv2][body] GET https://serviceusage.googleapis.com/v1/projects/rccgplaceofvictory/services/cloudfunctions.googleapis.com [omitted]
[debug] [2025-10-17T13:26:10.642Z] <<< [apiv2][status] GET https://serviceusage.googleapis.com/v1/projects/rccgplaceofvictory/services/firebasedataconnect.googleapis.com 200
[debug] [2025-10-17T13:26:10.642Z] <<< [apiv2][body] GET https://serviceusage.googleapis.com/v1/projects/rccgplaceofvictory/services/firebasedataconnect.googleapis.com [omitted]
[debug] [2025-10-17T13:26:10.643Z] <<< [apiv2][status] GET https://serviceusage.googleapis.com/v1/projects/rccgplaceofvictory/services/firebasecrashlytics.googleapis.com 200
[debug] [2025-10-17T13:26:10.643Z] <<< [apiv2][body] GET https://serviceusage.googleapis.com/v1/projects/rccgplaceofvictory/services/firebasecrashlytics.googleapis.com [omitted]
[debug] [2025-10-17T13:26:10.702Z] <<< [apiv2][status] GET https://serviceusage.googleapis.com/v1/projects/rccgplaceofvictory/services/cloudfunctions.googleapis.com 200
[debug] [2025-10-17T13:26:10.702Z] <<< [apiv2][body] GET https://serviceusage.googleapis.com/v1/projects/rccgplaceofvictory/services/cloudfunctions.googleapis.com [omitted]
[debug] [2025-10-17T13:26:10.826Z] <<< [apiv2][status] GET https://serviceusage.googleapis.com/v1/projects/rccgplaceofvictory/services/ 200
[debug] [2025-10-17T13:26:10.826Z] <<< [apiv2][body] GET https://serviceusage.googleapis.com/v1/projects/rccgplaceofvictory/services/ [omitted]
[debug] [2025-10-17T13:26:10.987Z] <<< [apiv2][status] GET https://serviceusage.googleapis.com/v1/projects/rccgplaceofvictory/services/firebaseio.com 403
[debug] [2025-10-17T13:26:10.987Z] <<< [apiv2][body] GET https://serviceusage.googleapis.com/v1/projects/rccgplaceofvictory/services/firebaseio.com [omitted]
[debug] [2025-10-17T13:26:11.114Z] Checked if tokens are valid: true, expires at: 1760711168568
[debug] [2025-10-17T13:26:11.114Z] Checked if tokens are valid: true, expires at: 1760711168568
[debug] [2025-10-17T13:26:11.114Z] Checked if tokens are valid: true, expires at: 1760711168568
[debug] [2025-10-17T13:26:11.114Z] Checked if tokens are valid: true, expires at: 1760711168568
[debug] [2025-10-17T13:26:11.114Z] Checked if tokens are valid: true, expires at: 1760711168568
[debug] [2025-10-17T13:26:11.114Z] Checked if tokens are valid: true, expires at: 1760711168568
[debug] [2025-10-17T13:26:11.114Z] Checked if tokens are valid: true, expires at: 1760711168568
[debug] [2025-10-17T13:26:11.114Z] Checked if tokens are valid: true, expires at: 1760711168568
[debug] [2025-10-17T13:26:11.114Z] Checked if tokens are valid: true, expires at: 1760711168568
[debug] [2025-10-17T13:26:11.114Z] Checked if tokens are valid: true, expires at: 1760711168568
[debug] [2025-10-17T13:26:11.115Z] Checked if tokens are valid: true, expires at: 1760711168568
[debug] [2025-10-17T13:26:11.115Z] Checked if tokens are valid: true, expires at: 1760711168568
[debug] [2025-10-17T13:26:11.115Z] >>> [apiv2][query] GET https://serviceusage.googleapis.com/v1/projects/rccgplaceofvictory/services/ [none]
[debug] [2025-10-17T13:26:11.115Z] >>> [apiv2][(partial)header] GET https://serviceusage.googleapis.com/v1/projects/rccgplaceofvictory/services/ x-goog-quota-user=projects/rccgplaceofvictory
[debug] [2025-10-17T13:26:11.115Z] >>> [apiv2][query] GET https://serviceusage.googleapis.com/v1/projects/rccgplaceofvictory/services/firebasedataconnect.googleapis.com [none]
[debug] [2025-10-17T13:26:11.115Z] >>> [apiv2][(partial)header] GET https://serviceusage.googleapis.com/v1/projects/rccgplaceofvictory/services/firebasedataconnect.googleapis.com x-goog-quota-user=projects/rccgplaceofvictory
[debug] [2025-10-17T13:26:11.115Z] >>> [apiv2][query] GET https://serviceusage.googleapis.com/v1/projects/rccgplaceofvictory/services/cloudfunctions.googleapis.com [none]
[debug] [2025-10-17T13:26:11.115Z] >>> [apiv2][(partial)header] GET https://serviceusage.googleapis.com/v1/projects/rccgplaceofvictory/services/cloudfunctions.googleapis.com x-goog-quota-user=projects/rccgplaceofvictory
[debug] [2025-10-17T13:26:11.115Z] >>> [apiv2][query] GET https://serviceusage.googleapis.com/v1/projects/rccgplaceofvictory/services/firebasecrashlytics.googleapis.com [none]
[debug] [2025-10-17T13:26:11.115Z] >>> [apiv2][(partial)header] GET https://serviceusage.googleapis.com/v1/projects/rccgplaceofvictory/services/firebasecrashlytics.googleapis.com x-goog-quota-user=projects/rccgplaceofvictory
[debug] [2025-10-17T13:26:11.116Z] >>> [apiv2][query] GET https://serviceusage.googleapis.com/v1/projects/rccgplaceofvictory/services/firebaseapphosting.googleapis.com [none]
[debug] [2025-10-17T13:26:11.116Z] >>> [apiv2][(partial)header] GET https://serviceusage.googleapis.com/v1/projects/rccgplaceofvictory/services/firebaseapphosting.googleapis.com x-goog-quota-user=projects/rccgplaceofvictory
[debug] [2025-10-17T13:26:11.116Z] >>> [apiv2][query] GET https://serviceusage.googleapis.com/v1/projects/rccgplaceofvictory/services/firebaseio.com [none]
[debug] [2025-10-17T13:26:11.116Z] >>> [apiv2][(partial)header] GET https://serviceusage.googleapis.com/v1/projects/rccgplaceofvictory/services/firebaseio.com x-goog-quota-user=projects/rccgplaceofvictory
[debug] [2025-10-17T13:26:11.117Z] Checked if tokens are valid: true, expires at: 1760711168568
[debug] [2025-10-17T13:26:11.117Z] Checked if tokens are valid: true, expires at: 1760711168568
[debug] [2025-10-17T13:26:11.117Z] Checked if tokens are valid: true, expires at: 1760711168568
[debug] [2025-10-17T13:26:11.117Z] Checked if tokens are valid: true, expires at: 1760711168568
[debug] [2025-10-17T13:26:11.117Z] Checked if tokens are valid: true, expires at: 1760711168568
[debug] [2025-10-17T13:26:11.117Z] Checked if tokens are valid: true, expires at: 1760711168568
[debug] [2025-10-17T13:26:11.117Z] Checked if tokens are valid: true, expires at: 1760711168568
[debug] [2025-10-17T13:26:11.117Z] Checked if tokens are valid: true, expires at: 1760711168568
[debug] [2025-10-17T13:26:11.117Z] Checked if tokens are valid: true, expires at: 1760711168568
[debug] [2025-10-17T13:26:11.117Z] Checked if tokens are valid: true, expires at: 1760711168568
[debug] [2025-10-17T13:26:11.117Z] Checked if tokens are valid: true, expires at: 1760711168568
[debug] [2025-10-17T13:26:11.117Z] Checked if tokens are valid: true, expires at: 1760711168568
[debug] [2025-10-17T13:26:11.117Z] >>> [apiv2][query] GET https://serviceusage.googleapis.com/v1/projects/rccgplaceofvictory/services/ [none]
[debug] [2025-10-17T13:26:11.117Z] >>> [apiv2][(partial)header] GET https://serviceusage.googleapis.com/v1/projects/rccgplaceofvictory/services/ x-goog-quota-user=projects/rccgplaceofvictory
[debug] [2025-10-17T13:26:11.117Z] >>> [apiv2][query] GET https://serviceusage.googleapis.com/v1/projects/rccgplaceofvictory/services/firebasedataconnect.googleapis.com [none]
[debug] [2025-10-17T13:26:11.118Z] >>> [apiv2][(partial)header] GET https://serviceusage.googleapis.com/v1/projects/rccgplaceofvictory/services/firebasedataconnect.googleapis.com x-goog-quota-user=projects/rccgplaceofvictory
[debug] [2025-10-17T13:26:11.118Z] >>> [apiv2][query] GET https://serviceusage.googleapis.com/v1/projects/rccgplaceofvictory/services/cloudfunctions.googleapis.com [none]
[debug] [2025-10-17T13:26:11.118Z] >>> [apiv2][(partial)header] GET https://serviceusage.googleapis.com/v1/projects/rccgplaceofvictory/services/cloudfunctions.googleapis.com x-goog-quota-user=projects/rccgplaceofvictory
[debug] [2025-10-17T13:26:11.118Z] >>> [apiv2][query] GET https://serviceusage.googleapis.com/v1/projects/rccgplaceofvictory/services/firebasecrashlytics.googleapis.com [none]
[debug] [2025-10-17T13:26:11.118Z] >>> [apiv2][(partial)header] GET https://serviceusage.googleapis.com/v1/projects/rccgplaceofvictory/services/firebasecrashlytics.googleapis.com x-goog-quota-user=projects/rccgplaceofvictory
[debug] [2025-10-17T13:26:11.118Z] >>> [apiv2][query] GET https://serviceusage.googleapis.com/v1/projects/rccgplaceofvictory/services/firebaseapphosting.googleapis.com [none]
[debug] [2025-10-17T13:26:11.118Z] >>> [apiv2][(partial)header] GET https://serviceusage.googleapis.com/v1/projects/rccgplaceofvictory/services/firebaseapphosting.googleapis.com x-goog-quota-user=projects/rccgplaceofvictory
[debug] [2025-10-17T13:26:11.118Z] >>> [apiv2][query] GET https://serviceusage.googleapis.com/v1/projects/rccgplaceofvictory/services/firebaseio.com [none]
[debug] [2025-10-17T13:26:11.118Z] >>> [apiv2][(partial)header] GET https://serviceusage.googleapis.com/v1/projects/rccgplaceofvictory/services/firebaseio.com x-goog-quota-user=projects/rccgplaceofvictory
[debug] [2025-10-17T13:26:11.280Z] Checked if tokens are valid: true, expires at: 1760711168568
[debug] [2025-10-17T13:26:11.280Z] Checked if tokens are valid: true, expires at: 1760711168568
[debug] [2025-10-17T13:26:11.280Z] Checked if tokens are valid: true, expires at: 1760711168568
[debug] [2025-10-17T13:26:11.281Z] Checked if tokens are valid: true, expires at: 1760711168568
[debug] [2025-10-17T13:26:11.281Z] Checked if tokens are valid: true, expires at: 1760711168568
[debug] [2025-10-17T13:26:11.281Z] Checked if tokens are valid: true, expires at: 1760711168568
[debug] [2025-10-17T13:26:11.281Z] Checked if tokens are valid: true, expires at: 1760711168568
[debug] [2025-10-17T13:26:11.281Z] Checked if tokens are valid: true, expires at: 1760711168568
[debug] [2025-10-17T13:26:11.281Z] Checked if tokens are valid: true, expires at: 1760711168568
[debug] [2025-10-17T13:26:11.281Z] Checked if tokens are valid: true, expires at: 1760711168568
[debug] [2025-10-17T13:26:11.281Z] Checked if tokens are valid: true, expires at: 1760711168568
[debug] [2025-10-17T13:26:11.281Z] Checked if tokens are valid: true, expires at: 1760711168568
[debug] [2025-10-17T13:26:11.282Z] >>> [apiv2][query] GET https://serviceusage.googleapis.com/v1/projects/rccgplaceofvictory/services/ [none]
[debug] [2025-10-17T13:26:11.282Z] >>> [apiv2][(partial)header] GET https://serviceusage.googleapis.com/v1/projects/rccgplaceofvictory/services/ x-goog-quota-user=projects/rccgplaceofvictory
[debug] [2025-10-17T13:26:11.283Z] >>> [apiv2][query] GET https://serviceusage.googleapis.com/v1/projects/rccgplaceofvictory/services/firebasedataconnect.googleapis.com [none]
[debug] [2025-10-17T13:26:11.283Z] >>> [apiv2][(partial)header] GET https://serviceusage.googleapis.com/v1/projects/rccgplaceofvictory/services/firebasedataconnect.googleapis.com x-goog-quota-user=projects/rccgplaceofvictory
[debug] [2025-10-17T13:26:11.284Z] >>> [apiv2][query] GET https://serviceusage.googleapis.com/v1/projects/rccgplaceofvictory/services/cloudfunctions.googleapis.com [none]
[debug] [2025-10-17T13:26:11.284Z] >>> [apiv2][(partial)header] GET https://serviceusage.googleapis.com/v1/projects/rccgplaceofvictory/services/cloudfunctions.googleapis.com x-goog-quota-user=projects/rccgplaceofvictory
[debug] [2025-10-17T13:26:11.285Z] >>> [apiv2][query] GET https://serviceusage.googleapis.com/v1/projects/rccgplaceofvictory/services/firebasecrashlytics.googleapis.com [none]
[debug] [2025-10-17T13:26:11.285Z] >>> [apiv2][(partial)header] GET https://serviceusage.googleapis.com/v1/projects/rccgplaceofvictory/services/firebasecrashlytics.googleapis.com x-goog-quota-user=projects/rccgplaceofvictory
[debug] [2025-10-17T13:26:11.285Z] >>> [apiv2][query] GET https://serviceusage.googleapis.com/v1/projects/rccgplaceofvictory/services/firebaseapphosting.googleapis.com [none]
[debug] [2025-10-17T13:26:11.285Z] >>> [apiv2][(partial)header] GET https://serviceusage.googleapis.com/v1/projects/rccgplaceofvictory/services/firebaseapphosting.googleapis.com x-goog-quota-user=projects/rccgplaceofvictory
[debug] [2025-10-17T13:26:11.286Z] >>> [apiv2][query] GET https://serviceusage.googleapis.com/v1/projects/rccgplaceofvictory/services/firebaseio.com [none]
[debug] [2025-10-17T13:26:11.286Z] >>> [apiv2][(partial)header] GET https://serviceusage.googleapis.com/v1/projects/rccgplaceofvictory/services/firebaseio.com x-goog-quota-user=projects/rccgplaceofvictory
[debug] [2025-10-17T13:26:11.290Z] Checked if tokens are valid: true, expires at: 1760711168568
[debug] [2025-10-17T13:26:11.290Z] Checked if tokens are valid: true, expires at: 1760711168568
[debug] [2025-10-17T13:26:11.290Z] Checked if tokens are valid: true, expires at: 1760711168568
[debug] [2025-10-17T13:26:11.291Z] Checked if tokens are valid: true, expires at: 1760711168568
[debug] [2025-10-17T13:26:11.291Z] Checked if tokens are valid: true, expires at: 1760711168568
[debug] [2025-10-17T13:26:11.291Z] Checked if tokens are valid: true, expires at: 1760711168568
[debug] [2025-10-17T13:26:11.291Z] Checked if tokens are valid: true, expires at: 1760711168568
[debug] [2025-10-17T13:26:11.291Z] Checked if tokens are valid: true, expires at: 1760711168568
[debug] [2025-10-17T13:26:11.291Z] Checked if tokens are valid: true, expires at: 1760711168568
[debug] [2025-10-17T13:26:11.291Z] Checked if tokens are valid: true, expires at: 1760711168568
[debug] [2025-10-17T13:26:11.291Z] Checked if tokens are valid: true, expires at: 1760711168568
[debug] [2025-10-17T13:26:11.291Z] Checked if tokens are valid: true, expires at: 1760711168568
[debug] [2025-10-17T13:26:11.291Z] Checked if tokens are valid: true, expires at: 1760711168568
[debug] [2025-10-17T13:26:11.291Z] Checked if tokens are valid: true, expires at: 1760711168568
[debug] [2025-10-17T13:26:11.291Z] Checked if tokens are valid: true, expires at: 1760711168568
[debug] [2025-10-17T13:26:11.291Z] Checked if tokens are valid: true, expires at: 1760711168568
[debug] [2025-10-17T13:26:11.291Z] Checked if tokens are valid: true, expires at: 1760711168568
[debug] [2025-10-17T13:26:11.292Z] Checked if tokens are valid: true, expires at: 1760711168568
[debug] [2025-10-17T13:26:11.292Z] Checked if tokens are valid: true, expires at: 1760711168568
[debug] [2025-10-17T13:26:11.292Z] Checked if tokens are valid: true, expires at: 1760711168568
[debug] [2025-10-17T13:26:11.292Z] Checked if tokens are valid: true, expires at: 1760711168568
[debug] [2025-10-17T13:26:11.292Z] Checked if tokens are valid: true, expires at: 1760711168568
[debug] [2025-10-17T13:26:11.292Z] Checked if tokens are valid: true, expires at: 1760711168568
[debug] [2025-10-17T13:26:11.292Z] Checked if tokens are valid: true, expires at: 1760711168568
[debug] [2025-10-17T13:26:11.293Z] >>> [apiv2][query] GET https://serviceusage.googleapis.com/v1/projects/rccgplaceofvictory/services/ [none]
[debug] [2025-10-17T13:26:11.293Z] >>> [apiv2][(partial)header] GET https://serviceusage.googleapis.com/v1/projects/rccgplaceofvictory/services/ x-goog-quota-user=projects/rccgplaceofvictory
[debug] [2025-10-17T13:26:11.293Z] >>> [apiv2][query] GET https://serviceusage.googleapis.com/v1/projects/rccgplaceofvictory/services/firebasedataconnect.googleapis.com [none]
[debug] [2025-10-17T13:26:11.293Z] >>> [apiv2][(partial)header] GET https://serviceusage.googleapis.com/v1/projects/rccgplaceofvictory/services/firebasedataconnect.googleapis.com x-goog-quota-user=projects/rccgplaceofvictory
[debug] [2025-10-17T13:26:11.295Z] >>> [apiv2][query] GET https://serviceusage.googleapis.com/v1/projects/rccgplaceofvictory/services/cloudfunctions.googleapis.com [none]
[debug] [2025-10-17T13:26:11.295Z] >>> [apiv2][(partial)header] GET https://serviceusage.googleapis.com/v1/projects/rccgplaceofvictory/services/cloudfunctions.googleapis.com x-goog-quota-user=projects/rccgplaceofvictory
[debug] [2025-10-17T13:26:11.296Z] >>> [apiv2][query] GET https://serviceusage.googleapis.com/v1/projects/rccgplaceofvictory/services/firebasecrashlytics.googleapis.com [none]
[debug] [2025-10-17T13:26:11.296Z] >>> [apiv2][(partial)header] GET https://serviceusage.googleapis.com/v1/projects/rccgplaceofvictory/services/firebasecrashlytics.googleapis.com x-goog-quota-user=projects/rccgplaceofvictory
[debug] [2025-10-17T13:26:11.297Z] >>> [apiv2][query] GET https://serviceusage.googleapis.com/v1/projects/rccgplaceofvictory/services/firebaseapphosting.googleapis.com [none]
[debug] [2025-10-17T13:26:11.297Z] >>> [apiv2][(partial)header] GET https://serviceusage.googleapis.com/v1/projects/rccgplaceofvictory/services/firebaseapphosting.googleapis.com x-goog-quota-user=projects/rccgplaceofvictory
[debug] [2025-10-17T13:26:11.297Z] >>> [apiv2][query] GET https://serviceusage.googleapis.com/v1/projects/rccgplaceofvictory/services/firebaseio.com [none]
[debug] [2025-10-17T13:26:11.297Z] >>> [apiv2][(partial)header] GET https://serviceusage.googleapis.com/v1/projects/rccgplaceofvictory/services/firebaseio.com x-goog-quota-user=projects/rccgplaceofvictory
[debug] [2025-10-17T13:26:11.298Z] >>> [apiv2][query] GET https://serviceusage.googleapis.com/v1/projects/rccgplaceofvictory/services/ [none]
[debug] [2025-10-17T13:26:11.298Z] >>> [apiv2][(partial)header] GET https://serviceusage.googleapis.com/v1/projects/rccgplaceofvictory/services/ x-goog-quota-user=projects/rccgplaceofvictory
[debug] [2025-10-17T13:26:11.298Z] >>> [apiv2][query] GET https://serviceusage.googleapis.com/v1/projects/rccgplaceofvictory/services/firebasedataconnect.googleapis.com [none]
[debug] [2025-10-17T13:26:11.298Z] >>> [apiv2][(partial)header] GET https://serviceusage.googleapis.com/v1/projects/rccgplaceofvictory/services/firebasedataconnect.googleapis.com x-goog-quota-user=projects/rccgplaceofvictory
[debug] [2025-10-17T13:26:11.299Z] >>> [apiv2][query] GET https://serviceusage.googleapis.com/v1/projects/rccgplaceofvictory/services/cloudfunctions.googleapis.com [none]
[debug] [2025-10-17T13:26:11.299Z] >>> [apiv2][(partial)header] GET https://serviceusage.googleapis.com/v1/projects/rccgplaceofvictory/services/cloudfunctions.googleapis.com x-goog-quota-user=projects/rccgplaceofvictory
[debug] [2025-10-17T13:26:11.299Z] >>> [apiv2][query] GET https://serviceusage.googleapis.com/v1/projects/rccgplaceofvictory/services/firebasecrashlytics.googleapis.com [none]
[debug] [2025-10-17T13:26:11.299Z] >>> [apiv2][(partial)header] GET https://serviceusage.googleapis.com/v1/projects/rccgplaceofvictory/services/firebasecrashlytics.googleapis.com x-goog-quota-user=projects/rccgplaceofvictory
[debug] [2025-10-17T13:26:11.300Z] >>> [apiv2][query] GET https://serviceusage.googleapis.com/v1/projects/rccgplaceofvictory/services/firebaseapphosting.googleapis.com [none]
[debug] [2025-10-17T13:26:11.300Z] >>> [apiv2][(partial)header] GET https://serviceusage.googleapis.com/v1/projects/rccgplaceofvictory/services/firebaseapphosting.googleapis.com x-goog-quota-user=projects/rccgplaceofvictory
[debug] [2025-10-17T13:26:11.300Z] >>> [apiv2][query] GET https://serviceusage.googleapis.com/v1/projects/rccgplaceofvictory/services/firebaseio.com [none]
[debug] [2025-10-17T13:26:11.300Z] >>> [apiv2][(partial)header] GET https://serviceusage.googleapis.com/v1/projects/rccgplaceofvictory/services/firebaseio.com x-goog-quota-user=projects/rccgplaceofvictory
[debug] [2025-10-17T13:26:11.309Z] <<< [apiv2][status] GET https://serviceusage.googleapis.com/v1/projects/rccgplaceofvictory/services/firebaseapphosting.googleapis.com 200
[debug] [2025-10-17T13:26:11.309Z] <<< [apiv2][body] GET https://serviceusage.googleapis.com/v1/projects/rccgplaceofvictory/services/firebaseapphosting.googleapis.com [omitted]
[debug] [2025-10-17T13:26:11.312Z] <<< [apiv2][status] GET https://serviceusage.googleapis.com/v1/projects/rccgplaceofvictory/services/firebasedataconnect.googleapis.com 200
[debug] [2025-10-17T13:26:11.312Z] <<< [apiv2][body] GET https://serviceusage.googleapis.com/v1/projects/rccgplaceofvictory/services/firebasedataconnect.googleapis.com [omitted]
[debug] [2025-10-17T13:26:11.314Z] <<< [apiv2][status] GET https://serviceusage.googleapis.com/v1/projects/rccgplaceofvictory/services/firebaseio.com 403
[debug] [2025-10-17T13:26:11.314Z] <<< [apiv2][body] GET https://serviceusage.googleapis.com/v1/projects/rccgplaceofvictory/services/firebaseio.com [omitted]
[debug] [2025-10-17T13:26:11.328Z] <<< [apiv2][status] GET https://serviceusage.googleapis.com/v1/projects/rccgplaceofvictory/services/firebasecrashlytics.googleapis.com 200
[debug] [2025-10-17T13:26:11.328Z] <<< [apiv2][body] GET https://serviceusage.googleapis.com/v1/projects/rccgplaceofvictory/services/firebasecrashlytics.googleapis.com [omitted]
[debug] [2025-10-17T13:26:11.337Z] > command requires scopes: ["email","openid","https://www.googleapis.com/auth/cloudplatformprojects.readonly","https://www.googleapis.com/auth/firebase","https://www.googleapis.com/auth/cloud-platform"]
[debug] [2025-10-17T13:26:11.337Z] > authorizing via signed-in user (chamellion555@gmail.com)
[debug] [2025-10-17T13:26:11.373Z] > command requires scopes: ["email","openid","https://www.googleapis.com/auth/cloudplatformprojects.readonly","https://www.googleapis.com/auth/firebase","https://www.googleapis.com/auth/cloud-platform"]
[debug] [2025-10-17T13:26:11.373Z] > authorizing via signed-in user (chamellion555@gmail.com)
[debug] [2025-10-17T13:26:11.445Z] <<< [apiv2][status] GET https://serviceusage.googleapis.com/v1/projects/rccgplaceofvictory/services/firebaseapphosting.googleapis.com 200
[debug] [2025-10-17T13:26:11.445Z] <<< [apiv2][body] GET https://serviceusage.googleapis.com/v1/projects/rccgplaceofvictory/services/firebaseapphosting.googleapis.com [omitted]
[debug] [2025-10-17T13:26:11.447Z] <<< [apiv2][status] GET https://serviceusage.googleapis.com/v1/projects/rccgplaceofvictory/services/firebasecrashlytics.googleapis.com 200
[debug] [2025-10-17T13:26:11.447Z] <<< [apiv2][body] GET https://serviceusage.googleapis.com/v1/projects/rccgplaceofvictory/services/firebasecrashlytics.googleapis.com [omitted]
[debug] [2025-10-17T13:26:11.451Z] <<< [apiv2][status] GET https://serviceusage.googleapis.com/v1/projects/rccgplaceofvictory/services/firebasedataconnect.googleapis.com 200
[debug] [2025-10-17T13:26:11.451Z] <<< [apiv2][body] GET https://serviceusage.googleapis.com/v1/projects/rccgplaceofvictory/services/firebasedataconnect.googleapis.com [omitted]
[debug] [2025-10-17T13:26:11.465Z] <<< [apiv2][status] GET https://serviceusage.googleapis.com/v1/projects/rccgplaceofvictory/services/cloudfunctions.googleapis.com 200
[debug] [2025-10-17T13:26:11.465Z] <<< [apiv2][body] GET https://serviceusage.googleapis.com/v1/projects/rccgplaceofvictory/services/cloudfunctions.googleapis.com [omitted]
[debug] [2025-10-17T13:26:11.478Z] <<< [apiv2][status] GET https://serviceusage.googleapis.com/v1/projects/rccgplaceofvictory/services/ 200
[debug] [2025-10-17T13:26:11.478Z] <<< [apiv2][body] GET https://serviceusage.googleapis.com/v1/projects/rccgplaceofvictory/services/ [omitted]
[debug] [2025-10-17T13:26:11.515Z] > command requires scopes: ["email","openid","https://www.googleapis.com/auth/cloudplatformprojects.readonly","https://www.googleapis.com/auth/firebase","https://www.googleapis.com/auth/cloud-platform"]
[debug] [2025-10-17T13:26:11.515Z] > authorizing via signed-in user (chamellion555@gmail.com)
[debug] [2025-10-17T13:26:11.550Z] > command requires scopes: ["email","openid","https://www.googleapis.com/auth/cloudplatformprojects.readonly","https://www.googleapis.com/auth/firebase","https://www.googleapis.com/auth/cloud-platform"]
[debug] [2025-10-17T13:26:11.550Z] > authorizing via signed-in user (chamellion555@gmail.com)
[debug] [2025-10-17T13:26:11.714Z] <<< [apiv2][status] GET https://serviceusage.googleapis.com/v1/projects/rccgplaceofvictory/services/firebaseio.com 403
[debug] [2025-10-17T13:26:11.714Z] <<< [apiv2][body] GET https://serviceusage.googleapis.com/v1/projects/rccgplaceofvictory/services/firebaseio.com [omitted]
[debug] [2025-10-17T13:26:11.791Z] <<< [apiv2][status] GET https://serviceusage.googleapis.com/v1/projects/rccgplaceofvictory/services/firebaseapphosting.googleapis.com 200
[debug] [2025-10-17T13:26:11.791Z] <<< [apiv2][body] GET https://serviceusage.googleapis.com/v1/projects/rccgplaceofvictory/services/firebaseapphosting.googleapis.com [omitted]
[debug] [2025-10-17T13:26:11.835Z] <<< [apiv2][status] GET https://serviceusage.googleapis.com/v1/projects/rccgplaceofvictory/services/ 200
[debug] [2025-10-17T13:26:11.835Z] <<< [apiv2][body] GET https://serviceusage.googleapis.com/v1/projects/rccgplaceofvictory/services/ [omitted]
[debug] [2025-10-17T13:26:11.840Z] <<< [apiv2][status] GET https://serviceusage.googleapis.com/v1/projects/rccgplaceofvictory/services/firebaseapphosting.googleapis.com 200
[debug] [2025-10-17T13:26:11.840Z] <<< [apiv2][body] GET https://serviceusage.googleapis.com/v1/projects/rccgplaceofvictory/services/firebaseapphosting.googleapis.com [omitted]
[debug] [2025-10-17T13:26:11.858Z] <<< [apiv2][status] GET https://serviceusage.googleapis.com/v1/projects/rccgplaceofvictory/services/firebasedataconnect.googleapis.com 200
[debug] [2025-10-17T13:26:11.858Z] <<< [apiv2][body] GET https://serviceusage.googleapis.com/v1/projects/rccgplaceofvictory/services/firebasedataconnect.googleapis.com [omitted]
[debug] [2025-10-17T13:26:11.859Z] <<< [apiv2][status] GET https://serviceusage.googleapis.com/v1/projects/rccgplaceofvictory/services/firebasecrashlytics.googleapis.com 200
[debug] [2025-10-17T13:26:11.859Z] <<< [apiv2][body] GET https://serviceusage.googleapis.com/v1/projects/rccgplaceofvictory/services/firebasecrashlytics.googleapis.com [omitted]
[debug] [2025-10-17T13:26:11.861Z] <<< [apiv2][status] GET https://serviceusage.googleapis.com/v1/projects/rccgplaceofvictory/services/cloudfunctions.googleapis.com 200
[debug] [2025-10-17T13:26:11.861Z] <<< [apiv2][body] GET https://serviceusage.googleapis.com/v1/projects/rccgplaceofvictory/services/cloudfunctions.googleapis.com [omitted]
[debug] [2025-10-17T13:26:11.885Z] <<< [apiv2][status] GET https://serviceusage.googleapis.com/v1/projects/rccgplaceofvictory/services/cloudfunctions.googleapis.com 200
[debug] [2025-10-17T13:26:11.885Z] <<< [apiv2][body] GET https://serviceusage.googleapis.com/v1/projects/rccgplaceofvictory/services/cloudfunctions.googleapis.com [omitted]
[debug] [2025-10-17T13:26:11.981Z] <<< [apiv2][status] GET https://serviceusage.googleapis.com/v1/projects/rccgplaceofvictory/services/firebaseio.com 403
[debug] [2025-10-17T13:26:11.981Z] <<< [apiv2][body] GET https://serviceusage.googleapis.com/v1/projects/rccgplaceofvictory/services/firebaseio.com [omitted]
[debug] [2025-10-17T13:26:11.982Z] <<< [apiv2][status] GET https://serviceusage.googleapis.com/v1/projects/rccgplaceofvictory/services/firebaseio.com 403
[debug] [2025-10-17T13:26:11.982Z] <<< [apiv2][body] GET https://serviceusage.googleapis.com/v1/projects/rccgplaceofvictory/services/firebaseio.com [omitted]
[debug] [2025-10-17T13:26:11.984Z] <<< [apiv2][status] GET https://serviceusage.googleapis.com/v1/projects/rccgplaceofvictory/services/ 200
[debug] [2025-10-17T13:26:11.984Z] <<< [apiv2][body] GET https://serviceusage.googleapis.com/v1/projects/rccgplaceofvictory/services/ [omitted]
[debug] [2025-10-17T13:26:12.013Z] <<< [apiv2][status] GET https://serviceusage.googleapis.com/v1/projects/rccgplaceofvictory/services/firebaseio.com 403
[debug] [2025-10-17T13:26:12.013Z] <<< [apiv2][body] GET https://serviceusage.googleapis.com/v1/projects/rccgplaceofvictory/services/firebaseio.com [omitted]
[debug] [2025-10-17T13:26:12.018Z] > command requires scopes: ["email","openid","https://www.googleapis.com/auth/cloudplatformprojects.readonly","https://www.googleapis.com/auth/firebase","https://www.googleapis.com/auth/cloud-platform"]
[debug] [2025-10-17T13:26:12.018Z] > authorizing via signed-in user (chamellion555@gmail.com)
[debug] [2025-10-17T13:26:12.048Z] <<< [apiv2][status] GET https://serviceusage.googleapis.com/v1/projects/rccgplaceofvictory/services/ 200
[debug] [2025-10-17T13:26:12.048Z] <<< [apiv2][body] GET https://serviceusage.googleapis.com/v1/projects/rccgplaceofvictory/services/ [omitted]
[debug] [2025-10-17T13:26:12.053Z] > command requires scopes: ["email","openid","https://www.googleapis.com/auth/cloudplatformprojects.readonly","https://www.googleapis.com/auth/firebase","https://www.googleapis.com/auth/cloud-platform"]
[debug] [2025-10-17T13:26:12.053Z] > authorizing via signed-in user (chamellion555@gmail.com)
[debug] [2025-10-17T13:26:12.073Z] <<< [apiv2][status] GET https://serviceusage.googleapis.com/v1/projects/rccgplaceofvictory/services/firebasecrashlytics.googleapis.com 200
[debug] [2025-10-17T13:26:12.073Z] <<< [apiv2][body] GET https://serviceusage.googleapis.com/v1/projects/rccgplaceofvictory/services/firebasecrashlytics.googleapis.com [omitted]
[debug] [2025-10-17T13:26:12.077Z] <<< [apiv2][status] GET https://serviceusage.googleapis.com/v1/projects/rccgplaceofvictory/services/firebaseapphosting.googleapis.com 200
[debug] [2025-10-17T13:26:12.077Z] <<< [apiv2][body] GET https://serviceusage.googleapis.com/v1/projects/rccgplaceofvictory/services/firebaseapphosting.googleapis.com [omitted]
[debug] [2025-10-17T13:26:12.090Z] <<< [apiv2][status] GET https://serviceusage.googleapis.com/v1/projects/rccgplaceofvictory/services/firebasedataconnect.googleapis.com 200
[debug] [2025-10-17T13:26:12.090Z] <<< [apiv2][body] GET https://serviceusage.googleapis.com/v1/projects/rccgplaceofvictory/services/firebasedataconnect.googleapis.com [omitted]
[debug] [2025-10-17T13:26:12.092Z] <<< [apiv2][status] GET https://serviceusage.googleapis.com/v1/projects/rccgplaceofvictory/services/cloudfunctions.googleapis.com 200
[debug] [2025-10-17T13:26:12.092Z] <<< [apiv2][body] GET https://serviceusage.googleapis.com/v1/projects/rccgplaceofvictory/services/cloudfunctions.googleapis.com [omitted]
[debug] [2025-10-17T13:26:12.113Z] <<< [apiv2][status] GET https://serviceusage.googleapis.com/v1/projects/rccgplaceofvictory/services/cloudfunctions.googleapis.com 200
[debug] [2025-10-17T13:26:12.113Z] <<< [apiv2][body] GET https://serviceusage.googleapis.com/v1/projects/rccgplaceofvictory/services/cloudfunctions.googleapis.com [omitted]
[debug] [2025-10-17T13:26:12.120Z] <<< [apiv2][status] GET https://serviceusage.googleapis.com/v1/projects/rccgplaceofvictory/services/firebasedataconnect.googleapis.com 200
[debug] [2025-10-17T13:26:12.120Z] <<< [apiv2][body] GET https://serviceusage.googleapis.com/v1/projects/rccgplaceofvictory/services/firebasedataconnect.googleapis.com [omitted]
[debug] [2025-10-17T13:26:12.120Z] <<< [apiv2][status] GET https://serviceusage.googleapis.com/v1/projects/rccgplaceofvictory/services/firebasecrashlytics.googleapis.com 200
[debug] [2025-10-17T13:26:12.120Z] <<< [apiv2][body] GET https://serviceusage.googleapis.com/v1/projects/rccgplaceofvictory/services/firebasecrashlytics.googleapis.com [omitted]
[debug] [2025-10-17T13:26:12.124Z] <<< [apiv2][status] GET https://serviceusage.googleapis.com/v1/projects/rccgplaceofvictory/services/firebasedataconnect.googleapis.com 200
[debug] [2025-10-17T13:26:12.124Z] <<< [apiv2][body] GET https://serviceusage.googleapis.com/v1/projects/rccgplaceofvictory/services/firebasedataconnect.googleapis.com [omitted]
[debug] [2025-10-17T13:26:12.126Z] <<< [apiv2][status] GET https://serviceusage.googleapis.com/v1/projects/rccgplaceofvictory/services/firebasecrashlytics.googleapis.com 200
[debug] [2025-10-17T13:26:12.126Z] <<< [apiv2][body] GET https://serviceusage.googleapis.com/v1/projects/rccgplaceofvictory/services/firebasecrashlytics.googleapis.com [omitted]
[debug] [2025-10-17T13:26:12.130Z] <<< [apiv2][status] GET https://serviceusage.googleapis.com/v1/projects/rccgplaceofvictory/services/cloudfunctions.googleapis.com 200
[debug] [2025-10-17T13:26:12.130Z] <<< [apiv2][body] GET https://serviceusage.googleapis.com/v1/projects/rccgplaceofvictory/services/cloudfunctions.googleapis.com [omitted]
[debug] [2025-10-17T13:26:12.134Z] <<< [apiv2][status] GET https://serviceusage.googleapis.com/v1/projects/rccgplaceofvictory/services/firebaseapphosting.googleapis.com 200
[debug] [2025-10-17T13:26:12.134Z] <<< [apiv2][body] GET https://serviceusage.googleapis.com/v1/projects/rccgplaceofvictory/services/firebaseapphosting.googleapis.com [omitted]
[debug] [2025-10-17T13:26:12.140Z] > command requires scopes: ["email","openid","https://www.googleapis.com/auth/cloudplatformprojects.readonly","https://www.googleapis.com/auth/firebase","https://www.googleapis.com/auth/cloud-platform"]
[debug] [2025-10-17T13:26:12.140Z] > authorizing via signed-in user (chamellion555@gmail.com)
[debug] [2025-10-17T13:26:12.173Z] > command requires scopes: ["email","openid","https://www.googleapis.com/auth/cloudplatformprojects.readonly","https://www.googleapis.com/auth/firebase","https://www.googleapis.com/auth/cloud-platform"]
[debug] [2025-10-17T13:26:12.173Z] > authorizing via signed-in user (chamellion555@gmail.com)
[debug] [2025-10-17T13:26:12.232Z] <<< [apiv2][status] GET https://serviceusage.googleapis.com/v1/projects/rccgplaceofvictory/services/ 200
[debug] [2025-10-17T13:26:12.232Z] <<< [apiv2][body] GET https://serviceusage.googleapis.com/v1/projects/rccgplaceofvictory/services/ [omitted]
[debug] [2025-10-17T13:26:12.235Z] <<< [apiv2][status] GET https://serviceusage.googleapis.com/v1/projects/rccgplaceofvictory/services/ 200
[debug] [2025-10-17T13:26:12.235Z] <<< [apiv2][body] GET https://serviceusage.googleapis.com/v1/projects/rccgplaceofvictory/services/ [omitted]
[debug] [2025-10-17T13:26:12.264Z] <<< [apiv2][status] GET https://serviceusage.googleapis.com/v1/projects/rccgplaceofvictory/services/ 200
[debug] [2025-10-17T13:26:12.265Z] <<< [apiv2][body] GET https://serviceusage.googleapis.com/v1/projects/rccgplaceofvictory/services/ [omitted]
[debug] [2025-10-17T13:26:12.269Z] > command requires scopes: ["email","openid","https://www.googleapis.com/auth/cloudplatformprojects.readonly","https://www.googleapis.com/auth/firebase","https://www.googleapis.com/auth/cloud-platform"]
[debug] [2025-10-17T13:26:12.269Z] > authorizing via signed-in user (chamellion555@gmail.com)
[debug] [2025-10-17T13:26:12.269Z] > command requires scopes: ["email","openid","https://www.googleapis.com/auth/cloudplatformprojects.readonly","https://www.googleapis.com/auth/firebase","https://www.googleapis.com/auth/cloud-platform"]
[debug] [2025-10-17T13:26:12.269Z] > authorizing via signed-in user (chamellion555@gmail.com)
[debug] [2025-10-17T13:26:12.302Z] > command requires scopes: ["email","openid","https://www.googleapis.com/auth/cloudplatformprojects.readonly","https://www.googleapis.com/auth/firebase","https://www.googleapis.com/auth/cloud-platform"]
[debug] [2025-10-17T13:26:12.302Z] > authorizing via signed-in user (chamellion555@gmail.com)
[debug] [2025-10-17T13:26:12.303Z] > command requires scopes: ["email","openid","https://www.googleapis.com/auth/cloudplatformprojects.readonly","https://www.googleapis.com/auth/firebase","https://www.googleapis.com/auth/cloud-platform"]
[debug] [2025-10-17T13:26:12.303Z] > authorizing via signed-in user (chamellion555@gmail.com)
[debug] [2025-10-17T13:26:12.357Z] > command requires scopes: ["email","openid","https://www.googleapis.com/auth/cloudplatformprojects.readonly","https://www.googleapis.com/auth/firebase","https://www.googleapis.com/auth/cloud-platform"]
[debug] [2025-10-17T13:26:12.358Z] > authorizing via signed-in user (chamellion555@gmail.com)
[debug] [2025-10-17T13:26:12.395Z] > command requires scopes: ["email","openid","https://www.googleapis.com/auth/cloudplatformprojects.readonly","https://www.googleapis.com/auth/firebase","https://www.googleapis.com/auth/cloud-platform"]
[debug] [2025-10-17T13:26:12.395Z] > authorizing via signed-in user (chamellion555@gmail.com)
[debug] [2025-10-24T05:00:56.180Z] > command requires scopes: ["email","openid","https://www.googleapis.com/auth/cloudplatformprojects.readonly","https://www.googleapis.com/auth/firebase","https://www.googleapis.com/auth/cloud-platform"]
[debug] [2025-10-24T05:00:56.181Z] > authorizing via signed-in user (chamellion555@gmail.com)
[debug] [2025-10-24T05:00:56.186Z] Checked if tokens are valid: false, expires at: 1760711168568
[debug] [2025-10-24T05:00:56.186Z] Checked if tokens are valid: false, expires at: 1760711168568
[debug] [2025-10-24T05:00:56.187Z] > refreshing access token with scopes: []
[debug] [2025-10-24T05:00:56.187Z] >>> [apiv2][query] POST https://www.googleapis.com/oauth2/v3/token [none]
[debug] [2025-10-24T05:00:56.187Z] >>> [apiv2][body] POST https://www.googleapis.com/oauth2/v3/token [omitted]
[debug] [2025-10-24T05:00:56.189Z] Checked if tokens are valid: false, expires at: 1760711168568
[debug] [2025-10-24T05:00:56.189Z] Checked if tokens are valid: false, expires at: 1760711168568
[debug] [2025-10-24T05:00:56.189Z] > refreshing access token with scopes: []
[debug] [2025-10-24T05:00:56.189Z] >>> [apiv2][query] POST https://www.googleapis.com/oauth2/v3/token [none]
[debug] [2025-10-24T05:00:56.189Z] >>> [apiv2][body] POST https://www.googleapis.com/oauth2/v3/token [omitted]
[debug] [2025-10-24T05:00:56.193Z] Checked if tokens are valid: false, expires at: 1760711168568
[debug] [2025-10-24T05:00:56.193Z] Checked if tokens are valid: false, expires at: 1760711168568
[debug] [2025-10-24T05:00:56.193Z] > refreshing access token with scopes: []
[debug] [2025-10-24T05:00:56.193Z] >>> [apiv2][query] POST https://www.googleapis.com/oauth2/v3/token [none]
[debug] [2025-10-24T05:00:56.193Z] >>> [apiv2][body] POST https://www.googleapis.com/oauth2/v3/token [omitted]
[debug] [2025-10-24T05:00:56.194Z] Checked if tokens are valid: false, expires at: 1760711168568
[debug] [2025-10-24T05:00:56.194Z] Checked if tokens are valid: false, expires at: 1760711168568
[debug] [2025-10-24T05:00:56.194Z] > refreshing access token with scopes: []
[debug] [2025-10-24T05:00:56.194Z] >>> [apiv2][query] POST https://www.googleapis.com/oauth2/v3/token [none]
[debug] [2025-10-24T05:00:56.194Z] >>> [apiv2][body] POST https://www.googleapis.com/oauth2/v3/token [omitted]
[debug] [2025-10-24T05:00:56.194Z] > command requires scopes: ["email","openid","https://www.googleapis.com/auth/cloudplatformprojects.readonly","https://www.googleapis.com/auth/firebase","https://www.googleapis.com/auth/cloud-platform"]
[debug] [2025-10-24T05:00:56.194Z] > authorizing via signed-in user (chamellion555@gmail.com)
[debug] [2025-10-24T05:00:56.195Z] Checked if tokens are valid: false, expires at: 1760711168568
[debug] [2025-10-24T05:00:56.195Z] Checked if tokens are valid: false, expires at: 1760711168568
[debug] [2025-10-24T05:00:56.195Z] > refreshing access token with scopes: []
[debug] [2025-10-24T05:00:56.195Z] >>> [apiv2][query] POST https://www.googleapis.com/oauth2/v3/token [none]
[debug] [2025-10-24T05:00:56.195Z] >>> [apiv2][body] POST https://www.googleapis.com/oauth2/v3/token [omitted]
[debug] [2025-10-24T05:00:56.195Z] Checked if tokens are valid: false, expires at: 1760711168568
[debug] [2025-10-24T05:00:56.195Z] Checked if tokens are valid: false, expires at: 1760711168568
[debug] [2025-10-24T05:00:56.195Z] > refreshing access token with scopes: []
[debug] [2025-10-24T05:00:56.195Z] >>> [apiv2][query] POST https://www.googleapis.com/oauth2/v3/token [none]
[debug] [2025-10-24T05:00:56.195Z] >>> [apiv2][body] POST https://www.googleapis.com/oauth2/v3/token [omitted]
[debug] [2025-10-24T05:00:56.197Z] Checked if tokens are valid: false, expires at: 1760711168568
[debug] [2025-10-24T05:00:56.197Z] Checked if tokens are valid: false, expires at: 1760711168568
[debug] [2025-10-24T05:00:56.197Z] > refreshing access token with scopes: []
[debug] [2025-10-24T05:00:56.197Z] >>> [apiv2][query] POST https://www.googleapis.com/oauth2/v3/token [none]
[debug] [2025-10-24T05:00:56.197Z] >>> [apiv2][body] POST https://www.googleapis.com/oauth2/v3/token [omitted]
[debug] [2025-10-24T05:00:56.197Z] Checked if tokens are valid: false, expires at: 1760711168568
[debug] [2025-10-24T05:00:56.197Z] Checked if tokens are valid: false, expires at: 1760711168568
[debug] [2025-10-24T05:00:56.197Z] > refreshing access token with scopes: []
[debug] [2025-10-24T05:00:56.197Z] >>> [apiv2][query] POST https://www.googleapis.com/oauth2/v3/token [none]
[debug] [2025-10-24T05:00:56.197Z] >>> [apiv2][body] POST https://www.googleapis.com/oauth2/v3/token [omitted]
[debug] [2025-10-24T05:00:56.201Z] > command requires scopes: ["email","openid","https://www.googleapis.com/auth/cloudplatformprojects.readonly","https://www.googleapis.com/auth/firebase","https://www.googleapis.com/auth/cloud-platform"]
[debug] [2025-10-24T05:00:56.201Z] > authorizing via signed-in user (chamellion555@gmail.com)
[debug] [2025-10-24T05:00:56.202Z] Checked if tokens are valid: false, expires at: 1760711168568
[debug] [2025-10-24T05:00:56.202Z] Checked if tokens are valid: false, expires at: 1760711168568
[debug] [2025-10-24T05:00:56.202Z] > refreshing access token with scopes: []
[debug] [2025-10-24T05:00:56.202Z] >>> [apiv2][query] POST https://www.googleapis.com/oauth2/v3/token [none]
[debug] [2025-10-24T05:00:56.202Z] >>> [apiv2][body] POST https://www.googleapis.com/oauth2/v3/token [omitted]
[debug] [2025-10-24T05:00:56.202Z] Checked if tokens are valid: false, expires at: 1760711168568
[debug] [2025-10-24T05:00:56.202Z] Checked if tokens are valid: false, expires at: 1760711168568
[debug] [2025-10-24T05:00:56.202Z] > refreshing access token with scopes: []
[debug] [2025-10-24T05:00:56.203Z] >>> [apiv2][query] POST https://www.googleapis.com/oauth2/v3/token [none]
[debug] [2025-10-24T05:00:56.203Z] >>> [apiv2][body] POST https://www.googleapis.com/oauth2/v3/token [omitted]
[debug] [2025-10-24T05:00:56.204Z] Checked if tokens are valid: false, expires at: 1760711168568
[debug] [2025-10-24T05:00:56.204Z] Checked if tokens are valid: false, expires at: 1760711168568
[debug] [2025-10-24T05:00:56.204Z] > refreshing access token with scopes: []
[debug] [2025-10-24T05:00:56.204Z] >>> [apiv2][query] POST https://www.googleapis.com/oauth2/v3/token [none]
[debug] [2025-10-24T05:00:56.204Z] >>> [apiv2][body] POST https://www.googleapis.com/oauth2/v3/token [omitted]
[debug] [2025-10-24T05:00:56.204Z] Checked if tokens are valid: false, expires at: 1760711168568
[debug] [2025-10-24T05:00:56.204Z] Checked if tokens are valid: false, expires at: 1760711168568
[debug] [2025-10-24T05:00:56.204Z] > refreshing access token with scopes: []
[debug] [2025-10-24T05:00:56.204Z] >>> [apiv2][query] POST https://www.googleapis.com/oauth2/v3/token [none]
[debug] [2025-10-24T05:00:56.204Z] >>> [apiv2][body] POST https://www.googleapis.com/oauth2/v3/token [omitted]
[debug] [2025-10-24T05:00:56.377Z] <<< [apiv2][status] POST https://www.googleapis.com/oauth2/v3/token 200
[debug] [2025-10-24T05:00:56.378Z] <<< [apiv2][body] POST https://www.googleapis.com/oauth2/v3/token [omitted]
[debug] [2025-10-24T05:00:56.398Z] >>> [apiv2][query] GET https://serviceusage.googleapis.com/v1/projects/rccgplaceofvictory/services/firebasedataconnect.googleapis.com [none]
[debug] [2025-10-24T05:00:56.398Z] >>> [apiv2][(partial)header] GET https://serviceusage.googleapis.com/v1/projects/rccgplaceofvictory/services/firebasedataconnect.googleapis.com x-goog-quota-user=projects/rccgplaceofvictory
[debug] [2025-10-24T05:00:56.402Z] <<< [apiv2][status] POST https://www.googleapis.com/oauth2/v3/token 200
[debug] [2025-10-24T05:00:56.403Z] <<< [apiv2][body] POST https://www.googleapis.com/oauth2/v3/token [omitted]
[debug] [2025-10-24T05:00:56.423Z] >>> [apiv2][query] GET https://serviceusage.googleapis.com/v1/projects/rccgplaceofvictory/services/firebaseio.com [none]
[debug] [2025-10-24T05:00:56.423Z] >>> [apiv2][(partial)header] GET https://serviceusage.googleapis.com/v1/projects/rccgplaceofvictory/services/firebaseio.com x-goog-quota-user=projects/rccgplaceofvictory
[debug] [2025-10-24T05:00:56.425Z] <<< [apiv2][status] POST https://www.googleapis.com/oauth2/v3/token 200
[debug] [2025-10-24T05:00:56.425Z] <<< [apiv2][body] POST https://www.googleapis.com/oauth2/v3/token [omitted]
[debug] [2025-10-24T05:00:56.430Z] >>> [apiv2][query] GET https://serviceusage.googleapis.com/v1/projects/rccgplaceofvictory/services/firebaseio.com [none]
[debug] [2025-10-24T05:00:56.430Z] >>> [apiv2][(partial)header] GET https://serviceusage.googleapis.com/v1/projects/rccgplaceofvictory/services/firebaseio.com x-goog-quota-user=projects/rccgplaceofvictory
[debug] [2025-10-24T05:00:56.431Z] <<< [apiv2][status] POST https://www.googleapis.com/oauth2/v3/token 200
[debug] [2025-10-24T05:00:56.431Z] <<< [apiv2][body] POST https://www.googleapis.com/oauth2/v3/token [omitted]
[debug] [2025-10-24T05:00:56.439Z] >>> [apiv2][query] GET https://serviceusage.googleapis.com/v1/projects/rccgplaceofvictory/services/cloudfunctions.googleapis.com [none]
[debug] [2025-10-24T05:00:56.440Z] >>> [apiv2][(partial)header] GET https://serviceusage.googleapis.com/v1/projects/rccgplaceofvictory/services/cloudfunctions.googleapis.com x-goog-quota-user=projects/rccgplaceofvictory
[debug] [2025-10-24T05:00:56.440Z] <<< [apiv2][status] POST https://www.googleapis.com/oauth2/v3/token 200
[debug] [2025-10-24T05:00:56.440Z] <<< [apiv2][body] POST https://www.googleapis.com/oauth2/v3/token [omitted]
[debug] [2025-10-24T05:00:56.448Z] >>> [apiv2][query] GET https://serviceusage.googleapis.com/v1/projects/rccgplaceofvictory/services/firebaseapphosting.googleapis.com [none]
[debug] [2025-10-24T05:00:56.448Z] >>> [apiv2][(partial)header] GET https://serviceusage.googleapis.com/v1/projects/rccgplaceofvictory/services/firebaseapphosting.googleapis.com x-goog-quota-user=projects/rccgplaceofvictory
[debug] [2025-10-24T05:00:56.449Z] <<< [apiv2][status] POST https://www.googleapis.com/oauth2/v3/token 200
[debug] [2025-10-24T05:00:56.449Z] <<< [apiv2][body] POST https://www.googleapis.com/oauth2/v3/token [omitted]
[debug] [2025-10-24T05:00:56.454Z] >>> [apiv2][query] GET https://serviceusage.googleapis.com/v1/projects/rccgplaceofvictory/services/firebaseapphosting.googleapis.com [none]
[debug] [2025-10-24T05:00:56.454Z] >>> [apiv2][(partial)header] GET https://serviceusage.googleapis.com/v1/projects/rccgplaceofvictory/services/firebaseapphosting.googleapis.com x-goog-quota-user=projects/rccgplaceofvictory
[debug] [2025-10-24T05:00:56.454Z] <<< [apiv2][status] POST https://www.googleapis.com/oauth2/v3/token 200
[debug] [2025-10-24T05:00:56.454Z] <<< [apiv2][body] POST https://www.googleapis.com/oauth2/v3/token [omitted]
[debug] [2025-10-24T05:00:56.460Z] >>> [apiv2][query] GET https://serviceusage.googleapis.com/v1/projects/rccgplaceofvictory/services/cloudfunctions.googleapis.com [none]
[debug] [2025-10-24T05:00:56.460Z] >>> [apiv2][(partial)header] GET https://serviceusage.googleapis.com/v1/projects/rccgplaceofvictory/services/cloudfunctions.googleapis.com x-goog-quota-user=projects/rccgplaceofvictory
[debug] [2025-10-24T05:00:56.461Z] <<< [apiv2][status] POST https://www.googleapis.com/oauth2/v3/token 200
[debug] [2025-10-24T05:00:56.461Z] <<< [apiv2][body] POST https://www.googleapis.com/oauth2/v3/token [omitted]
[debug] [2025-10-24T05:00:56.467Z] >>> [apiv2][query] GET https://serviceusage.googleapis.com/v1/projects/rccgplaceofvictory/services/firebaseapphosting.googleapis.com [none]
[debug] [2025-10-24T05:00:56.467Z] >>> [apiv2][(partial)header] GET https://serviceusage.googleapis.com/v1/projects/rccgplaceofvictory/services/firebaseapphosting.googleapis.com x-goog-quota-user=projects/rccgplaceofvictory
[debug] [2025-10-24T05:00:56.468Z] <<< [apiv2][status] POST https://www.googleapis.com/oauth2/v3/token 200
[debug] [2025-10-24T05:00:56.468Z] <<< [apiv2][body] POST https://www.googleapis.com/oauth2/v3/token [omitted]
[debug] [2025-10-24T05:00:56.472Z] >>> [apiv2][query] GET https://serviceusage.googleapis.com/v1/projects/rccgplaceofvictory/services/firebasedataconnect.googleapis.com [none]
[debug] [2025-10-24T05:00:56.472Z] >>> [apiv2][(partial)header] GET https://serviceusage.googleapis.com/v1/projects/rccgplaceofvictory/services/firebasedataconnect.googleapis.com x-goog-quota-user=projects/rccgplaceofvictory
[debug] [2025-10-24T05:00:56.473Z] <<< [apiv2][status] POST https://www.googleapis.com/oauth2/v3/token 200
[debug] [2025-10-24T05:00:56.473Z] <<< [apiv2][body] POST https://www.googleapis.com/oauth2/v3/token [omitted]
[debug] [2025-10-24T05:00:56.481Z] >>> [apiv2][query] GET https://serviceusage.googleapis.com/v1/projects/rccgplaceofvictory/services/cloudfunctions.googleapis.com [none]
[debug] [2025-10-24T05:00:56.481Z] >>> [apiv2][(partial)header] GET https://serviceusage.googleapis.com/v1/projects/rccgplaceofvictory/services/cloudfunctions.googleapis.com x-goog-quota-user=projects/rccgplaceofvictory
[debug] [2025-10-24T05:00:56.481Z] <<< [apiv2][status] POST https://www.googleapis.com/oauth2/v3/token 200
[debug] [2025-10-24T05:00:56.481Z] <<< [apiv2][body] POST https://www.googleapis.com/oauth2/v3/token [omitted]
[debug] [2025-10-24T05:00:56.491Z] >>> [apiv2][query] GET https://serviceusage.googleapis.com/v1/projects/rccgplaceofvictory/services/firebasedataconnect.googleapis.com [none]
[debug] [2025-10-24T05:00:56.491Z] >>> [apiv2][(partial)header] GET https://serviceusage.googleapis.com/v1/projects/rccgplaceofvictory/services/firebasedataconnect.googleapis.com x-goog-quota-user=projects/rccgplaceofvictory
[debug] [2025-10-24T05:00:56.491Z] <<< [apiv2][status] POST https://www.googleapis.com/oauth2/v3/token 200
[debug] [2025-10-24T05:00:56.492Z] <<< [apiv2][body] POST https://www.googleapis.com/oauth2/v3/token [omitted]
[debug] [2025-10-24T05:00:56.500Z] >>> [apiv2][query] GET https://serviceusage.googleapis.com/v1/projects/rccgplaceofvictory/services/firebaseio.com [none]
[debug] [2025-10-24T05:00:56.500Z] >>> [apiv2][(partial)header] GET https://serviceusage.googleapis.com/v1/projects/rccgplaceofvictory/services/firebaseio.com x-goog-quota-user=projects/rccgplaceofvictory
[debug] [2025-10-24T05:00:57.186Z] <<< [apiv2][status] GET https://serviceusage.googleapis.com/v1/projects/rccgplaceofvictory/services/firebaseio.com 403
[debug] [2025-10-24T05:00:57.187Z] <<< [apiv2][body] GET https://serviceusage.googleapis.com/v1/projects/rccgplaceofvictory/services/firebaseio.com [omitted]
[debug] [2025-10-24T05:00:57.314Z] <<< [apiv2][status] GET https://serviceusage.googleapis.com/v1/projects/rccgplaceofvictory/services/firebaseapphosting.googleapis.com 200
[debug] [2025-10-24T05:00:57.314Z] <<< [apiv2][body] GET https://serviceusage.googleapis.com/v1/projects/rccgplaceofvictory/services/firebaseapphosting.googleapis.com [omitted]
[debug] [2025-10-24T05:00:57.314Z] <<< [apiv2][status] GET https://serviceusage.googleapis.com/v1/projects/rccgplaceofvictory/services/cloudfunctions.googleapis.com 200
[debug] [2025-10-24T05:00:57.314Z] <<< [apiv2][body] GET https://serviceusage.googleapis.com/v1/projects/rccgplaceofvictory/services/cloudfunctions.googleapis.com [omitted]
[debug] [2025-10-24T05:00:57.317Z] <<< [apiv2][status] GET https://serviceusage.googleapis.com/v1/projects/rccgplaceofvictory/services/firebasedataconnect.googleapis.com 200
[debug] [2025-10-24T05:00:57.318Z] <<< [apiv2][body] GET https://serviceusage.googleapis.com/v1/projects/rccgplaceofvictory/services/firebasedataconnect.googleapis.com [omitted]
[debug] [2025-10-24T05:00:57.768Z] <<< [apiv2][status] GET https://serviceusage.googleapis.com/v1/projects/rccgplaceofvictory/services/firebaseio.com 403
[debug] [2025-10-24T05:00:57.768Z] <<< [apiv2][body] GET https://serviceusage.googleapis.com/v1/projects/rccgplaceofvictory/services/firebaseio.com [omitted]
[debug] [2025-10-24T05:00:57.772Z] <<< [apiv2][status] GET https://serviceusage.googleapis.com/v1/projects/rccgplaceofvictory/services/firebaseio.com 403
[debug] [2025-10-24T05:00:57.773Z] <<< [apiv2][body] GET https://serviceusage.googleapis.com/v1/projects/rccgplaceofvictory/services/firebaseio.com [omitted]
[debug] [2025-10-24T05:00:57.806Z] > command requires scopes: ["email","openid","https://www.googleapis.com/auth/cloudplatformprojects.readonly","https://www.googleapis.com/auth/firebase","https://www.googleapis.com/auth/cloud-platform"]
[debug] [2025-10-24T05:00:57.806Z] > authorizing via signed-in user (chamellion555@gmail.com)
[debug] [2025-10-24T05:00:57.807Z] > command requires scopes: ["email","openid","https://www.googleapis.com/auth/cloudplatformprojects.readonly","https://www.googleapis.com/auth/firebase","https://www.googleapis.com/auth/cloud-platform"]
[debug] [2025-10-24T05:00:57.807Z] > authorizing via signed-in user (chamellion555@gmail.com)
[debug] [2025-10-24T05:00:57.844Z] > command requires scopes: ["email","openid","https://www.googleapis.com/auth/cloudplatformprojects.readonly","https://www.googleapis.com/auth/firebase","https://www.googleapis.com/auth/cloud-platform"]
[debug] [2025-10-24T05:00:57.844Z] > authorizing via signed-in user (chamellion555@gmail.com)
[debug] [2025-10-24T05:00:57.845Z] > command requires scopes: ["email","openid","https://www.googleapis.com/auth/cloudplatformprojects.readonly","https://www.googleapis.com/auth/firebase","https://www.googleapis.com/auth/cloud-platform"]
[debug] [2025-10-24T05:00:57.845Z] > authorizing via signed-in user (chamellion555@gmail.com)
[debug] [2025-10-24T05:00:57.966Z] > command requires scopes: ["email","openid","https://www.googleapis.com/auth/cloudplatformprojects.readonly","https://www.googleapis.com/auth/firebase","https://www.googleapis.com/auth/cloud-platform"]
[debug] [2025-10-24T05:00:57.966Z] > authorizing via signed-in user (chamellion555@gmail.com)
[debug] [2025-10-24T05:00:57.967Z] > command requires scopes: ["email","openid","https://www.googleapis.com/auth/cloudplatformprojects.readonly","https://www.googleapis.com/auth/firebase","https://www.googleapis.com/auth/cloud-platform"]
[debug] [2025-10-24T05:00:57.967Z] > authorizing via signed-in user (chamellion555@gmail.com)
[debug] [2025-10-24T05:00:57.969Z] > command requires scopes: ["email","openid","https://www.googleapis.com/auth/cloudplatformprojects.readonly","https://www.googleapis.com/auth/firebase","https://www.googleapis.com/auth/cloud-platform"]
[debug] [2025-10-24T05:00:57.969Z] > authorizing via signed-in user (chamellion555@gmail.com)
[debug] [2025-10-24T05:00:57.969Z] > command requires scopes: ["email","openid","https://www.googleapis.com/auth/cloudplatformprojects.readonly","https://www.googleapis.com/auth/firebase","https://www.googleapis.com/auth/cloud-platform"]
[debug] [2025-10-24T05:00:57.969Z] > authorizing via signed-in user (chamellion555@gmail.com)
[debug] [2025-10-24T05:00:57.971Z] > command requires scopes: ["email","openid","https://www.googleapis.com/auth/cloudplatformprojects.readonly","https://www.googleapis.com/auth/firebase","https://www.googleapis.com/auth/cloud-platform"]
[debug] [2025-10-24T05:00:57.971Z] > authorizing via signed-in user (chamellion555@gmail.com)
[debug] [2025-10-24T05:00:57.971Z] > command requires scopes: ["email","openid","https://www.googleapis.com/auth/cloudplatformprojects.readonly","https://www.googleapis.com/auth/firebase","https://www.googleapis.com/auth/cloud-platform"]
[debug] [2025-10-24T05:00:57.971Z] > authorizing via signed-in user (chamellion555@gmail.com)
[debug] [2025-10-24T05:00:58.001Z] > command requires scopes: ["email","openid","https://www.googleapis.com/auth/cloudplatformprojects.readonly","https://www.googleapis.com/auth/firebase","https://www.googleapis.com/auth/cloud-platform"]
[debug] [2025-10-24T05:00:58.001Z] > authorizing via signed-in user (chamellion555@gmail.com)
[debug] [2025-10-24T05:00:58.001Z] > command requires scopes: ["email","openid","https://www.googleapis.com/auth/cloudplatformprojects.readonly","https://www.googleapis.com/auth/firebase","https://www.googleapis.com/auth/cloud-platform"]
[debug] [2025-10-24T05:00:58.001Z] > authorizing via signed-in user (chamellion555@gmail.com)
[debug] [2025-10-24T05:00:58.004Z] > command requires scopes: ["email","openid","https://www.googleapis.com/auth/cloudplatformprojects.readonly","https://www.googleapis.com/auth/firebase","https://www.googleapis.com/auth/cloud-platform"]
[debug] [2025-10-24T05:00:58.004Z] > authorizing via signed-in user (chamellion555@gmail.com)
[debug] [2025-10-24T05:00:58.004Z] > command requires scopes: ["email","openid","https://www.googleapis.com/auth/cloudplatformprojects.readonly","https://www.googleapis.com/auth/firebase","https://www.googleapis.com/auth/cloud-platform"]
[debug] [2025-10-24T05:00:58.004Z] > authorizing via signed-in user (chamellion555@gmail.com)
[debug] [2025-10-24T05:00:58.007Z] > command requires scopes: ["email","openid","https://www.googleapis.com/auth/cloudplatformprojects.readonly","https://www.googleapis.com/auth/firebase","https://www.googleapis.com/auth/cloud-platform"]
[debug] [2025-10-24T05:00:58.007Z] > authorizing via signed-in user (chamellion555@gmail.com)
[debug] [2025-10-24T05:00:58.008Z] > command requires scopes: ["email","openid","https://www.googleapis.com/auth/cloudplatformprojects.readonly","https://www.googleapis.com/auth/firebase","https://www.googleapis.com/auth/cloud-platform"]
[debug] [2025-10-24T05:00:58.008Z] > authorizing via signed-in user (chamellion555@gmail.com)
[debug] [2025-10-24T05:00:58.033Z] <<< [apiv2][status] GET https://serviceusage.googleapis.com/v1/projects/rccgplaceofvictory/services/firebaseapphosting.googleapis.com 200
[debug] [2025-10-24T05:00:58.033Z] <<< [apiv2][body] GET https://serviceusage.googleapis.com/v1/projects/rccgplaceofvictory/services/firebaseapphosting.googleapis.com [omitted]
[debug] [2025-10-24T05:00:58.045Z] <<< [apiv2][status] GET https://serviceusage.googleapis.com/v1/projects/rccgplaceofvictory/services/firebasedataconnect.googleapis.com 200
[debug] [2025-10-24T05:00:58.045Z] <<< [apiv2][body] GET https://serviceusage.googleapis.com/v1/projects/rccgplaceofvictory/services/firebasedataconnect.googleapis.com [omitted]
[debug] [2025-10-24T05:00:58.048Z] <<< [apiv2][status] GET https://serviceusage.googleapis.com/v1/projects/rccgplaceofvictory/services/firebasedataconnect.googleapis.com 200
[debug] [2025-10-24T05:00:58.048Z] <<< [apiv2][body] GET https://serviceusage.googleapis.com/v1/projects/rccgplaceofvictory/services/firebasedataconnect.googleapis.com [omitted]
[debug] [2025-10-24T05:00:58.052Z] <<< [apiv2][status] GET https://serviceusage.googleapis.com/v1/projects/rccgplaceofvictory/services/cloudfunctions.googleapis.com 200
[debug] [2025-10-24T05:00:58.052Z] <<< [apiv2][body] GET https://serviceusage.googleapis.com/v1/projects/rccgplaceofvictory/services/cloudfunctions.googleapis.com [omitted]
[debug] [2025-10-24T05:00:58.058Z] <<< [apiv2][status] GET https://serviceusage.googleapis.com/v1/projects/rccgplaceofvictory/services/cloudfunctions.googleapis.com 200
[debug] [2025-10-24T05:00:58.058Z] <<< [apiv2][body] GET https://serviceusage.googleapis.com/v1/projects/rccgplaceofvictory/services/cloudfunctions.googleapis.com [omitted]
[debug] [2025-10-24T05:00:58.059Z] <<< [apiv2][status] GET https://serviceusage.googleapis.com/v1/projects/rccgplaceofvictory/services/firebaseapphosting.googleapis.com 200
[debug] [2025-10-24T05:00:58.059Z] <<< [apiv2][body] GET https://serviceusage.googleapis.com/v1/projects/rccgplaceofvictory/services/firebaseapphosting.googleapis.com [omitted]
[debug] [2025-10-24T05:00:58.096Z] > command requires scopes: ["email","openid","https://www.googleapis.com/auth/cloudplatformprojects.readonly","https://www.googleapis.com/auth/firebase","https://www.googleapis.com/auth/cloud-platform"]
[debug] [2025-10-24T05:00:58.096Z] > authorizing via signed-in user (chamellion555@gmail.com)
[debug] [2025-10-24T05:00:58.096Z] > command requires scopes: ["email","openid","https://www.googleapis.com/auth/cloudplatformprojects.readonly","https://www.googleapis.com/auth/firebase","https://www.googleapis.com/auth/cloud-platform"]
[debug] [2025-10-24T05:00:58.096Z] > authorizing via signed-in user (chamellion555@gmail.com)
[debug] [2025-10-24T05:00:58.131Z] > command requires scopes: ["email","openid","https://www.googleapis.com/auth/cloudplatformprojects.readonly","https://www.googleapis.com/auth/firebase","https://www.googleapis.com/auth/cloud-platform"]
[debug] [2025-10-24T05:00:58.131Z] > authorizing via signed-in user (chamellion555@gmail.com)
[debug] [2025-10-24T05:00:58.131Z] > command requires scopes: ["email","openid","https://www.googleapis.com/auth/cloudplatformprojects.readonly","https://www.googleapis.com/auth/firebase","https://www.googleapis.com/auth/cloud-platform"]
[debug] [2025-10-24T05:00:58.131Z] > authorizing via signed-in user (chamellion555@gmail.com)
[debug] [2025-10-24T05:00:58.207Z] > command requires scopes: ["email","openid","https://www.googleapis.com/auth/cloudplatformprojects.readonly","https://www.googleapis.com/auth/firebase","https://www.googleapis.com/auth/cloud-platform"]
[debug] [2025-10-24T05:00:58.207Z] > authorizing via signed-in user (chamellion555@gmail.com)
[debug] [2025-10-24T05:00:58.207Z] > command requires scopes: ["email","openid","https://www.googleapis.com/auth/cloudplatformprojects.readonly","https://www.googleapis.com/auth/firebase","https://www.googleapis.com/auth/cloud-platform"]
[debug] [2025-10-24T05:00:58.207Z] > authorizing via signed-in user (chamellion555@gmail.com)
[debug] [2025-10-24T05:00:58.209Z] > command requires scopes: ["email","openid","https://www.googleapis.com/auth/cloudplatformprojects.readonly","https://www.googleapis.com/auth/firebase","https://www.googleapis.com/auth/cloud-platform"]
[debug] [2025-10-24T05:00:58.209Z] > authorizing via signed-in user (chamellion555@gmail.com)
[debug] [2025-10-24T05:00:58.209Z] > command requires scopes: ["email","openid","https://www.googleapis.com/auth/cloudplatformprojects.readonly","https://www.googleapis.com/auth/firebase","https://www.googleapis.com/auth/cloud-platform"]
[debug] [2025-10-24T05:00:58.209Z] > authorizing via signed-in user (chamellion555@gmail.com)
[debug] [2025-10-24T05:00:58.214Z] > command requires scopes: ["email","openid","https://www.googleapis.com/auth/cloudplatformprojects.readonly","https://www.googleapis.com/auth/firebase","https://www.googleapis.com/auth/cloud-platform"]
[debug] [2025-10-24T05:00:58.214Z] > authorizing via signed-in user (chamellion555@gmail.com)
[debug] [2025-10-24T05:00:58.214Z] > command requires scopes: ["email","openid","https://www.googleapis.com/auth/cloudplatformprojects.readonly","https://www.googleapis.com/auth/firebase","https://www.googleapis.com/auth/cloud-platform"]
[debug] [2025-10-24T05:00:58.214Z] > authorizing via signed-in user (chamellion555@gmail.com)
[debug] [2025-10-24T05:00:58.241Z] > command requires scopes: ["email","openid","https://www.googleapis.com/auth/cloudplatformprojects.readonly","https://www.googleapis.com/auth/firebase","https://www.googleapis.com/auth/cloud-platform"]
[debug] [2025-10-24T05:00:58.241Z] > authorizing via signed-in user (chamellion555@gmail.com)
[debug] [2025-10-24T05:00:58.241Z] > command requires scopes: ["email","openid","https://www.googleapis.com/auth/cloudplatformprojects.readonly","https://www.googleapis.com/auth/firebase","https://www.googleapis.com/auth/cloud-platform"]
[debug] [2025-10-24T05:00:58.241Z] > authorizing via signed-in user (chamellion555@gmail.com)
[debug] [2025-10-24T05:00:58.247Z] > command requires scopes: ["email","openid","https://www.googleapis.com/auth/cloudplatformprojects.readonly","https://www.googleapis.com/auth/firebase","https://www.googleapis.com/auth/cloud-platform"]
[debug] [2025-10-24T05:00:58.247Z] > authorizing via signed-in user (chamellion555@gmail.com)
[debug] [2025-10-24T05:00:58.247Z] > command requires scopes: ["email","openid","https://www.googleapis.com/auth/cloudplatformprojects.readonly","https://www.googleapis.com/auth/firebase","https://www.googleapis.com/auth/cloud-platform"]
[debug] [2025-10-24T05:00:58.247Z] > authorizing via signed-in user (chamellion555@gmail.com)
[debug] [2025-10-24T05:00:58.254Z] > command requires scopes: ["email","openid","https://www.googleapis.com/auth/cloudplatformprojects.readonly","https://www.googleapis.com/auth/firebase","https://www.googleapis.com/auth/cloud-platform"]
[debug] [2025-10-24T05:00:58.254Z] > authorizing via signed-in user (chamellion555@gmail.com)
[debug] [2025-10-24T05:00:58.255Z] > command requires scopes: ["email","openid","https://www.googleapis.com/auth/cloudplatformprojects.readonly","https://www.googleapis.com/auth/firebase","https://www.googleapis.com/auth/cloud-platform"]
[debug] [2025-10-24T05:00:58.255Z] > authorizing via signed-in user (chamellion555@gmail.com)
[debug] [2025-11-22T23:54:27.435Z] > command requires scopes: ["email","openid","https://www.googleapis.com/auth/cloudplatformprojects.readonly","https://www.googleapis.com/auth/firebase","https://www.googleapis.com/auth/cloud-platform"]
[debug] [2025-11-22T23:54:27.436Z] > authorizing via signed-in user (chamellion555@gmail.com)
[debug] [2025-11-22T23:54:27.439Z] Checked if tokens are valid: false, expires at: 1761285655492
[debug] [2025-11-22T23:54:27.439Z] Checked if tokens are valid: false, expires at: 1761285655492
[debug] [2025-11-22T23:54:27.439Z] > refreshing access token with scopes: []
[debug] [2025-11-22T23:54:27.440Z] >>> [apiv2][query] POST https://www.googleapis.com/oauth2/v3/token [none]
[debug] [2025-11-22T23:54:27.440Z] >>> [apiv2][body] POST https://www.googleapis.com/oauth2/v3/token [omitted]
[debug] [2025-11-22T23:54:27.441Z] Checked if tokens are valid: false, expires at: 1761285655492
[debug] [2025-11-22T23:54:27.441Z] Checked if tokens are valid: false, expires at: 1761285655492
[debug] [2025-11-22T23:54:27.441Z] > refreshing access token with scopes: []
[debug] [2025-11-22T23:54:27.441Z] >>> [apiv2][query] POST https://www.googleapis.com/oauth2/v3/token [none]
[debug] [2025-11-22T23:54:27.441Z] >>> [apiv2][body] POST https://www.googleapis.com/oauth2/v3/token [omitted]
[debug] [2025-11-22T23:54:27.445Z] Checked if tokens are valid: false, expires at: 1761285655492
[debug] [2025-11-22T23:54:27.445Z] Checked if tokens are valid: false, expires at: 1761285655492
[debug] [2025-11-22T23:54:27.445Z] > refreshing access token with scopes: []
[debug] [2025-11-22T23:54:27.445Z] >>> [apiv2][query] POST https://www.googleapis.com/oauth2/v3/token [none]
[debug] [2025-11-22T23:54:27.445Z] >>> [apiv2][body] POST https://www.googleapis.com/oauth2/v3/token [omitted]
[debug] [2025-11-22T23:54:27.445Z] Checked if tokens are valid: false, expires at: 1761285655492
[debug] [2025-11-22T23:54:27.445Z] Checked if tokens are valid: false, expires at: 1761285655492
[debug] [2025-11-22T23:54:27.445Z] > refreshing access token with scopes: []
[debug] [2025-11-22T23:54:27.446Z] >>> [apiv2][query] POST https://www.googleapis.com/oauth2/v3/token [none]
[debug] [2025-11-22T23:54:27.446Z] >>> [apiv2][body] POST https://www.googleapis.com/oauth2/v3/token [omitted]
[debug] [2025-11-22T23:54:27.446Z] > command requires scopes: ["email","openid","https://www.googleapis.com/auth/cloudplatformprojects.readonly","https://www.googleapis.com/auth/firebase","https://www.googleapis.com/auth/cloud-platform"]
[debug] [2025-11-22T23:54:27.446Z] > authorizing via signed-in user (chamellion555@gmail.com)
[debug] [2025-11-22T23:54:27.446Z] Checked if tokens are valid: false, expires at: 1761285655492
[debug] [2025-11-22T23:54:27.446Z] Checked if tokens are valid: false, expires at: 1761285655492
[debug] [2025-11-22T23:54:27.446Z] > refreshing access token with scopes: []
[debug] [2025-11-22T23:54:27.446Z] >>> [apiv2][query] POST https://www.googleapis.com/oauth2/v3/token [none]
[debug] [2025-11-22T23:54:27.446Z] >>> [apiv2][body] POST https://www.googleapis.com/oauth2/v3/token [omitted]
[debug] [2025-11-22T23:54:27.447Z] Checked if tokens are valid: false, expires at: 1761285655492
[debug] [2025-11-22T23:54:27.447Z] Checked if tokens are valid: false, expires at: 1761285655492
[debug] [2025-11-22T23:54:27.447Z] > refreshing access token with scopes: []
[debug] [2025-11-22T23:54:27.447Z] >>> [apiv2][query] POST https://www.googleapis.com/oauth2/v3/token [none]
[debug] [2025-11-22T23:54:27.447Z] >>> [apiv2][body] POST https://www.googleapis.com/oauth2/v3/token [omitted]
[debug] [2025-11-22T23:54:27.448Z] Checked if tokens are valid: false, expires at: 1761285655492
[debug] [2025-11-22T23:54:27.448Z] Checked if tokens are valid: false, expires at: 1761285655492
[debug] [2025-11-22T23:54:27.448Z] > refreshing access token with scopes: []
[debug] [2025-11-22T23:54:27.448Z] >>> [apiv2][query] POST https://www.googleapis.com/oauth2/v3/token [none]
[debug] [2025-11-22T23:54:27.448Z] >>> [apiv2][body] POST https://www.googleapis.com/oauth2/v3/token [omitted]
[debug] [2025-11-22T23:54:27.448Z] Checked if tokens are valid: false, expires at: 1761285655492
[debug] [2025-11-22T23:54:27.448Z] Checked if tokens are valid: false, expires at: 1761285655492
[debug] [2025-11-22T23:54:27.448Z] > refreshing access token with scopes: []
[debug] [2025-11-22T23:54:27.448Z] >>> [apiv2][query] POST https://www.googleapis.com/oauth2/v3/token [none]
[debug] [2025-11-22T23:54:27.448Z] >>> [apiv2][body] POST https://www.googleapis.com/oauth2/v3/token [omitted]
[debug] [2025-11-22T23:54:27.572Z] <<< [apiv2][status] POST https://www.googleapis.com/oauth2/v3/token 200
[debug] [2025-11-22T23:54:27.572Z] <<< [apiv2][body] POST https://www.googleapis.com/oauth2/v3/token [omitted]
[debug] [2025-11-22T23:54:27.581Z] >>> [apiv2][query] GET https://serviceusage.googleapis.com/v1/projects/rccgplaceofvictory/services/cloudfunctions.googleapis.com [none]
[debug] [2025-11-22T23:54:27.581Z] >>> [apiv2][(partial)header] GET https://serviceusage.googleapis.com/v1/projects/rccgplaceofvictory/services/cloudfunctions.googleapis.com x-goog-quota-user=projects/rccgplaceofvictory
[debug] [2025-11-22T23:54:27.591Z] <<< [apiv2][status] POST https://www.googleapis.com/oauth2/v3/token 200
[debug] [2025-11-22T23:54:27.591Z] <<< [apiv2][body] POST https://www.googleapis.com/oauth2/v3/token [omitted]
[debug] [2025-11-22T23:54:27.597Z] >>> [apiv2][query] GET https://serviceusage.googleapis.com/v1/projects/rccgplaceofvictory/services/firebasedataconnect.googleapis.com [none]
[debug] [2025-11-22T23:54:27.597Z] >>> [apiv2][(partial)header] GET https://serviceusage.googleapis.com/v1/projects/rccgplaceofvictory/services/firebasedataconnect.googleapis.com x-goog-quota-user=projects/rccgplaceofvictory
[debug] [2025-11-22T23:54:27.599Z] <<< [apiv2][status] POST https://www.googleapis.com/oauth2/v3/token 200
[debug] [2025-11-22T23:54:27.599Z] <<< [apiv2][body] POST https://www.googleapis.com/oauth2/v3/token [omitted]
[debug] [2025-11-22T23:54:27.605Z] >>> [apiv2][query] GET https://serviceusage.googleapis.com/v1/projects/rccgplaceofvictory/services/firebaseapphosting.googleapis.com [none]
[debug] [2025-11-22T23:54:27.605Z] >>> [apiv2][(partial)header] GET https://serviceusage.googleapis.com/v1/projects/rccgplaceofvictory/services/firebaseapphosting.googleapis.com x-goog-quota-user=projects/rccgplaceofvictory
[debug] [2025-11-22T23:54:27.606Z] <<< [apiv2][status] POST https://www.googleapis.com/oauth2/v3/token 200
[debug] [2025-11-22T23:54:27.606Z] <<< [apiv2][body] POST https://www.googleapis.com/oauth2/v3/token [omitted]
[debug] [2025-11-22T23:54:27.611Z] >>> [apiv2][query] GET https://serviceusage.googleapis.com/v1/projects/rccgplaceofvictory/services/firebaseio.com [none]
[debug] [2025-11-22T23:54:27.611Z] >>> [apiv2][(partial)header] GET https://serviceusage.googleapis.com/v1/projects/rccgplaceofvictory/services/firebaseio.com x-goog-quota-user=projects/rccgplaceofvictory
[debug] [2025-11-22T23:54:27.613Z] <<< [apiv2][status] POST https://www.googleapis.com/oauth2/v3/token 200
[debug] [2025-11-22T23:54:27.614Z] <<< [apiv2][body] POST https://www.googleapis.com/oauth2/v3/token [omitted]
[debug] [2025-11-22T23:54:27.620Z] >>> [apiv2][query] GET https://serviceusage.googleapis.com/v1/projects/rccgplaceofvictory/services/firebasedataconnect.googleapis.com [none]
[debug] [2025-11-22T23:54:27.620Z] >>> [apiv2][(partial)header] GET https://serviceusage.googleapis.com/v1/projects/rccgplaceofvictory/services/firebasedataconnect.googleapis.com x-goog-quota-user=projects/rccgplaceofvictory
[debug] [2025-11-22T23:54:27.622Z] <<< [apiv2][status] POST https://www.googleapis.com/oauth2/v3/token 200
[debug] [2025-11-22T23:54:27.622Z] <<< [apiv2][body] POST https://www.googleapis.com/oauth2/v3/token [omitted]
[debug] [2025-11-22T23:54:27.628Z] >>> [apiv2][query] GET https://serviceusage.googleapis.com/v1/projects/rccgplaceofvictory/services/firebaseapphosting.googleapis.com [none]
[debug] [2025-11-22T23:54:27.628Z] >>> [apiv2][(partial)header] GET https://serviceusage.googleapis.com/v1/projects/rccgplaceofvictory/services/firebaseapphosting.googleapis.com x-goog-quota-user=projects/rccgplaceofvictory
[debug] [2025-11-22T23:54:27.647Z] <<< [apiv2][status] POST https://www.googleapis.com/oauth2/v3/token 200
[debug] [2025-11-22T23:54:27.647Z] <<< [apiv2][body] POST https://www.googleapis.com/oauth2/v3/token [omitted]
[debug] [2025-11-22T23:54:27.653Z] >>> [apiv2][query] GET https://serviceusage.googleapis.com/v1/projects/rccgplaceofvictory/services/cloudfunctions.googleapis.com [none]
[debug] [2025-11-22T23:54:27.653Z] >>> [apiv2][(partial)header] GET https://serviceusage.googleapis.com/v1/projects/rccgplaceofvictory/services/cloudfunctions.googleapis.com x-goog-quota-user=projects/rccgplaceofvictory
[debug] [2025-11-22T23:54:27.654Z] <<< [apiv2][status] POST https://www.googleapis.com/oauth2/v3/token 200
[debug] [2025-11-22T23:54:27.654Z] <<< [apiv2][body] POST https://www.googleapis.com/oauth2/v3/token [omitted]
[debug] [2025-11-22T23:54:27.660Z] >>> [apiv2][query] GET https://serviceusage.googleapis.com/v1/projects/rccgplaceofvictory/services/firebaseio.com [none]
[debug] [2025-11-22T23:54:27.660Z] >>> [apiv2][(partial)header] GET https://serviceusage.googleapis.com/v1/projects/rccgplaceofvictory/services/firebaseio.com x-goog-quota-user=projects/rccgplaceofvictory
[debug] [2025-11-22T23:54:28.358Z] <<< [apiv2][status] GET https://serviceusage.googleapis.com/v1/projects/rccgplaceofvictory/services/firebaseio.com 403
[debug] [2025-11-22T23:54:28.358Z] <<< [apiv2][body] GET https://serviceusage.googleapis.com/v1/projects/rccgplaceofvictory/services/firebaseio.com [omitted]
[debug] [2025-11-22T23:54:28.474Z] <<< [apiv2][status] GET https://serviceusage.googleapis.com/v1/projects/rccgplaceofvictory/services/firebaseapphosting.googleapis.com 200
[debug] [2025-11-22T23:54:28.474Z] <<< [apiv2][body] GET https://serviceusage.googleapis.com/v1/projects/rccgplaceofvictory/services/firebaseapphosting.googleapis.com [omitted]
[debug] [2025-11-22T23:54:28.477Z] <<< [apiv2][status] GET https://serviceusage.googleapis.com/v1/projects/rccgplaceofvictory/services/cloudfunctions.googleapis.com 200
[debug] [2025-11-22T23:54:28.477Z] <<< [apiv2][body] GET https://serviceusage.googleapis.com/v1/projects/rccgplaceofvictory/services/cloudfunctions.googleapis.com [omitted]
[debug] [2025-11-22T23:54:28.482Z] <<< [apiv2][status] GET https://serviceusage.googleapis.com/v1/projects/rccgplaceofvictory/services/firebasedataconnect.googleapis.com 200
[debug] [2025-11-22T23:54:28.482Z] <<< [apiv2][body] GET https://serviceusage.googleapis.com/v1/projects/rccgplaceofvictory/services/firebasedataconnect.googleapis.com [omitted]
[debug] [2025-11-22T23:54:28.931Z] <<< [apiv2][status] GET https://serviceusage.googleapis.com/v1/projects/rccgplaceofvictory/services/firebaseio.com 403
[debug] [2025-11-22T23:54:28.931Z] <<< [apiv2][body] GET https://serviceusage.googleapis.com/v1/projects/rccgplaceofvictory/services/firebaseio.com [omitted]
[debug] [2025-11-22T23:54:29.175Z] <<< [apiv2][status] GET https://serviceusage.googleapis.com/v1/projects/rccgplaceofvictory/services/firebaseapphosting.googleapis.com 200
[debug] [2025-11-22T23:54:29.175Z] <<< [apiv2][body] GET https://serviceusage.googleapis.com/v1/projects/rccgplaceofvictory/services/firebaseapphosting.googleapis.com [omitted]
[debug] [2025-11-22T23:54:29.207Z] <<< [apiv2][status] GET https://serviceusage.googleapis.com/v1/projects/rccgplaceofvictory/services/firebasedataconnect.googleapis.com 200
[debug] [2025-11-22T23:54:29.207Z] <<< [apiv2][body] GET https://serviceusage.googleapis.com/v1/projects/rccgplaceofvictory/services/firebasedataconnect.googleapis.com [omitted]
[debug] [2025-11-22T23:54:29.214Z] > command requires scopes: ["email","openid","https://www.googleapis.com/auth/cloudplatformprojects.readonly","https://www.googleapis.com/auth/firebase","https://www.googleapis.com/auth/cloud-platform"]
[debug] [2025-11-22T23:54:29.214Z] > authorizing via signed-in user (chamellion555@gmail.com)
[debug] [2025-11-22T23:54:29.217Z] > command requires scopes: ["email","openid","https://www.googleapis.com/auth/cloudplatformprojects.readonly","https://www.googleapis.com/auth/firebase","https://www.googleapis.com/auth/cloud-platform"]
[debug] [2025-11-22T23:54:29.217Z] > authorizing via signed-in user (chamellion555@gmail.com)
[debug] [2025-11-22T23:54:29.238Z] <<< [apiv2][status] GET https://serviceusage.googleapis.com/v1/projects/rccgplaceofvictory/services/cloudfunctions.googleapis.com 200
[debug] [2025-11-22T23:54:29.238Z] <<< [apiv2][body] GET https://serviceusage.googleapis.com/v1/projects/rccgplaceofvictory/services/cloudfunctions.googleapis.com [omitted]
[debug] [2025-11-22T23:54:29.273Z] > command requires scopes: ["email","openid","https://www.googleapis.com/auth/cloudplatformprojects.readonly","https://www.googleapis.com/auth/firebase","https://www.googleapis.com/auth/cloud-platform"]
[debug] [2025-11-22T23:54:29.273Z] > authorizing via signed-in user (chamellion555@gmail.com)
[debug] [2025-11-22T23:54:29.274Z] > command requires scopes: ["email","openid","https://www.googleapis.com/auth/cloudplatformprojects.readonly","https://www.googleapis.com/auth/firebase","https://www.googleapis.com/auth/cloud-platform"]
[debug] [2025-11-22T23:54:29.274Z] > authorizing via signed-in user (chamellion555@gmail.com)
[debug] [2025-11-22T23:54:29.339Z] > command requires scopes: ["email","openid","https://www.googleapis.com/auth/cloudplatformprojects.readonly","https://www.googleapis.com/auth/firebase","https://www.googleapis.com/auth/cloud-platform"]
[debug] [2025-11-22T23:54:29.339Z] > authorizing via signed-in user (chamellion555@gmail.com)
[debug] [2025-11-22T23:54:29.340Z] > command requires scopes: ["email","openid","https://www.googleapis.com/auth/cloudplatformprojects.readonly","https://www.googleapis.com/auth/firebase","https://www.googleapis.com/auth/cloud-platform"]
[debug] [2025-11-22T23:54:29.340Z] > authorizing via signed-in user (chamellion555@gmail.com)
[debug] [2025-11-22T23:54:29.341Z] > command requires scopes: ["email","openid","https://www.googleapis.com/auth/cloudplatformprojects.readonly","https://www.googleapis.com/auth/firebase","https://www.googleapis.com/auth/cloud-platform"]
[debug] [2025-11-22T23:54:29.341Z] > authorizing via signed-in user (chamellion555@gmail.com)
[debug] [2025-11-22T23:54:29.341Z] > command requires scopes: ["email","openid","https://www.googleapis.com/auth/cloudplatformprojects.readonly","https://www.googleapis.com/auth/firebase","https://www.googleapis.com/auth/cloud-platform"]
[debug] [2025-11-22T23:54:29.341Z] > authorizing via signed-in user (chamellion555@gmail.com)
[debug] [2025-11-22T23:54:29.345Z] > command requires scopes: ["email","openid","https://www.googleapis.com/auth/cloudplatformprojects.readonly","https://www.googleapis.com/auth/firebase","https://www.googleapis.com/auth/cloud-platform"]
[debug] [2025-11-22T23:54:29.345Z] > authorizing via signed-in user (chamellion555@gmail.com)
[debug] [2025-11-22T23:54:29.346Z] > command requires scopes: ["email","openid","https://www.googleapis.com/auth/cloudplatformprojects.readonly","https://www.googleapis.com/auth/firebase","https://www.googleapis.com/auth/cloud-platform"]
[debug] [2025-11-22T23:54:29.346Z] > authorizing via signed-in user (chamellion555@gmail.com)
[debug] [2025-11-22T23:54:29.369Z] > command requires scopes: ["email","openid","https://www.googleapis.com/auth/cloudplatformprojects.readonly","https://www.googleapis.com/auth/firebase","https://www.googleapis.com/auth/cloud-platform"]
[debug] [2025-11-22T23:54:29.370Z] > authorizing via signed-in user (chamellion555@gmail.com)
[debug] [2025-11-22T23:54:29.370Z] > command requires scopes: ["email","openid","https://www.googleapis.com/auth/cloudplatformprojects.readonly","https://www.googleapis.com/auth/firebase","https://www.googleapis.com/auth/cloud-platform"]
[debug] [2025-11-22T23:54:29.370Z] > authorizing via signed-in user (chamellion555@gmail.com)
[debug] [2025-11-22T23:54:29.371Z] > command requires scopes: ["email","openid","https://www.googleapis.com/auth/cloudplatformprojects.readonly","https://www.googleapis.com/auth/firebase","https://www.googleapis.com/auth/cloud-platform"]
[debug] [2025-11-22T23:54:29.371Z] > authorizing via signed-in user (chamellion555@gmail.com)
[debug] [2025-11-22T23:54:29.371Z] > command requires scopes: ["email","openid","https://www.googleapis.com/auth/cloudplatformprojects.readonly","https://www.googleapis.com/auth/firebase","https://www.googleapis.com/auth/cloud-platform"]
[debug] [2025-11-22T23:54:29.371Z] > authorizing via signed-in user (chamellion555@gmail.com)
[debug] [2025-11-22T23:54:29.383Z] > command requires scopes: ["email","openid","https://www.googleapis.com/auth/cloudplatformprojects.readonly","https://www.googleapis.com/auth/firebase","https://www.googleapis.com/auth/cloud-platform"]
[debug] [2025-11-22T23:54:29.383Z] > authorizing via signed-in user (chamellion555@gmail.com)
[debug] [2025-11-22T23:54:29.384Z] > command requires scopes: ["email","openid","https://www.googleapis.com/auth/cloudplatformprojects.readonly","https://www.googleapis.com/auth/firebase","https://www.googleapis.com/auth/cloud-platform"]
[debug] [2025-11-22T23:54:29.384Z] > authorizing via signed-in user (chamellion555@gmail.com)
[debug] [2025-11-22T23:54:32.143Z] > command requires scopes: ["email","openid","https://www.googleapis.com/auth/cloudplatformprojects.readonly","https://www.googleapis.com/auth/firebase","https://www.googleapis.com/auth/cloud-platform"]
[debug] [2025-11-22T23:54:32.143Z] > authorizing via signed-in user (chamellion555@gmail.com)
[debug] [2025-11-22T23:54:32.143Z] > command requires scopes: ["email","openid","https://www.googleapis.com/auth/cloudplatformprojects.readonly","https://www.googleapis.com/auth/firebase","https://www.googleapis.com/auth/cloud-platform"]
[debug] [2025-11-22T23:54:32.143Z] > authorizing via signed-in user (chamellion555@gmail.com)
[debug] [2025-11-22T23:54:32.144Z] > command requires scopes: ["email","openid","https://www.googleapis.com/auth/cloudplatformprojects.readonly","https://www.googleapis.com/auth/firebase","https://www.googleapis.com/auth/cloud-platform"]
[debug] [2025-11-22T23:54:32.144Z] > authorizing via signed-in user (chamellion555@gmail.com)
[debug] [2025-11-22T23:54:32.144Z] > command requires scopes: ["email","openid","https://www.googleapis.com/auth/cloudplatformprojects.readonly","https://www.googleapis.com/auth/firebase","https://www.googleapis.com/auth/cloud-platform"]
[debug] [2025-11-22T23:54:32.144Z] > authorizing via signed-in user (chamellion555@gmail.com)
[debug] [2025-11-22T23:54:32.145Z] > command requires scopes: ["email","openid","https://www.googleapis.com/auth/cloudplatformprojects.readonly","https://www.googleapis.com/auth/firebase","https://www.googleapis.com/auth/cloud-platform"]
[debug] [2025-11-22T23:54:32.145Z] > authorizing via signed-in user (chamellion555@gmail.com)
[debug] [2025-11-22T23:54:32.146Z] > command requires scopes: ["email","openid","https://www.googleapis.com/auth/cloudplatformprojects.readonly","https://www.googleapis.com/auth/firebase","https://www.googleapis.com/auth/cloud-platform"]
[debug] [2025-11-22T23:54:32.146Z] > authorizing via signed-in user (chamellion555@gmail.com)
[debug] [2025-11-22T23:54:32.146Z] > command requires scopes: ["email","openid","https://www.googleapis.com/auth/cloudplatformprojects.readonly","https://www.googleapis.com/auth/firebase","https://www.googleapis.com/auth/cloud-platform"]
[debug] [2025-11-22T23:54:32.146Z] > authorizing via signed-in user (chamellion555@gmail.com)
[debug] [2025-11-22T23:54:32.147Z] > command requires scopes: ["email","openid","https://www.googleapis.com/auth/cloudplatformprojects.readonly","https://www.googleapis.com/auth/firebase","https://www.googleapis.com/auth/cloud-platform"]
[debug] [2025-11-22T23:54:32.147Z] > authorizing via signed-in user (chamellion555@gmail.com)
[debug] [2025-11-22T23:54:32.181Z] > command requires scopes: ["email","openid","https://www.googleapis.com/auth/cloudplatformprojects.readonly","https://www.googleapis.com/auth/firebase","https://www.googleapis.com/auth/cloud-platform"]
[debug] [2025-11-22T23:54:32.181Z] > authorizing via signed-in user (chamellion555@gmail.com)
[debug] [2025-11-22T23:54:32.182Z] > command requires scopes: ["email","openid","https://www.googleapis.com/auth/cloudplatformprojects.readonly","https://www.googleapis.com/auth/firebase","https://www.googleapis.com/auth/cloud-platform"]
[debug] [2025-11-22T23:54:32.182Z] > authorizing via signed-in user (chamellion555@gmail.com)
[debug] [2025-11-22T23:54:32.182Z] > command requires scopes: ["email","openid","https://www.googleapis.com/auth/cloudplatformprojects.readonly","https://www.googleapis.com/auth/firebase","https://www.googleapis.com/auth/cloud-platform"]
[debug] [2025-11-22T23:54:32.182Z] > authorizing via signed-in user (chamellion555@gmail.com)
[debug] [2025-11-22T23:54:32.183Z] > command requires scopes: ["email","openid","https://www.googleapis.com/auth/cloudplatformprojects.readonly","https://www.googleapis.com/auth/firebase","https://www.googleapis.com/auth/cloud-platform"]
[debug] [2025-11-22T23:54:32.183Z] > authorizing via signed-in user (chamellion555@gmail.com)
[debug] [2025-11-22T23:54:32.184Z] > command requires scopes: ["email","openid","https://www.googleapis.com/auth/cloudplatformprojects.readonly","https://www.googleapis.com/auth/firebase","https://www.googleapis.com/auth/cloud-platform"]
[debug] [2025-11-22T23:54:32.184Z] > authorizing via signed-in user (chamellion555@gmail.com)
[debug] [2025-11-22T23:54:32.184Z] > command requires scopes: ["email","openid","https://www.googleapis.com/auth/cloudplatformprojects.readonly","https://www.googleapis.com/auth/firebase","https://www.googleapis.com/auth/cloud-platform"]
[debug] [2025-11-22T23:54:32.184Z] > authorizing via signed-in user (chamellion555@gmail.com)
[debug] [2025-11-22T23:54:32.185Z] > command requires scopes: ["email","openid","https://www.googleapis.com/auth/cloudplatformprojects.readonly","https://www.googleapis.com/auth/firebase","https://www.googleapis.com/auth/cloud-platform"]
[debug] [2025-11-22T23:54:32.185Z] > authorizing via signed-in user (chamellion555@gmail.com)
[debug] [2025-11-22T23:54:32.185Z] > command requires scopes: ["email","openid","https://www.googleapis.com/auth/cloudplatformprojects.readonly","https://www.googleapis.com/auth/firebase","https://www.googleapis.com/auth/cloud-platform"]
[debug] [2025-11-22T23:54:32.185Z] > authorizing via signed-in user (chamellion555@gmail.com)
[debug] [2025-11-22T23:54:32.201Z] > command requires scopes: ["email","openid","https://www.googleapis.com/auth/cloudplatformprojects.readonly","https://www.googleapis.com/auth/firebase","https://www.googleapis.com/auth/cloud-platform"]
[debug] [2025-11-22T23:54:32.201Z] > authorizing via signed-in user (chamellion555@gmail.com)
[debug] [2025-11-22T23:54:32.201Z] > command requires scopes: ["email","openid","https://www.googleapis.com/auth/cloudplatformprojects.readonly","https://www.googleapis.com/auth/firebase","https://www.googleapis.com/auth/cloud-platform"]
[debug] [2025-11-22T23:54:32.201Z] > authorizing via signed-in user (chamellion555@gmail.com)
[debug] [2025-11-22T23:54:32.232Z] > command requires scopes: ["email","openid","https://www.googleapis.com/auth/cloudplatformprojects.readonly","https://www.googleapis.com/auth/firebase","https://www.googleapis.com/auth/cloud-platform"]
[debug] [2025-11-22T23:54:32.232Z] > authorizing via signed-in user (chamellion555@gmail.com)
[debug] [2025-11-22T23:54:32.233Z] > command requires scopes: ["email","openid","https://www.googleapis.com/auth/cloudplatformprojects.readonly","https://www.googleapis.com/auth/firebase","https://www.googleapis.com/auth/cloud-platform"]
[debug] [2025-11-22T23:54:32.233Z] > authorizing via signed-in user (chamellion555@gmail.com)
[debug] [2025-11-22T23:54:37.143Z] > command requires scopes: ["email","openid","https://www.googleapis.com/auth/cloudplatformprojects.readonly","https://www.googleapis.com/auth/firebase","https://www.googleapis.com/auth/cloud-platform"]
[debug] [2025-11-22T23:54:37.143Z] > authorizing via signed-in user (chamellion555@gmail.com)
[debug] [2025-11-22T23:54:37.144Z] > command requires scopes: ["email","openid","https://www.googleapis.com/auth/cloudplatformprojects.readonly","https://www.googleapis.com/auth/firebase","https://www.googleapis.com/auth/cloud-platform"]
[debug] [2025-11-22T23:54:37.144Z] > authorizing via signed-in user (chamellion555@gmail.com)
[debug] [2025-11-22T23:54:37.145Z] > command requires scopes: ["email","openid","https://www.googleapis.com/auth/cloudplatformprojects.readonly","https://www.googleapis.com/auth/firebase","https://www.googleapis.com/auth/cloud-platform"]
[debug] [2025-11-22T23:54:37.145Z] > authorizing via signed-in user (chamellion555@gmail.com)
[debug] [2025-11-22T23:54:37.146Z] > command requires scopes: ["email","openid","https://www.googleapis.com/auth/cloudplatformprojects.readonly","https://www.googleapis.com/auth/firebase","https://www.googleapis.com/auth/cloud-platform"]
[debug] [2025-11-22T23:54:37.146Z] > authorizing via signed-in user (chamellion555@gmail.com)
[debug] [2025-11-22T23:54:37.155Z] > command requires scopes: ["email","openid","https://www.googleapis.com/auth/cloudplatformprojects.readonly","https://www.googleapis.com/auth/firebase","https://www.googleapis.com/auth/cloud-platform"]
[debug] [2025-11-22T23:54:37.155Z] > authorizing via signed-in user (chamellion555@gmail.com)
[debug] [2025-11-22T23:54:37.156Z] > command requires scopes: ["email","openid","https://www.googleapis.com/auth/cloudplatformprojects.readonly","https://www.googleapis.com/auth/firebase","https://www.googleapis.com/auth/cloud-platform"]
[debug] [2025-11-22T23:54:37.156Z] > authorizing via signed-in user (chamellion555@gmail.com)
[debug] [2025-11-22T23:54:37.178Z] > command requires scopes: ["email","openid","https://www.googleapis.com/auth/cloudplatformprojects.readonly","https://www.googleapis.com/auth/firebase","https://www.googleapis.com/auth/cloud-platform"]
[debug] [2025-11-22T23:54:37.178Z] > authorizing via signed-in user (chamellion555@gmail.com)
[debug] [2025-11-22T23:54:37.178Z] > command requires scopes: ["email","openid","https://www.googleapis.com/auth/cloudplatformprojects.readonly","https://www.googleapis.com/auth/firebase","https://www.googleapis.com/auth/cloud-platform"]
[debug] [2025-11-22T23:54:37.178Z] > authorizing via signed-in user (chamellion555@gmail.com)
[debug] [2025-11-22T23:54:37.179Z] > command requires scopes: ["email","openid","https://www.googleapis.com/auth/cloudplatformprojects.readonly","https://www.googleapis.com/auth/firebase","https://www.googleapis.com/auth/cloud-platform"]
[debug] [2025-11-22T23:54:37.179Z] > authorizing via signed-in user (chamellion555@gmail.com)
[debug] [2025-11-22T23:54:37.180Z] > command requires scopes: ["email","openid","https://www.googleapis.com/auth/cloudplatformprojects.readonly","https://www.googleapis.com/auth/firebase","https://www.googleapis.com/auth/cloud-platform"]
[debug] [2025-11-22T23:54:37.180Z] > authorizing via signed-in user (chamellion555@gmail.com)
[debug] [2025-11-22T23:54:37.188Z] > command requires scopes: ["email","openid","https://www.googleapis.com/auth/cloudplatformprojects.readonly","https://www.googleapis.com/auth/firebase","https://www.googleapis.com/auth/cloud-platform"]
[debug] [2025-11-22T23:54:37.188Z] > authorizing via signed-in user (chamellion555@gmail.com)
[debug] [2025-11-22T23:54:37.188Z] > command requires scopes: ["email","openid","https://www.googleapis.com/auth/cloudplatformprojects.readonly","https://www.googleapis.com/auth/firebase","https://www.googleapis.com/auth/cloud-platform"]
[debug] [2025-11-22T23:54:37.188Z] > authorizing via signed-in user (chamellion555@gmail.com)
[debug] [2025-11-22T23:55:37.272Z] > command requires scopes: ["email","openid","https://www.googleapis.com/auth/cloudplatformprojects.readonly","https://www.googleapis.com/auth/firebase","https://www.googleapis.com/auth/cloud-platform"]
[debug] [2025-11-22T23:55:37.274Z] > authorizing via signed-in user (chamellion555@gmail.com)
[debug] [2025-11-22T23:55:37.276Z] Checked if tokens are valid: true, expires at: 1763859266654
[debug] [2025-11-22T23:55:37.276Z] Checked if tokens are valid: true, expires at: 1763859266654
[debug] [2025-11-22T23:55:37.276Z] Checked if tokens are valid: true, expires at: 1763859266654
[debug] [2025-11-22T23:55:37.276Z] Checked if tokens are valid: true, expires at: 1763859266654
[debug] [2025-11-22T23:55:37.279Z] Checked if tokens are valid: true, expires at: 1763859266654
[debug] [2025-11-22T23:55:37.279Z] Checked if tokens are valid: true, expires at: 1763859266654
[debug] [2025-11-22T23:55:37.279Z] Checked if tokens are valid: true, expires at: 1763859266654
[debug] [2025-11-22T23:55:37.279Z] Checked if tokens are valid: true, expires at: 1763859266654
[debug] [2025-11-22T23:55:37.280Z] >>> [apiv2][query] GET https://serviceusage.googleapis.com/v1/projects/rccgplaceofvictory/services/firebasedataconnect.googleapis.com [none]
[debug] [2025-11-22T23:55:37.280Z] >>> [apiv2][(partial)header] GET https://serviceusage.googleapis.com/v1/projects/rccgplaceofvictory/services/firebasedataconnect.googleapis.com x-goog-quota-user=projects/rccgplaceofvictory
[debug] [2025-11-22T23:55:37.280Z] >>> [apiv2][query] GET https://serviceusage.googleapis.com/v1/projects/rccgplaceofvictory/services/cloudfunctions.googleapis.com [none]
[debug] [2025-11-22T23:55:37.280Z] >>> [apiv2][(partial)header] GET https://serviceusage.googleapis.com/v1/projects/rccgplaceofvictory/services/cloudfunctions.googleapis.com x-goog-quota-user=projects/rccgplaceofvictory
[debug] [2025-11-22T23:55:37.281Z] >>> [apiv2][query] GET https://serviceusage.googleapis.com/v1/projects/rccgplaceofvictory/services/firebaseapphosting.googleapis.com [none]
[debug] [2025-11-22T23:55:37.281Z] >>> [apiv2][(partial)header] GET https://serviceusage.googleapis.com/v1/projects/rccgplaceofvictory/services/firebaseapphosting.googleapis.com x-goog-quota-user=projects/rccgplaceofvictory
[debug] [2025-11-22T23:55:37.281Z] >>> [apiv2][query] GET https://serviceusage.googleapis.com/v1/projects/rccgplaceofvictory/services/firebaseio.com [none]
[debug] [2025-11-22T23:55:37.281Z] >>> [apiv2][(partial)header] GET https://serviceusage.googleapis.com/v1/projects/rccgplaceofvictory/services/firebaseio.com x-goog-quota-user=projects/rccgplaceofvictory
[debug] [2025-11-22T23:55:37.709Z] > command requires scopes: ["email","openid","https://www.googleapis.com/auth/cloudplatformprojects.readonly","https://www.googleapis.com/auth/firebase","https://www.googleapis.com/auth/cloud-platform"]
[debug] [2025-11-22T23:55:37.709Z] > authorizing via signed-in user (chamellion555@gmail.com)
[debug] [2025-11-22T23:55:37.710Z] Checked if tokens are valid: true, expires at: 1763859266654
[debug] [2025-11-22T23:55:37.710Z] Checked if tokens are valid: true, expires at: 1763859266654
[debug] [2025-11-22T23:55:37.710Z] Checked if tokens are valid: true, expires at: 1763859266654
[debug] [2025-11-22T23:55:37.710Z] Checked if tokens are valid: true, expires at: 1763859266654
[debug] [2025-11-22T23:55:37.711Z] Checked if tokens are valid: true, expires at: 1763859266654
[debug] [2025-11-22T23:55:37.711Z] Checked if tokens are valid: true, expires at: 1763859266654
[debug] [2025-11-22T23:55:37.711Z] Checked if tokens are valid: true, expires at: 1763859266654
[debug] [2025-11-22T23:55:37.711Z] Checked if tokens are valid: true, expires at: 1763859266654
[debug] [2025-11-22T23:55:37.712Z] >>> [apiv2][query] GET https://serviceusage.googleapis.com/v1/projects/rccgplaceofvictory/services/firebasedataconnect.googleapis.com [none]
[debug] [2025-11-22T23:55:37.712Z] >>> [apiv2][(partial)header] GET https://serviceusage.googleapis.com/v1/projects/rccgplaceofvictory/services/firebasedataconnect.googleapis.com x-goog-quota-user=projects/rccgplaceofvictory
[debug] [2025-11-22T23:55:37.713Z] >>> [apiv2][query] GET https://serviceusage.googleapis.com/v1/projects/rccgplaceofvictory/services/cloudfunctions.googleapis.com [none]
[debug] [2025-11-22T23:55:37.713Z] >>> [apiv2][(partial)header] GET https://serviceusage.googleapis.com/v1/projects/rccgplaceofvictory/services/cloudfunctions.googleapis.com x-goog-quota-user=projects/rccgplaceofvictory
[debug] [2025-11-22T23:55:37.714Z] >>> [apiv2][query] GET https://serviceusage.googleapis.com/v1/projects/rccgplaceofvictory/services/firebaseapphosting.googleapis.com [none]
[debug] [2025-11-22T23:55:37.714Z] >>> [apiv2][(partial)header] GET https://serviceusage.googleapis.com/v1/projects/rccgplaceofvictory/services/firebaseapphosting.googleapis.com x-goog-quota-user=projects/rccgplaceofvictory
[debug] [2025-11-22T23:55:37.715Z] >>> [apiv2][query] GET https://serviceusage.googleapis.com/v1/projects/rccgplaceofvictory/services/firebaseio.com [none]
[debug] [2025-11-22T23:55:37.715Z] >>> [apiv2][(partial)header] GET https://serviceusage.googleapis.com/v1/projects/rccgplaceofvictory/services/firebaseio.com x-goog-quota-user=projects/rccgplaceofvictory
[debug] [2025-11-22T23:55:37.961Z] <<< [apiv2][status] GET https://serviceusage.googleapis.com/v1/projects/rccgplaceofvictory/services/firebaseio.com 403
[debug] [2025-11-22T23:55:37.961Z] <<< [apiv2][body] GET https://serviceusage.googleapis.com/v1/projects/rccgplaceofvictory/services/firebaseio.com [omitted]
[debug] [2025-11-22T23:55:38.074Z] <<< [apiv2][status] GET https://serviceusage.googleapis.com/v1/projects/rccgplaceofvictory/services/firebaseapphosting.googleapis.com 200
[debug] [2025-11-22T23:55:38.074Z] <<< [apiv2][body] GET https://serviceusage.googleapis.com/v1/projects/rccgplaceofvictory/services/firebaseapphosting.googleapis.com [omitted]
[debug] [2025-11-22T23:55:38.075Z] <<< [apiv2][status] GET https://serviceusage.googleapis.com/v1/projects/rccgplaceofvictory/services/cloudfunctions.googleapis.com 200
[debug] [2025-11-22T23:55:38.076Z] <<< [apiv2][body] GET https://serviceusage.googleapis.com/v1/projects/rccgplaceofvictory/services/cloudfunctions.googleapis.com [omitted]
[debug] [2025-11-22T23:55:38.077Z] <<< [apiv2][status] GET https://serviceusage.googleapis.com/v1/projects/rccgplaceofvictory/services/firebasedataconnect.googleapis.com 200
[debug] [2025-11-22T23:55:38.077Z] <<< [apiv2][body] GET https://serviceusage.googleapis.com/v1/projects/rccgplaceofvictory/services/firebasedataconnect.googleapis.com [omitted]
[debug] [2025-11-22T23:55:38.355Z] <<< [apiv2][status] GET https://serviceusage.googleapis.com/v1/projects/rccgplaceofvictory/services/firebaseio.com 403
[debug] [2025-11-22T23:55:38.356Z] <<< [apiv2][body] GET https://serviceusage.googleapis.com/v1/projects/rccgplaceofvictory/services/firebaseio.com [omitted]
[debug] [2025-11-22T23:55:38.504Z] <<< [apiv2][status] GET https://serviceusage.googleapis.com/v1/projects/rccgplaceofvictory/services/cloudfunctions.googleapis.com 200
[debug] [2025-11-22T23:55:38.504Z] <<< [apiv2][body] GET https://serviceusage.googleapis.com/v1/projects/rccgplaceofvictory/services/cloudfunctions.googleapis.com [omitted]
[debug] [2025-11-22T23:55:38.509Z] <<< [apiv2][status] GET https://serviceusage.googleapis.com/v1/projects/rccgplaceofvictory/services/firebaseapphosting.googleapis.com 200
[debug] [2025-11-22T23:55:38.509Z] <<< [apiv2][body] GET https://serviceusage.googleapis.com/v1/projects/rccgplaceofvictory/services/firebaseapphosting.googleapis.com [omitted]
[debug] [2025-11-22T23:55:38.514Z] <<< [apiv2][status] GET https://serviceusage.googleapis.com/v1/projects/rccgplaceofvictory/services/firebasedataconnect.googleapis.com 200
[debug] [2025-11-22T23:55:38.514Z] <<< [apiv2][body] GET https://serviceusage.googleapis.com/v1/projects/rccgplaceofvictory/services/firebasedataconnect.googleapis.com [omitted]
[debug] [2025-11-22T23:55:38.549Z] > command requires scopes: ["email","openid","https://www.googleapis.com/auth/cloudplatformprojects.readonly","https://www.googleapis.com/auth/firebase","https://www.googleapis.com/auth/cloud-platform"]
[debug] [2025-11-22T23:55:38.549Z] > authorizing via signed-in user (chamellion555@gmail.com)
[debug] [2025-11-22T23:55:38.550Z] > command requires scopes: ["email","openid","https://www.googleapis.com/auth/cloudplatformprojects.readonly","https://www.googleapis.com/auth/firebase","https://www.googleapis.com/auth/cloud-platform"]
[debug] [2025-11-22T23:55:38.550Z] > authorizing via signed-in user (chamellion555@gmail.com)
[debug] [2025-11-22T23:55:38.575Z] > command requires scopes: ["email","openid","https://www.googleapis.com/auth/cloudplatformprojects.readonly","https://www.googleapis.com/auth/firebase","https://www.googleapis.com/auth/cloud-platform"]
[debug] [2025-11-22T23:55:38.575Z] > authorizing via signed-in user (chamellion555@gmail.com)
[debug] [2025-11-22T23:55:38.576Z] > command requires scopes: ["email","openid","https://www.googleapis.com/auth/cloudplatformprojects.readonly","https://www.googleapis.com/auth/firebase","https://www.googleapis.com/auth/cloud-platform"]
[debug] [2025-11-22T23:55:38.576Z] > authorizing via signed-in user (chamellion555@gmail.com)
[debug] [2025-11-23T00:47:36.825Z] > command requires scopes: ["email","openid","https://www.googleapis.com/auth/cloudplatformprojects.readonly","https://www.googleapis.com/auth/firebase","https://www.googleapis.com/auth/cloud-platform"]
[debug] [2025-11-23T00:47:36.827Z] > authorizing via signed-in user (chamellion555@gmail.com)
[debug] [2025-11-23T00:47:36.829Z] Checked if tokens are valid: false, expires at: 1763859266654
[debug] [2025-11-23T00:47:36.829Z] Checked if tokens are valid: false, expires at: 1763859266654
[debug] [2025-11-23T00:47:36.830Z] > refreshing access token with scopes: []
[debug] [2025-11-23T00:47:36.830Z] >>> [apiv2][query] POST https://www.googleapis.com/oauth2/v3/token [none]
[debug] [2025-11-23T00:47:36.830Z] >>> [apiv2][body] POST https://www.googleapis.com/oauth2/v3/token [omitted]
[debug] [2025-11-23T00:47:36.831Z] Checked if tokens are valid: false, expires at: 1763859266654
[debug] [2025-11-23T00:47:36.831Z] Checked if tokens are valid: false, expires at: 1763859266654
[debug] [2025-11-23T00:47:36.831Z] > refreshing access token with scopes: []
[debug] [2025-11-23T00:47:36.832Z] >>> [apiv2][query] POST https://www.googleapis.com/oauth2/v3/token [none]
[debug] [2025-11-23T00:47:36.832Z] >>> [apiv2][body] POST https://www.googleapis.com/oauth2/v3/token [omitted]
[debug] [2025-11-23T00:47:36.835Z] Checked if tokens are valid: false, expires at: 1763859266654
[debug] [2025-11-23T00:47:36.835Z] Checked if tokens are valid: false, expires at: 1763859266654
[debug] [2025-11-23T00:47:36.835Z] > refreshing access token with scopes: []
[debug] [2025-11-23T00:47:36.835Z] >>> [apiv2][query] POST https://www.googleapis.com/oauth2/v3/token [none]
[debug] [2025-11-23T00:47:36.835Z] >>> [apiv2][body] POST https://www.googleapis.com/oauth2/v3/token [omitted]
[debug] [2025-11-23T00:47:36.835Z] Checked if tokens are valid: false, expires at: 1763859266654
[debug] [2025-11-23T00:47:36.835Z] Checked if tokens are valid: false, expires at: 1763859266654
[debug] [2025-11-23T00:47:36.835Z] > refreshing access token with scopes: []
[debug] [2025-11-23T00:47:36.836Z] >>> [apiv2][query] POST https://www.googleapis.com/oauth2/v3/token [none]
[debug] [2025-11-23T00:47:36.836Z] >>> [apiv2][body] POST https://www.googleapis.com/oauth2/v3/token [omitted]
[debug] [2025-11-23T00:47:37.001Z] <<< [apiv2][status] POST https://www.googleapis.com/oauth2/v3/token 200
[debug] [2025-11-23T00:47:37.001Z] <<< [apiv2][body] POST https://www.googleapis.com/oauth2/v3/token [omitted]
[debug] [2025-11-23T00:47:37.024Z] >>> [apiv2][query] GET https://serviceusage.googleapis.com/v1/projects/rccgplaceofvictory/services/cloudfunctions.googleapis.com [none]
[debug] [2025-11-23T00:47:37.024Z] >>> [apiv2][(partial)header] GET https://serviceusage.googleapis.com/v1/projects/rccgplaceofvictory/services/cloudfunctions.googleapis.com x-goog-quota-user=projects/rccgplaceofvictory
[debug] [2025-11-23T00:47:37.026Z] <<< [apiv2][status] POST https://www.googleapis.com/oauth2/v3/token 200
[debug] [2025-11-23T00:47:37.026Z] <<< [apiv2][body] POST https://www.googleapis.com/oauth2/v3/token [omitted]
[debug] [2025-11-23T00:47:37.040Z] >>> [apiv2][query] GET https://serviceusage.googleapis.com/v1/projects/rccgplaceofvictory/services/firebaseio.com [none]
[debug] [2025-11-23T00:47:37.040Z] >>> [apiv2][(partial)header] GET https://serviceusage.googleapis.com/v1/projects/rccgplaceofvictory/services/firebaseio.com x-goog-quota-user=projects/rccgplaceofvictory
[debug] [2025-11-23T00:47:37.041Z] <<< [apiv2][status] POST https://www.googleapis.com/oauth2/v3/token 200
[debug] [2025-11-23T00:47:37.041Z] <<< [apiv2][body] POST https://www.googleapis.com/oauth2/v3/token [omitted]
[debug] [2025-11-23T00:47:37.049Z] >>> [apiv2][query] GET https://serviceusage.googleapis.com/v1/projects/rccgplaceofvictory/services/firebaseapphosting.googleapis.com [none]
[debug] [2025-11-23T00:47:37.049Z] >>> [apiv2][(partial)header] GET https://serviceusage.googleapis.com/v1/projects/rccgplaceofvictory/services/firebaseapphosting.googleapis.com x-goog-quota-user=projects/rccgplaceofvictory
[debug] [2025-11-23T00:47:37.051Z] <<< [apiv2][status] POST https://www.googleapis.com/oauth2/v3/token 200
[debug] [2025-11-23T00:47:37.051Z] <<< [apiv2][body] POST https://www.googleapis.com/oauth2/v3/token [omitted]
[debug] [2025-11-23T00:47:37.059Z] >>> [apiv2][query] GET https://serviceusage.googleapis.com/v1/projects/rccgplaceofvictory/services/firebasedataconnect.googleapis.com [none]
[debug] [2025-11-23T00:47:37.059Z] >>> [apiv2][(partial)header] GET https://serviceusage.googleapis.com/v1/projects/rccgplaceofvictory/services/firebasedataconnect.googleapis.com x-goog-quota-user=projects/rccgplaceofvictory
[debug] [2025-11-23T00:47:37.620Z] > command requires scopes: ["email","openid","https://www.googleapis.com/auth/cloudplatformprojects.readonly","https://www.googleapis.com/auth/firebase","https://www.googleapis.com/auth/cloud-platform"]
[debug] [2025-11-23T00:47:37.620Z] > authorizing via signed-in user (chamellion555@gmail.com)
[debug] [2025-11-23T00:47:37.621Z] Checked if tokens are valid: true, expires at: 1763862456051
[debug] [2025-11-23T00:47:37.621Z] Checked if tokens are valid: true, expires at: 1763862456051
[debug] [2025-11-23T00:47:37.621Z] Checked if tokens are valid: true, expires at: 1763862456051
[debug] [2025-11-23T00:47:37.621Z] Checked if tokens are valid: true, expires at: 1763862456051
[debug] [2025-11-23T00:47:37.622Z] Checked if tokens are valid: true, expires at: 1763862456051
[debug] [2025-11-23T00:47:37.622Z] Checked if tokens are valid: true, expires at: 1763862456051
[debug] [2025-11-23T00:47:37.622Z] Checked if tokens are valid: true, expires at: 1763862456051
[debug] [2025-11-23T00:47:37.622Z] Checked if tokens are valid: true, expires at: 1763862456051
[debug] [2025-11-23T00:47:37.622Z] >>> [apiv2][query] GET https://serviceusage.googleapis.com/v1/projects/rccgplaceofvictory/services/firebasedataconnect.googleapis.com [none]
[debug] [2025-11-23T00:47:37.622Z] >>> [apiv2][(partial)header] GET https://serviceusage.googleapis.com/v1/projects/rccgplaceofvictory/services/firebasedataconnect.googleapis.com x-goog-quota-user=projects/rccgplaceofvictory
[debug] [2025-11-23T00:47:37.624Z] >>> [apiv2][query] GET https://serviceusage.googleapis.com/v1/projects/rccgplaceofvictory/services/cloudfunctions.googleapis.com [none]
[debug] [2025-11-23T00:47:37.624Z] >>> [apiv2][(partial)header] GET https://serviceusage.googleapis.com/v1/projects/rccgplaceofvictory/services/cloudfunctions.googleapis.com x-goog-quota-user=projects/rccgplaceofvictory
[debug] [2025-11-23T00:47:37.624Z] >>> [apiv2][query] GET https://serviceusage.googleapis.com/v1/projects/rccgplaceofvictory/services/firebaseapphosting.googleapis.com [none]
[debug] [2025-11-23T00:47:37.624Z] >>> [apiv2][(partial)header] GET https://serviceusage.googleapis.com/v1/projects/rccgplaceofvictory/services/firebaseapphosting.googleapis.com x-goog-quota-user=projects/rccgplaceofvictory
[debug] [2025-11-23T00:47:37.625Z] >>> [apiv2][query] GET https://serviceusage.googleapis.com/v1/projects/rccgplaceofvictory/services/firebaseio.com [none]
[debug] [2025-11-23T00:47:37.625Z] >>> [apiv2][(partial)header] GET https://serviceusage.googleapis.com/v1/projects/rccgplaceofvictory/services/firebaseio.com x-goog-quota-user=projects/rccgplaceofvictory
[debug] [2025-11-23T00:47:37.774Z] <<< [apiv2][status] GET https://serviceusage.googleapis.com/v1/projects/rccgplaceofvictory/services/firebaseio.com 403
[debug] [2025-11-23T00:47:37.775Z] <<< [apiv2][body] GET https://serviceusage.googleapis.com/v1/projects/rccgplaceofvictory/services/firebaseio.com [omitted]
[debug] [2025-11-23T00:47:37.908Z] <<< [apiv2][status] GET https://serviceusage.googleapis.com/v1/projects/rccgplaceofvictory/services/firebasedataconnect.googleapis.com 200
[debug] [2025-11-23T00:47:37.909Z] <<< [apiv2][body] GET https://serviceusage.googleapis.com/v1/projects/rccgplaceofvictory/services/firebasedataconnect.googleapis.com [omitted]
[debug] [2025-11-23T00:47:37.912Z] <<< [apiv2][status] GET https://serviceusage.googleapis.com/v1/projects/rccgplaceofvictory/services/firebaseapphosting.googleapis.com 200
[debug] [2025-11-23T00:47:37.912Z] <<< [apiv2][body] GET https://serviceusage.googleapis.com/v1/projects/rccgplaceofvictory/services/firebaseapphosting.googleapis.com [omitted]
[debug] [2025-11-23T00:47:37.925Z] <<< [apiv2][status] GET https://serviceusage.googleapis.com/v1/projects/rccgplaceofvictory/services/cloudfunctions.googleapis.com 200
[debug] [2025-11-23T00:47:37.925Z] <<< [apiv2][body] GET https://serviceusage.googleapis.com/v1/projects/rccgplaceofvictory/services/cloudfunctions.googleapis.com [omitted]
[debug] [2025-11-23T00:47:38.365Z] <<< [apiv2][status] GET https://serviceusage.googleapis.com/v1/projects/rccgplaceofvictory/services/firebaseio.com 403
[debug] [2025-11-23T00:47:38.365Z] <<< [apiv2][body] GET https://serviceusage.googleapis.com/v1/projects/rccgplaceofvictory/services/firebaseio.com [omitted]
[debug] [2025-11-23T00:47:38.719Z] <<< [apiv2][status] GET https://serviceusage.googleapis.com/v1/projects/rccgplaceofvictory/services/firebaseapphosting.googleapis.com 200
[debug] [2025-11-23T00:47:38.719Z] <<< [apiv2][body] GET https://serviceusage.googleapis.com/v1/projects/rccgplaceofvictory/services/firebaseapphosting.googleapis.com [omitted]
[debug] [2025-11-23T00:47:38.721Z] <<< [apiv2][status] GET https://serviceusage.googleapis.com/v1/projects/rccgplaceofvictory/services/firebasedataconnect.googleapis.com 200
[debug] [2025-11-23T00:47:38.721Z] <<< [apiv2][body] GET https://serviceusage.googleapis.com/v1/projects/rccgplaceofvictory/services/firebasedataconnect.googleapis.com [omitted]
[debug] [2025-11-23T00:47:38.727Z] <<< [apiv2][status] GET https://serviceusage.googleapis.com/v1/projects/rccgplaceofvictory/services/cloudfunctions.googleapis.com 200
[debug] [2025-11-23T00:47:38.727Z] <<< [apiv2][body] GET https://serviceusage.googleapis.com/v1/projects/rccgplaceofvictory/services/cloudfunctions.googleapis.com [omitted]
[debug] [2025-11-23T00:47:38.765Z] > command requires scopes: ["email","openid","https://www.googleapis.com/auth/cloudplatformprojects.readonly","https://www.googleapis.com/auth/firebase","https://www.googleapis.com/auth/cloud-platform"]
[debug] [2025-11-23T00:47:38.766Z] > authorizing via signed-in user (chamellion555@gmail.com)
[debug] [2025-11-23T00:47:38.768Z] > command requires scopes: ["email","openid","https://www.googleapis.com/auth/cloudplatformprojects.readonly","https://www.googleapis.com/auth/firebase","https://www.googleapis.com/auth/cloud-platform"]
[debug] [2025-11-23T00:47:38.768Z] > authorizing via signed-in user (chamellion555@gmail.com)
[debug] [2025-11-23T00:47:38.805Z] > command requires scopes: ["email","openid","https://www.googleapis.com/auth/cloudplatformprojects.readonly","https://www.googleapis.com/auth/firebase","https://www.googleapis.com/auth/cloud-platform"]
[debug] [2025-11-23T00:47:38.805Z] > authorizing via signed-in user (chamellion555@gmail.com)
[debug] [2025-11-23T00:47:38.806Z] > command requires scopes: ["email","openid","https://www.googleapis.com/auth/cloudplatformprojects.readonly","https://www.googleapis.com/auth/firebase","https://www.googleapis.com/auth/cloud-platform"]
[debug] [2025-11-23T00:47:38.807Z] > authorizing via signed-in user (chamellion555@gmail.com)
[debug] [2025-11-23T00:47:42.094Z] > command requires scopes: ["email","openid","https://www.googleapis.com/auth/cloudplatformprojects.readonly","https://www.googleapis.com/auth/firebase","https://www.googleapis.com/auth/cloud-platform"]
[debug] [2025-11-23T00:47:42.094Z] > authorizing via signed-in user (chamellion555@gmail.com)
[debug] [2025-11-23T00:47:42.094Z] > command requires scopes: ["email","openid","https://www.googleapis.com/auth/cloudplatformprojects.readonly","https://www.googleapis.com/auth/firebase","https://www.googleapis.com/auth/cloud-platform"]
[debug] [2025-11-23T00:47:42.094Z] > authorizing via signed-in user (chamellion555@gmail.com)
[debug] [2025-11-23T00:47:42.129Z] > command requires scopes: ["email","openid","https://www.googleapis.com/auth/cloudplatformprojects.readonly","https://www.googleapis.com/auth/firebase","https://www.googleapis.com/auth/cloud-platform"]
[debug] [2025-11-23T00:47:42.129Z] > authorizing via signed-in user (chamellion555@gmail.com)
[debug] [2025-11-23T00:47:42.129Z] > command requires scopes: ["email","openid","https://www.googleapis.com/auth/cloudplatformprojects.readonly","https://www.googleapis.com/auth/firebase","https://www.googleapis.com/auth/cloud-platform"]
[debug] [2025-11-23T00:47:42.129Z] > authorizing via signed-in user (chamellion555@gmail.com)
